[INFO] 2025-12-10 20:53:15,405 - main - ===== Training Mode =====
[INFO] 2025-12-10 20:53:15,405 - main - Training protocol: atomic_commit with 4 players and 2 rounds.
[INFO] 2025-12-10 20:53:15,405 - main - Initializing the environment and model...
[INFO] 2025-12-10 20:53:15,658 - main - Generating all possible input patterns...
[INFO] 2025-12-10 20:53:15,660 - main - Input patterns generated.
[INFO] 2025-12-10 20:53:15,660 - main - Starting training...
[INFO] 2025-12-10 20:53:15,660 - main - Epoch 1/100, training on 69 failed cases from last evaluation.
[DEBUG] 2025-12-10 20:53:15,675 - model.dqn - Training loss: None
[DEBUG] 2025-12-10 20:53:15,955 - model.dqn - Training loss: 0.2544238567352295
[DEBUG] 2025-12-10 20:53:16,232 - model.dqn - Training loss: 0.11596833914518356
[DEBUG] 2025-12-10 20:53:16,492 - model.dqn - Training loss: 0.06712997704744339
[DEBUG] 2025-12-10 20:53:16,740 - model.dqn - Training loss: 0.053708020597696304
[DEBUG] 2025-12-10 20:53:16,998 - model.dqn - Training loss: 0.026617255061864853
[DEBUG] 2025-12-10 20:53:17,249 - model.dqn - Training loss: 0.18616101145744324
[DEBUG] 2025-12-10 20:53:17,494 - model.dqn - Training loss: 0.08487075567245483
[DEBUG] 2025-12-10 20:53:17,739 - model.dqn - Training loss: 0.05819719657301903
[DEBUG] 2025-12-10 20:53:17,989 - model.dqn - Training loss: 0.026446960866451263
[DEBUG] 2025-12-10 20:53:18,238 - model.dqn - Training loss: 0.011213929392397404
[DEBUG] 2025-12-10 20:53:18,493 - model.dqn - Training loss: 0.02458222024142742
[DEBUG] 2025-12-10 20:53:18,747 - model.dqn - Training loss: 0.00849277526140213
[DEBUG] 2025-12-10 20:53:19,000 - model.dqn - Training loss: 0.01361062005162239
[DEBUG] 2025-12-10 20:53:19,281 - model.dqn - Training loss: 0.01248961966484785
[DEBUG] 2025-12-10 20:53:19,550 - model.dqn - Training loss: 0.04217568039894104
[DEBUG] 2025-12-10 20:53:19,817 - model.dqn - Training loss: 0.00976033415645361
[DEBUG] 2025-12-10 20:53:20,072 - model.dqn - Training loss: 0.0025799807626754045
[DEBUG] 2025-12-10 20:53:20,330 - model.dqn - Training loss: 0.2965303957462311
[DEBUG] 2025-12-10 20:53:20,590 - model.dqn - Training loss: 0.467797189950943
[DEBUG] 2025-12-10 20:53:20,846 - model.dqn - Training loss: 0.3190712630748749
[DEBUG] 2025-12-10 20:53:21,095 - model.dqn - Training loss: 0.593786358833313
[DEBUG] 2025-12-10 20:53:21,345 - model.dqn - Training loss: 0.4564262628555298
[DEBUG] 2025-12-10 20:53:21,592 - model.dqn - Training loss: 0.758547306060791
[DEBUG] 2025-12-10 20:53:21,845 - model.dqn - Training loss: 0.5686861872673035
[DEBUG] 2025-12-10 20:53:22,097 - model.dqn - Training loss: 0.65058833360672
[DEBUG] 2025-12-10 20:53:22,350 - model.dqn - Training loss: 0.590309739112854
[DEBUG] 2025-12-10 20:53:22,605 - model.dqn - Training loss: 0.32732272148132324
[DEBUG] 2025-12-10 20:53:22,885 - model.dqn - Training loss: 0.48780202865600586
[DEBUG] 2025-12-10 20:53:23,146 - model.dqn - Training loss: 0.4683035910129547
[DEBUG] 2025-12-10 20:53:23,403 - model.dqn - Training loss: 0.23238466680049896
[DEBUG] 2025-12-10 20:53:23,663 - model.dqn - Training loss: 0.2458728402853012
[DEBUG] 2025-12-10 20:53:23,920 - model.dqn - Training loss: 0.223134845495224
[DEBUG] 2025-12-10 20:53:24,180 - model.dqn - Training loss: 0.2914094626903534
[DEBUG] 2025-12-10 20:53:24,436 - model.dqn - Training loss: 0.4455082416534424
[DEBUG] 2025-12-10 20:53:24,700 - model.dqn - Training loss: 0.4265599846839905
[DEBUG] 2025-12-10 20:53:24,955 - model.dqn - Training loss: 0.293587863445282
[DEBUG] 2025-12-10 20:53:25,215 - model.dqn - Training loss: 0.48306936025619507
[DEBUG] 2025-12-10 20:53:25,469 - model.dqn - Training loss: 0.19369569420814514
[DEBUG] 2025-12-10 20:53:25,726 - model.dqn - Training loss: 0.5237162709236145
[DEBUG] 2025-12-10 20:53:25,982 - model.dqn - Training loss: 0.37448009848594666
[DEBUG] 2025-12-10 20:53:26,239 - model.dqn - Training loss: 0.10546225309371948
[DEBUG] 2025-12-10 20:53:26,496 - model.dqn - Training loss: 0.1328161656856537
[DEBUG] 2025-12-10 20:53:26,751 - model.dqn - Training loss: 0.36742305755615234
[DEBUG] 2025-12-10 20:53:27,014 - model.dqn - Training loss: 0.149943009018898
[DEBUG] 2025-12-10 20:53:27,281 - model.dqn - Training loss: 0.09973802417516708
[DEBUG] 2025-12-10 20:53:27,550 - model.dqn - Training loss: 0.30807656049728394
[DEBUG] 2025-12-10 20:53:27,816 - model.dqn - Training loss: 0.34984561800956726
[DEBUG] 2025-12-10 20:53:28,074 - model.dqn - Training loss: 0.152147114276886
[DEBUG] 2025-12-10 20:53:28,328 - model.dqn - Training loss: 0.10876496136188507
[DEBUG] 2025-12-10 20:53:28,600 - model.dqn - Training loss: 0.06977030634880066
[DEBUG] 2025-12-10 20:53:28,872 - model.dqn - Training loss: 0.5048605799674988
[DEBUG] 2025-12-10 20:53:29,134 - model.dqn - Training loss: 0.3278270959854126
[DEBUG] 2025-12-10 20:53:29,393 - model.dqn - Training loss: 0.34994739294052124
[DEBUG] 2025-12-10 20:53:29,669 - model.dqn - Training loss: 0.1525239199399948
[DEBUG] 2025-12-10 20:53:29,937 - model.dqn - Training loss: 0.31925341486930847
[DEBUG] 2025-12-10 20:53:30,205 - model.dqn - Training loss: 0.13512295484542847
[DEBUG] 2025-12-10 20:53:30,486 - model.dqn - Training loss: 0.10365618020296097
[DEBUG] 2025-12-10 20:53:30,806 - model.dqn - Training loss: 0.4310482442378998
[DEBUG] 2025-12-10 20:53:31,071 - model.dqn - Training loss: 0.09726518392562866
[DEBUG] 2025-12-10 20:53:31,333 - model.dqn - Training loss: 0.15680928528308868
[DEBUG] 2025-12-10 20:53:31,595 - model.dqn - Training loss: 0.22091802954673767
[DEBUG] 2025-12-10 20:53:31,858 - model.dqn - Training loss: 0.3031822443008423
[DEBUG] 2025-12-10 20:53:32,118 - model.dqn - Training loss: 0.08192261308431625
[DEBUG] 2025-12-10 20:53:32,374 - model.dqn - Training loss: 0.13108384609222412
[DEBUG] 2025-12-10 20:53:32,638 - model.dqn - Training loss: 0.22956529259681702
[DEBUG] 2025-12-10 20:53:32,895 - model.dqn - Training loss: 0.34390726685523987
[DEBUG] 2025-12-10 20:53:33,150 - model.dqn - Training loss: 0.15853701531887054
[DEBUG] 2025-12-10 20:53:33,415 - model.dqn - Training loss: 0.21929888427257538
[DEBUG] 2025-12-10 20:53:33,683 - model.dqn - Training loss: 0.12256324291229248
[DEBUG] 2025-12-10 20:53:33,950 - model.dqn - Training loss: 0.30707818269729614
[DEBUG] 2025-12-10 20:53:34,209 - model.dqn - Training loss: 0.12106797844171524
[DEBUG] 2025-12-10 20:53:34,460 - model.dqn - Training loss: 0.20997808873653412
[DEBUG] 2025-12-10 20:53:34,716 - model.dqn - Training loss: 0.32984036207199097
[DEBUG] 2025-12-10 20:53:34,975 - model.dqn - Training loss: 0.11759701371192932
[DEBUG] 2025-12-10 20:53:35,232 - model.dqn - Training loss: 0.1535811424255371
[DEBUG] 2025-12-10 20:53:35,492 - model.dqn - Training loss: 0.16691115498542786
[DEBUG] 2025-12-10 20:53:35,753 - model.dqn - Training loss: 0.26668432354927063
[DEBUG] 2025-12-10 20:53:36,020 - model.dqn - Training loss: 0.19828304648399353
[DEBUG] 2025-12-10 20:53:36,286 - model.dqn - Training loss: 0.10988039523363113
[DEBUG] 2025-12-10 20:53:36,559 - model.dqn - Training loss: 0.08268193900585175
[DEBUG] 2025-12-10 20:53:36,840 - model.dqn - Training loss: 0.2668268084526062
[DEBUG] 2025-12-10 20:53:37,119 - model.dqn - Training loss: 0.0545748807489872
[DEBUG] 2025-12-10 20:53:37,379 - model.dqn - Training loss: 0.16124480962753296
[DEBUG] 2025-12-10 20:53:37,644 - model.dqn - Training loss: 0.19684159755706787
[DEBUG] 2025-12-10 20:53:37,905 - model.dqn - Training loss: 0.5766950845718384
[DEBUG] 2025-12-10 20:53:38,161 - model.dqn - Training loss: 0.0035144120920449495
[DEBUG] 2025-12-10 20:53:38,417 - model.dqn - Training loss: 0.006076262332499027
[DEBUG] 2025-12-10 20:53:38,670 - model.dqn - Training loss: 0.17712238430976868
[DEBUG] 2025-12-10 20:53:38,935 - model.dqn - Training loss: 0.30351534485816956
[DEBUG] 2025-12-10 20:53:39,199 - model.dqn - Training loss: 0.2234850376844406
[DEBUG] 2025-12-10 20:53:39,472 - model.dqn - Training loss: 0.11731814593076706
[DEBUG] 2025-12-10 20:53:39,739 - model.dqn - Training loss: 0.11411798745393753
[DEBUG] 2025-12-10 20:53:39,999 - model.dqn - Training loss: 0.09185917675495148
[DEBUG] 2025-12-10 20:53:40,258 - model.dqn - Training loss: 0.08101555705070496
[DEBUG] 2025-12-10 20:53:40,515 - model.dqn - Training loss: 0.24613738059997559
[DEBUG] 2025-12-10 20:53:40,770 - model.dqn - Training loss: 0.17189693450927734
[DEBUG] 2025-12-10 20:53:41,025 - model.dqn - Training loss: 0.24418047070503235
[DEBUG] 2025-12-10 20:53:41,280 - model.dqn - Training loss: 0.003906048834323883
[DEBUG] 2025-12-10 20:53:41,533 - model.dqn - Training loss: 0.0943196564912796
[INFO] 2025-12-10 20:53:41,533 - main - Training completed. Move to evaluation phase.
[INFO] 2025-12-10 20:53:41,578 - verifier.verifier - Evaluation for protocol <atomic_commit> completed.
[INFO] 2025-12-10 20:53:41,578 - verifier.verifier - Setting: players=4, rounds=2
[INFO] 2025-12-10 20:53:41,578 - verifier.verifier - Result: 1 failed cases out of 69 total cases.
[INFO] 2025-12-10 20:53:41,578 - verifier.verifier - Accumulated reward: 64
[INFO] 2025-12-10 20:53:41,578 - main - Epoch 2/100, training on 1 failed cases from last evaluation.
[DEBUG] 2025-12-10 20:53:41,835 - model.dqn - Training loss: 0.3551628291606903
[DEBUG] 2025-12-10 20:53:42,093 - model.dqn - Training loss: 0.46761271357536316
[DEBUG] 2025-12-10 20:53:42,351 - model.dqn - Training loss: 0.6849973201751709
[DEBUG] 2025-12-10 20:53:42,604 - model.dqn - Training loss: 0.4391377568244934
[DEBUG] 2025-12-10 20:53:42,860 - model.dqn - Training loss: 0.14917463064193726
[DEBUG] 2025-12-10 20:53:43,113 - model.dqn - Training loss: 0.2383035570383072
[DEBUG] 2025-12-10 20:53:43,370 - model.dqn - Training loss: 0.3674319386482239
[DEBUG] 2025-12-10 20:53:43,626 - model.dqn - Training loss: 0.24744784832000732
[DEBUG] 2025-12-10 20:53:43,884 - model.dqn - Training loss: 0.37541043758392334
[DEBUG] 2025-12-10 20:53:44,142 - model.dqn - Training loss: 0.5470693111419678
[DEBUG] 2025-12-10 20:53:44,400 - model.dqn - Training loss: 0.4870763123035431
[DEBUG] 2025-12-10 20:53:44,654 - model.dqn - Training loss: 0.5343189835548401
[DEBUG] 2025-12-10 20:53:44,911 - model.dqn - Training loss: 0.4507081210613251
[DEBUG] 2025-12-10 20:53:45,166 - model.dqn - Training loss: 0.4893043339252472
[DEBUG] 2025-12-10 20:53:45,422 - model.dqn - Training loss: 0.4421580731868744
[DEBUG] 2025-12-10 20:53:45,678 - model.dqn - Training loss: 0.44349297881126404
[DEBUG] 2025-12-10 20:53:45,935 - model.dqn - Training loss: 0.6101420521736145
[DEBUG] 2025-12-10 20:53:46,190 - model.dqn - Training loss: 0.6240183115005493
[DEBUG] 2025-12-10 20:53:46,447 - model.dqn - Training loss: 0.5389179587364197
[DEBUG] 2025-12-10 20:53:46,702 - model.dqn - Training loss: 0.852851152420044
[DEBUG] 2025-12-10 20:53:46,959 - model.dqn - Training loss: 0.5792955756187439
[DEBUG] 2025-12-10 20:53:47,217 - model.dqn - Training loss: 0.565967321395874
[DEBUG] 2025-12-10 20:53:47,473 - model.dqn - Training loss: 0.7160141468048096
[DEBUG] 2025-12-10 20:53:47,728 - model.dqn - Training loss: 0.633160412311554
[DEBUG] 2025-12-10 20:53:47,986 - model.dqn - Training loss: 0.4685561954975128
[DEBUG] 2025-12-10 20:53:48,243 - model.dqn - Training loss: 0.7577974796295166
[DEBUG] 2025-12-10 20:53:48,504 - model.dqn - Training loss: 0.505888044834137
[DEBUG] 2025-12-10 20:53:48,762 - model.dqn - Training loss: 0.36171969771385193
[DEBUG] 2025-12-10 20:53:49,022 - model.dqn - Training loss: 0.4738372564315796
[DEBUG] 2025-12-10 20:53:49,279 - model.dqn - Training loss: 0.7684293985366821
[DEBUG] 2025-12-10 20:53:49,539 - model.dqn - Training loss: 0.8474066853523254
[DEBUG] 2025-12-10 20:53:49,797 - model.dqn - Training loss: 1.1725481748580933
[DEBUG] 2025-12-10 20:53:50,057 - model.dqn - Training loss: 1.0426385402679443
[DEBUG] 2025-12-10 20:53:50,315 - model.dqn - Training loss: 0.6560602784156799
[DEBUG] 2025-12-10 20:53:50,574 - model.dqn - Training loss: 1.0948808193206787
[DEBUG] 2025-12-10 20:53:50,835 - model.dqn - Training loss: 0.5532934665679932
[DEBUG] 2025-12-10 20:53:51,094 - model.dqn - Training loss: 0.5327348709106445
[DEBUG] 2025-12-10 20:53:51,354 - model.dqn - Training loss: 0.8244486451148987
[DEBUG] 2025-12-10 20:53:51,613 - model.dqn - Training loss: 0.5357109904289246
[DEBUG] 2025-12-10 20:53:51,874 - model.dqn - Training loss: 1.2089910507202148
[DEBUG] 2025-12-10 20:53:52,134 - model.dqn - Training loss: 1.0196813344955444
[DEBUG] 2025-12-10 20:53:52,392 - model.dqn - Training loss: 1.0655854940414429
[DEBUG] 2025-12-10 20:53:52,650 - model.dqn - Training loss: 0.3997281491756439
[DEBUG] 2025-12-10 20:53:52,907 - model.dqn - Training loss: 0.7104917764663696
[DEBUG] 2025-12-10 20:53:53,166 - model.dqn - Training loss: 0.4356893002986908
[DEBUG] 2025-12-10 20:53:53,425 - model.dqn - Training loss: 0.8543843626976013
[DEBUG] 2025-12-10 20:53:53,683 - model.dqn - Training loss: 0.817063570022583
[DEBUG] 2025-12-10 20:53:53,942 - model.dqn - Training loss: 0.7543820142745972
[DEBUG] 2025-12-10 20:53:54,201 - model.dqn - Training loss: 0.6281540393829346
[DEBUG] 2025-12-10 20:53:54,461 - model.dqn - Training loss: 0.866744875907898
[DEBUG] 2025-12-10 20:53:54,722 - model.dqn - Training loss: 0.8313753604888916
[DEBUG] 2025-12-10 20:53:54,983 - model.dqn - Training loss: 0.9222732186317444
[DEBUG] 2025-12-10 20:53:55,241 - model.dqn - Training loss: 0.5672025680541992
[DEBUG] 2025-12-10 20:53:55,499 - model.dqn - Training loss: 0.8077922463417053
[DEBUG] 2025-12-10 20:53:55,757 - model.dqn - Training loss: 1.0974235534667969
[DEBUG] 2025-12-10 20:53:56,015 - model.dqn - Training loss: 0.8171638250350952
[DEBUG] 2025-12-10 20:53:56,273 - model.dqn - Training loss: 1.1183549165725708
[DEBUG] 2025-12-10 20:53:56,533 - model.dqn - Training loss: 0.9311835765838623
[DEBUG] 2025-12-10 20:53:56,793 - model.dqn - Training loss: 0.9339903593063354
[DEBUG] 2025-12-10 20:53:57,053 - model.dqn - Training loss: 1.0386883020401
[DEBUG] 2025-12-10 20:53:57,314 - model.dqn - Training loss: 0.9858299493789673
[DEBUG] 2025-12-10 20:53:57,572 - model.dqn - Training loss: 1.0571168661117554
[DEBUG] 2025-12-10 20:53:57,832 - model.dqn - Training loss: 0.9736377000808716
[DEBUG] 2025-12-10 20:53:58,092 - model.dqn - Training loss: 1.2623213529586792
[DEBUG] 2025-12-10 20:53:58,351 - model.dqn - Training loss: 1.1473811864852905
[DEBUG] 2025-12-10 20:53:58,610 - model.dqn - Training loss: 0.8334384560585022
[DEBUG] 2025-12-10 20:53:58,870 - model.dqn - Training loss: 1.3809282779693604
[DEBUG] 2025-12-10 20:53:59,129 - model.dqn - Training loss: 1.237114667892456
[DEBUG] 2025-12-10 20:53:59,389 - model.dqn - Training loss: 0.7242084741592407
[DEBUG] 2025-12-10 20:53:59,649 - model.dqn - Training loss: 0.9977285861968994
[DEBUG] 2025-12-10 20:53:59,909 - model.dqn - Training loss: 1.432870864868164
[DEBUG] 2025-12-10 20:54:00,168 - model.dqn - Training loss: 1.0470682382583618
[DEBUG] 2025-12-10 20:54:00,427 - model.dqn - Training loss: 0.8470504879951477
[DEBUG] 2025-12-10 20:54:00,685 - model.dqn - Training loss: 1.3059104681015015
[DEBUG] 2025-12-10 20:54:00,945 - model.dqn - Training loss: 0.9980670809745789
[DEBUG] 2025-12-10 20:54:01,205 - model.dqn - Training loss: 0.8066926598548889
[DEBUG] 2025-12-10 20:54:01,466 - model.dqn - Training loss: 1.2351298332214355
[DEBUG] 2025-12-10 20:54:01,726 - model.dqn - Training loss: 0.6363168954849243
[DEBUG] 2025-12-10 20:54:01,988 - model.dqn - Training loss: 0.9273492693901062
[DEBUG] 2025-12-10 20:54:02,248 - model.dqn - Training loss: 1.517432451248169
[DEBUG] 2025-12-10 20:54:02,574 - model.dqn - Training loss: 0.8673989176750183
[DEBUG] 2025-12-10 20:54:02,849 - model.dqn - Training loss: 0.8244695067405701
[DEBUG] 2025-12-10 20:54:03,126 - model.dqn - Training loss: 1.3105123043060303
[DEBUG] 2025-12-10 20:54:03,394 - model.dqn - Training loss: 1.3867918252944946
[DEBUG] 2025-12-10 20:54:03,663 - model.dqn - Training loss: 0.8374476432800293
[DEBUG] 2025-12-10 20:54:03,926 - model.dqn - Training loss: 1.0055476427078247
[DEBUG] 2025-12-10 20:54:04,187 - model.dqn - Training loss: 1.0829041004180908
[DEBUG] 2025-12-10 20:54:04,454 - model.dqn - Training loss: 1.1603639125823975
[DEBUG] 2025-12-10 20:54:04,717 - model.dqn - Training loss: 1.0281257629394531
[DEBUG] 2025-12-10 20:54:04,981 - model.dqn - Training loss: 0.8438189625740051
[DEBUG] 2025-12-10 20:54:05,248 - model.dqn - Training loss: 1.103875756263733
[DEBUG] 2025-12-10 20:54:05,514 - model.dqn - Training loss: 0.8027451634407043
[DEBUG] 2025-12-10 20:54:05,781 - model.dqn - Training loss: 1.3107333183288574
[DEBUG] 2025-12-10 20:54:06,044 - model.dqn - Training loss: 1.2437986135482788
[DEBUG] 2025-12-10 20:54:06,340 - model.dqn - Training loss: 1.4770808219909668
[DEBUG] 2025-12-10 20:54:06,611 - model.dqn - Training loss: 0.706265926361084
[DEBUG] 2025-12-10 20:54:06,887 - model.dqn - Training loss: 1.074507713317871
[DEBUG] 2025-12-10 20:54:07,160 - model.dqn - Training loss: 1.169262409210205
[DEBUG] 2025-12-10 20:54:07,433 - model.dqn - Training loss: 0.969510018825531
[DEBUG] 2025-12-10 20:54:07,702 - model.dqn - Training loss: 1.040960669517517
[INFO] 2025-12-10 20:54:07,702 - main - Training completed. Move to evaluation phase.
[INFO] 2025-12-10 20:54:07,703 - verifier.verifier - Evaluation for protocol <atomic_commit> completed.
[INFO] 2025-12-10 20:54:07,703 - verifier.verifier - Setting: players=4, rounds=2
[INFO] 2025-12-10 20:54:07,703 - verifier.verifier - Result: 1 failed cases out of 1 total cases.
[INFO] 2025-12-10 20:54:07,703 - verifier.verifier - Accumulated reward: -4
[INFO] 2025-12-10 20:54:07,703 - main - Epoch 3/100, training on 1 failed cases from last evaluation.
[DEBUG] 2025-12-10 20:54:07,967 - model.dqn - Training loss: 1.0889440774917603
[DEBUG] 2025-12-10 20:54:08,245 - model.dqn - Training loss: 0.8853049278259277
[DEBUG] 2025-12-10 20:54:08,521 - model.dqn - Training loss: 0.2924000024795532
[DEBUG] 2025-12-10 20:54:08,789 - model.dqn - Training loss: 0.8514876961708069
[DEBUG] 2025-12-10 20:54:09,063 - model.dqn - Training loss: 1.1329419612884521
[DEBUG] 2025-12-10 20:54:09,331 - model.dqn - Training loss: 0.6603438854217529
[DEBUG] 2025-12-10 20:54:09,599 - model.dqn - Training loss: 1.1582432985305786
[DEBUG] 2025-12-10 20:54:09,861 - model.dqn - Training loss: 0.9672872424125671
[DEBUG] 2025-12-10 20:54:10,125 - model.dqn - Training loss: 0.7628087401390076
[DEBUG] 2025-12-10 20:54:10,387 - model.dqn - Training loss: 0.5087008476257324
[DEBUG] 2025-12-10 20:54:10,654 - model.dqn - Training loss: 1.0646568536758423
[DEBUG] 2025-12-10 20:54:10,920 - model.dqn - Training loss: 1.1299631595611572
[DEBUG] 2025-12-10 20:54:11,194 - model.dqn - Training loss: 1.172504186630249
[DEBUG] 2025-12-10 20:54:11,511 - model.dqn - Training loss: 0.7915643453598022
[DEBUG] 2025-12-10 20:54:11,783 - model.dqn - Training loss: 0.9060112237930298
[DEBUG] 2025-12-10 20:54:12,055 - model.dqn - Training loss: 0.5070188045501709
[DEBUG] 2025-12-10 20:54:12,322 - model.dqn - Training loss: 0.7691434025764465
[DEBUG] 2025-12-10 20:54:12,596 - model.dqn - Training loss: 0.9676047563552856
[DEBUG] 2025-12-10 20:54:12,875 - model.dqn - Training loss: 0.4996175467967987
[DEBUG] 2025-12-10 20:54:13,155 - model.dqn - Training loss: 0.7114638090133667
[DEBUG] 2025-12-10 20:54:13,443 - model.dqn - Training loss: 0.9922096133232117
[DEBUG] 2025-12-10 20:54:13,714 - model.dqn - Training loss: 0.8266791701316833
[DEBUG] 2025-12-10 20:54:13,995 - model.dqn - Training loss: 0.8161789774894714
[DEBUG] 2025-12-10 20:54:14,269 - model.dqn - Training loss: 0.7442941069602966
[DEBUG] 2025-12-10 20:54:14,543 - model.dqn - Training loss: 0.9885644912719727
[DEBUG] 2025-12-10 20:54:14,807 - model.dqn - Training loss: 0.7986676096916199
[DEBUG] 2025-12-10 20:54:15,085 - model.dqn - Training loss: 0.9901983141899109
[DEBUG] 2025-12-10 20:54:15,370 - model.dqn - Training loss: 0.7730658054351807
[DEBUG] 2025-12-10 20:54:15,656 - model.dqn - Training loss: 0.9275156855583191
[DEBUG] 2025-12-10 20:54:15,928 - model.dqn - Training loss: 0.9771028161048889
[DEBUG] 2025-12-10 20:54:16,197 - model.dqn - Training loss: 0.7514351010322571
[DEBUG] 2025-12-10 20:54:16,464 - model.dqn - Training loss: 1.0740965604782104
[DEBUG] 2025-12-10 20:54:16,728 - model.dqn - Training loss: 0.7150871157646179
[DEBUG] 2025-12-10 20:54:16,992 - model.dqn - Training loss: 1.186274766921997
[DEBUG] 2025-12-10 20:54:17,258 - model.dqn - Training loss: 1.069582462310791
[DEBUG] 2025-12-10 20:54:17,521 - model.dqn - Training loss: 0.9085639119148254
[DEBUG] 2025-12-10 20:54:17,787 - model.dqn - Training loss: 0.6762012243270874
[DEBUG] 2025-12-10 20:54:18,052 - model.dqn - Training loss: 0.8394711017608643
[DEBUG] 2025-12-10 20:54:18,317 - model.dqn - Training loss: 1.0245225429534912
[DEBUG] 2025-12-10 20:54:18,582 - model.dqn - Training loss: 0.7644177079200745
[DEBUG] 2025-12-10 20:54:18,847 - model.dqn - Training loss: 0.8901196718215942
[DEBUG] 2025-12-10 20:54:19,111 - model.dqn - Training loss: 1.1235400438308716
[DEBUG] 2025-12-10 20:54:19,376 - model.dqn - Training loss: 0.6458151936531067
[DEBUG] 2025-12-10 20:54:19,638 - model.dqn - Training loss: 0.8742048740386963
[DEBUG] 2025-12-10 20:54:19,902 - model.dqn - Training loss: 0.8050484657287598
[DEBUG] 2025-12-10 20:54:20,165 - model.dqn - Training loss: 0.7296517491340637
[DEBUG] 2025-12-10 20:54:20,428 - model.dqn - Training loss: 0.6696558594703674
[DEBUG] 2025-12-10 20:54:20,690 - model.dqn - Training loss: 1.1292922496795654
[DEBUG] 2025-12-10 20:54:20,955 - model.dqn - Training loss: 1.182411551475525
[DEBUG] 2025-12-10 20:54:21,218 - model.dqn - Training loss: 0.9892866611480713
[DEBUG] 2025-12-10 20:54:21,481 - model.dqn - Training loss: 0.9410716891288757
[DEBUG] 2025-12-10 20:54:21,746 - model.dqn - Training loss: 0.6552270650863647
[DEBUG] 2025-12-10 20:54:22,013 - model.dqn - Training loss: 1.1304519176483154
[DEBUG] 2025-12-10 20:54:22,278 - model.dqn - Training loss: 1.0012177228927612
[DEBUG] 2025-12-10 20:54:22,545 - model.dqn - Training loss: 0.7188539505004883
[DEBUG] 2025-12-10 20:54:22,809 - model.dqn - Training loss: 0.7558119893074036
[DEBUG] 2025-12-10 20:54:23,076 - model.dqn - Training loss: 0.9651888012886047
[DEBUG] 2025-12-10 20:54:23,338 - model.dqn - Training loss: 0.9245830774307251
[DEBUG] 2025-12-10 20:54:23,602 - model.dqn - Training loss: 0.8293687701225281
[DEBUG] 2025-12-10 20:54:23,864 - model.dqn - Training loss: 1.1725431680679321
[DEBUG] 2025-12-10 20:54:24,127 - model.dqn - Training loss: 0.8766884207725525
[DEBUG] 2025-12-10 20:54:24,393 - model.dqn - Training loss: 0.6139748096466064
[DEBUG] 2025-12-10 20:54:24,657 - model.dqn - Training loss: 0.6753287315368652
[DEBUG] 2025-12-10 20:54:24,920 - model.dqn - Training loss: 0.7273653745651245
[DEBUG] 2025-12-10 20:54:25,184 - model.dqn - Training loss: 0.8896132707595825
[DEBUG] 2025-12-10 20:54:25,450 - model.dqn - Training loss: 0.874890148639679
[DEBUG] 2025-12-10 20:54:25,716 - model.dqn - Training loss: 0.7334758639335632
[DEBUG] 2025-12-10 20:54:25,985 - model.dqn - Training loss: 0.8486003279685974
[DEBUG] 2025-12-10 20:54:26,253 - model.dqn - Training loss: 0.9203040599822998
[DEBUG] 2025-12-10 20:54:26,522 - model.dqn - Training loss: 1.0458132028579712
[DEBUG] 2025-12-10 20:54:26,791 - model.dqn - Training loss: 1.046363353729248
[DEBUG] 2025-12-10 20:54:27,060 - model.dqn - Training loss: 1.0057100057601929
[DEBUG] 2025-12-10 20:54:27,327 - model.dqn - Training loss: 0.527109682559967
[DEBUG] 2025-12-10 20:54:27,595 - model.dqn - Training loss: 1.8552459478378296
[DEBUG] 2025-12-10 20:54:27,862 - model.dqn - Training loss: 0.9978275299072266
[DEBUG] 2025-12-10 20:54:28,129 - model.dqn - Training loss: 0.7136316895484924
[DEBUG] 2025-12-10 20:54:28,399 - model.dqn - Training loss: 0.7151350975036621
[DEBUG] 2025-12-10 20:54:28,667 - model.dqn - Training loss: 0.6863607168197632
[DEBUG] 2025-12-10 20:54:28,934 - model.dqn - Training loss: 0.8521774411201477
[DEBUG] 2025-12-10 20:54:29,203 - model.dqn - Training loss: 0.43329256772994995
[DEBUG] 2025-12-10 20:54:29,474 - model.dqn - Training loss: 1.29775071144104
[DEBUG] 2025-12-10 20:54:29,742 - model.dqn - Training loss: 0.5711892247200012
[DEBUG] 2025-12-10 20:54:30,009 - model.dqn - Training loss: 0.37458446621894836
[DEBUG] 2025-12-10 20:54:30,276 - model.dqn - Training loss: 0.8389855623245239
[DEBUG] 2025-12-10 20:54:30,547 - model.dqn - Training loss: 0.4527662694454193
[DEBUG] 2025-12-10 20:54:30,816 - model.dqn - Training loss: 0.8104156851768494
[DEBUG] 2025-12-10 20:54:31,086 - model.dqn - Training loss: 0.6692109107971191
[DEBUG] 2025-12-10 20:54:31,357 - model.dqn - Training loss: 0.7421265840530396
[DEBUG] 2025-12-10 20:54:31,625 - model.dqn - Training loss: 0.47891363501548767
[DEBUG] 2025-12-10 20:54:31,893 - model.dqn - Training loss: 0.5440244674682617
[DEBUG] 2025-12-10 20:54:32,162 - model.dqn - Training loss: 1.0366138219833374
[DEBUG] 2025-12-10 20:54:32,431 - model.dqn - Training loss: 0.24121306836605072
[DEBUG] 2025-12-10 20:54:32,701 - model.dqn - Training loss: 0.24603171646595
[DEBUG] 2025-12-10 20:54:32,971 - model.dqn - Training loss: 0.4483327567577362
[DEBUG] 2025-12-10 20:54:33,240 - model.dqn - Training loss: 0.7073065638542175
[DEBUG] 2025-12-10 20:54:33,509 - model.dqn - Training loss: 0.20549198985099792
[DEBUG] 2025-12-10 20:54:33,774 - model.dqn - Training loss: 0.991951584815979
[DEBUG] 2025-12-10 20:54:34,044 - model.dqn - Training loss: 0.4730566143989563
[DEBUG] 2025-12-10 20:54:34,313 - model.dqn - Training loss: 0.386889785528183
[DEBUG] 2025-12-10 20:54:34,579 - model.dqn - Training loss: 0.7825756072998047
[INFO] 2025-12-10 20:54:34,579 - main - Training completed. Move to evaluation phase.
[INFO] 2025-12-10 20:54:34,580 - verifier.verifier - Evaluation for protocol <atomic_commit> completed.
[INFO] 2025-12-10 20:54:34,580 - verifier.verifier - Setting: players=4, rounds=2
[INFO] 2025-12-10 20:54:34,580 - verifier.verifier - Result: 1 failed cases out of 1 total cases.
[INFO] 2025-12-10 20:54:34,580 - verifier.verifier - Accumulated reward: -4
[INFO] 2025-12-10 20:54:34,580 - main - Epoch 4/100, training on 1 failed cases from last evaluation.
[DEBUG] 2025-12-10 20:54:34,848 - model.dqn - Training loss: 0.6790266036987305
[DEBUG] 2025-12-10 20:54:35,113 - model.dqn - Training loss: 0.6795476078987122
[DEBUG] 2025-12-10 20:54:35,380 - model.dqn - Training loss: 0.40123486518859863
[DEBUG] 2025-12-10 20:54:35,648 - model.dqn - Training loss: 0.5349956750869751
[DEBUG] 2025-12-10 20:54:35,914 - model.dqn - Training loss: 0.6667302846908569
[DEBUG] 2025-12-10 20:54:36,183 - model.dqn - Training loss: 0.5519590377807617
[DEBUG] 2025-12-10 20:54:36,451 - model.dqn - Training loss: 0.3814677894115448
[DEBUG] 2025-12-10 20:54:36,717 - model.dqn - Training loss: 0.46726861596107483
[DEBUG] 2025-12-10 20:54:36,987 - model.dqn - Training loss: 0.599272608757019
[DEBUG] 2025-12-10 20:54:37,255 - model.dqn - Training loss: 0.5590893030166626
[DEBUG] 2025-12-10 20:54:37,524 - model.dqn - Training loss: 0.7319554090499878
[DEBUG] 2025-12-10 20:54:37,797 - model.dqn - Training loss: 0.4838044345378876
[DEBUG] 2025-12-10 20:54:38,066 - model.dqn - Training loss: 0.678409218788147
[DEBUG] 2025-12-10 20:54:38,333 - model.dqn - Training loss: 0.687447190284729
[DEBUG] 2025-12-10 20:54:38,605 - model.dqn - Training loss: 0.558022677898407
[DEBUG] 2025-12-10 20:54:38,873 - model.dqn - Training loss: 0.4417356252670288
[DEBUG] 2025-12-10 20:54:39,141 - model.dqn - Training loss: 0.6000785827636719
[DEBUG] 2025-12-10 20:54:39,411 - model.dqn - Training loss: 0.3466998338699341
[DEBUG] 2025-12-10 20:54:39,681 - model.dqn - Training loss: 0.3820617198944092
[DEBUG] 2025-12-10 20:54:39,951 - model.dqn - Training loss: 0.7129803895950317
[DEBUG] 2025-12-10 20:54:40,218 - model.dqn - Training loss: 0.3374885320663452
[DEBUG] 2025-12-10 20:54:40,488 - model.dqn - Training loss: 0.35404127836227417
[DEBUG] 2025-12-10 20:54:40,758 - model.dqn - Training loss: 0.56791752576828
[DEBUG] 2025-12-10 20:54:41,026 - model.dqn - Training loss: 0.2926871180534363
[DEBUG] 2025-12-10 20:54:41,296 - model.dqn - Training loss: 0.559857964515686
[DEBUG] 2025-12-10 20:54:41,564 - model.dqn - Training loss: 0.5543147325515747
[DEBUG] 2025-12-10 20:54:41,832 - model.dqn - Training loss: 0.39882466197013855
[DEBUG] 2025-12-10 20:54:42,102 - model.dqn - Training loss: 0.7063663005828857
[DEBUG] 2025-12-10 20:54:42,371 - model.dqn - Training loss: 0.51832515001297
[DEBUG] 2025-12-10 20:54:42,641 - model.dqn - Training loss: 0.49463504552841187
[DEBUG] 2025-12-10 20:54:42,911 - model.dqn - Training loss: 0.642483651638031
[DEBUG] 2025-12-10 20:54:43,181 - model.dqn - Training loss: 0.5398301482200623
[DEBUG] 2025-12-10 20:54:43,450 - model.dqn - Training loss: 0.2783161699771881
[DEBUG] 2025-12-10 20:54:43,721 - model.dqn - Training loss: 0.39525091648101807
[DEBUG] 2025-12-10 20:54:43,992 - model.dqn - Training loss: 0.657956063747406
[DEBUG] 2025-12-10 20:54:44,263 - model.dqn - Training loss: 0.4100612699985504
[DEBUG] 2025-12-10 20:54:44,534 - model.dqn - Training loss: 0.691419780254364
[DEBUG] 2025-12-10 20:54:44,806 - model.dqn - Training loss: 0.5230555534362793
[DEBUG] 2025-12-10 20:54:45,084 - model.dqn - Training loss: 0.5811562538146973
[DEBUG] 2025-12-10 20:54:45,373 - model.dqn - Training loss: 0.5202337503433228
[DEBUG] 2025-12-10 20:54:45,657 - model.dqn - Training loss: 0.5452975630760193
[DEBUG] 2025-12-10 20:54:45,943 - model.dqn - Training loss: 0.41798698902130127
[DEBUG] 2025-12-10 20:54:46,249 - model.dqn - Training loss: 0.42757448554039
[DEBUG] 2025-12-10 20:54:46,586 - model.dqn - Training loss: 0.549556314945221
[DEBUG] 2025-12-10 20:54:46,869 - model.dqn - Training loss: 0.3304252326488495
[DEBUG] 2025-12-10 20:54:47,152 - model.dqn - Training loss: 0.29721468687057495
[DEBUG] 2025-12-10 20:54:47,427 - model.dqn - Training loss: 0.3509198725223541
[DEBUG] 2025-12-10 20:54:47,712 - model.dqn - Training loss: 0.2868592441082001
[DEBUG] 2025-12-10 20:54:47,992 - model.dqn - Training loss: 0.43196532130241394
[DEBUG] 2025-12-10 20:54:48,279 - model.dqn - Training loss: 0.46995264291763306
[DEBUG] 2025-12-10 20:54:48,560 - model.dqn - Training loss: 0.4787123203277588
[DEBUG] 2025-12-10 20:54:48,837 - model.dqn - Training loss: 0.5649393796920776
[DEBUG] 2025-12-10 20:54:49,118 - model.dqn - Training loss: 0.2905294597148895
[DEBUG] 2025-12-10 20:54:49,398 - model.dqn - Training loss: 0.5375470519065857
[DEBUG] 2025-12-10 20:54:49,675 - model.dqn - Training loss: 0.7569954991340637
[DEBUG] 2025-12-10 20:54:49,954 - model.dqn - Training loss: 0.4615068733692169
[DEBUG] 2025-12-10 20:54:50,244 - model.dqn - Training loss: 0.4326860308647156
[DEBUG] 2025-12-10 20:54:50,536 - model.dqn - Training loss: 0.14027519524097443
[DEBUG] 2025-12-10 20:54:50,823 - model.dqn - Training loss: 0.3044207692146301
[DEBUG] 2025-12-10 20:54:51,101 - model.dqn - Training loss: 0.8221297264099121
[DEBUG] 2025-12-10 20:54:51,388 - model.dqn - Training loss: 0.3806362748146057
[DEBUG] 2025-12-10 20:54:51,671 - model.dqn - Training loss: 0.2566893696784973
[DEBUG] 2025-12-10 20:54:51,954 - model.dqn - Training loss: 0.31257861852645874
[DEBUG] 2025-12-10 20:54:52,231 - model.dqn - Training loss: 0.5036102533340454
[DEBUG] 2025-12-10 20:54:52,508 - model.dqn - Training loss: 0.34269753098487854
[DEBUG] 2025-12-10 20:54:52,782 - model.dqn - Training loss: 0.6463468670845032
[DEBUG] 2025-12-10 20:54:53,064 - model.dqn - Training loss: 0.2423485964536667
[DEBUG] 2025-12-10 20:54:53,342 - model.dqn - Training loss: 0.29598644375801086
[DEBUG] 2025-12-10 20:54:53,619 - model.dqn - Training loss: 0.31214842200279236
[DEBUG] 2025-12-10 20:54:53,890 - model.dqn - Training loss: 0.4608903229236603
[DEBUG] 2025-12-10 20:54:54,159 - model.dqn - Training loss: 0.13055026531219482
[DEBUG] 2025-12-10 20:54:54,435 - model.dqn - Training loss: 0.2777344882488251
[DEBUG] 2025-12-10 20:54:54,724 - model.dqn - Training loss: 0.2985246777534485
[DEBUG] 2025-12-10 20:54:55,008 - model.dqn - Training loss: 0.7445123791694641
[DEBUG] 2025-12-10 20:54:55,294 - model.dqn - Training loss: 0.1507551670074463
[DEBUG] 2025-12-10 20:54:55,590 - model.dqn - Training loss: 0.19413593411445618
[DEBUG] 2025-12-10 20:54:55,870 - model.dqn - Training loss: 0.3712538778781891
[DEBUG] 2025-12-10 20:54:56,157 - model.dqn - Training loss: 0.3937132954597473
[DEBUG] 2025-12-10 20:54:56,503 - model.dqn - Training loss: 0.44524937868118286
[DEBUG] 2025-12-10 20:54:56,788 - model.dqn - Training loss: 0.3596014678478241
[DEBUG] 2025-12-10 20:54:57,077 - model.dqn - Training loss: 0.5337229371070862
[DEBUG] 2025-12-10 20:54:57,353 - model.dqn - Training loss: 0.19258108735084534
[DEBUG] 2025-12-10 20:54:57,636 - model.dqn - Training loss: 0.18238672614097595
[DEBUG] 2025-12-10 20:54:57,924 - model.dqn - Training loss: 0.5087809562683105
[DEBUG] 2025-12-10 20:54:58,201 - model.dqn - Training loss: 0.4385969638824463
[DEBUG] 2025-12-10 20:54:58,509 - model.dqn - Training loss: 0.33079132437705994
[DEBUG] 2025-12-10 20:54:58,802 - model.dqn - Training loss: 0.1857442706823349
[DEBUG] 2025-12-10 20:54:59,103 - model.dqn - Training loss: 0.3324359357357025
[DEBUG] 2025-12-10 20:54:59,392 - model.dqn - Training loss: 0.6445623636245728
[DEBUG] 2025-12-10 20:54:59,672 - model.dqn - Training loss: 0.4731293320655823
[DEBUG] 2025-12-10 20:54:59,954 - model.dqn - Training loss: 0.4099850356578827
[DEBUG] 2025-12-10 20:55:00,235 - model.dqn - Training loss: 0.3738882839679718
[DEBUG] 2025-12-10 20:55:00,514 - model.dqn - Training loss: 0.35510140657424927
[DEBUG] 2025-12-10 20:55:00,791 - model.dqn - Training loss: 0.5741968154907227
[DEBUG] 2025-12-10 20:55:01,068 - model.dqn - Training loss: 0.19549904763698578
[DEBUG] 2025-12-10 20:55:01,344 - model.dqn - Training loss: 0.6798743605613708
[DEBUG] 2025-12-10 20:55:01,620 - model.dqn - Training loss: 0.3605952858924866
[DEBUG] 2025-12-10 20:55:01,892 - model.dqn - Training loss: 0.23407752811908722
[DEBUG] 2025-12-10 20:55:02,183 - model.dqn - Training loss: 0.25295212864875793
[DEBUG] 2025-12-10 20:55:02,472 - model.dqn - Training loss: 0.35136476159095764
[INFO] 2025-12-10 20:55:02,472 - main - Training completed. Move to evaluation phase.
[INFO] 2025-12-10 20:55:02,473 - verifier.verifier - Evaluation for protocol <atomic_commit> completed.
[INFO] 2025-12-10 20:55:02,473 - verifier.verifier - Setting: players=4, rounds=2
[INFO] 2025-12-10 20:55:02,473 - verifier.verifier - Result: 1 failed cases out of 1 total cases.
[INFO] 2025-12-10 20:55:02,473 - verifier.verifier - Accumulated reward: -4
[INFO] 2025-12-10 20:55:02,473 - main - Epoch 5/100, training on 1 failed cases from last evaluation.
[DEBUG] 2025-12-10 20:55:02,752 - model.dqn - Training loss: 0.3952941596508026
[DEBUG] 2025-12-10 20:55:03,032 - model.dqn - Training loss: 0.5177105665206909
[DEBUG] 2025-12-10 20:55:03,304 - model.dqn - Training loss: 0.5291734337806702
[DEBUG] 2025-12-10 20:55:03,587 - model.dqn - Training loss: 0.13632500171661377
[DEBUG] 2025-12-10 20:55:03,878 - model.dqn - Training loss: 0.31805500388145447
[DEBUG] 2025-12-10 20:55:04,166 - model.dqn - Training loss: 0.4398680329322815
[DEBUG] 2025-12-10 20:55:04,455 - model.dqn - Training loss: 0.4857454299926758
[DEBUG] 2025-12-10 20:55:04,743 - model.dqn - Training loss: 0.05256710201501846
[DEBUG] 2025-12-10 20:55:05,030 - model.dqn - Training loss: 0.2602289915084839
[DEBUG] 2025-12-10 20:55:05,308 - model.dqn - Training loss: 0.2206941545009613
[DEBUG] 2025-12-10 20:55:05,588 - model.dqn - Training loss: 0.3113262951374054
[DEBUG] 2025-12-10 20:55:05,864 - model.dqn - Training loss: 0.30501627922058105
[DEBUG] 2025-12-10 20:55:06,142 - model.dqn - Training loss: 0.22265543043613434
[DEBUG] 2025-12-10 20:55:06,424 - model.dqn - Training loss: 0.29479116201400757
[DEBUG] 2025-12-10 20:55:06,700 - model.dqn - Training loss: 0.24402226507663727
[DEBUG] 2025-12-10 20:55:06,976 - model.dqn - Training loss: 0.2509346604347229
[DEBUG] 2025-12-10 20:55:07,266 - model.dqn - Training loss: 0.43460145592689514
[DEBUG] 2025-12-10 20:55:07,567 - model.dqn - Training loss: 0.18028223514556885
[DEBUG] 2025-12-10 20:55:07,853 - model.dqn - Training loss: 0.185747891664505
[DEBUG] 2025-12-10 20:55:08,143 - model.dqn - Training loss: 0.3294934034347534
[DEBUG] 2025-12-10 20:55:08,424 - model.dqn - Training loss: 0.26936253905296326
[DEBUG] 2025-12-10 20:55:08,706 - model.dqn - Training loss: 0.3440837264060974
[DEBUG] 2025-12-10 20:55:08,995 - model.dqn - Training loss: 0.18128126859664917
[DEBUG] 2025-12-10 20:55:09,286 - model.dqn - Training loss: 0.21054942905902863
[DEBUG] 2025-12-10 20:55:09,567 - model.dqn - Training loss: 0.6631534099578857
[DEBUG] 2025-12-10 20:55:09,854 - model.dqn - Training loss: 0.42136359214782715
[DEBUG] 2025-12-10 20:55:10,136 - model.dqn - Training loss: 0.5582309365272522
[DEBUG] 2025-12-10 20:55:10,417 - model.dqn - Training loss: 0.43434908986091614
[DEBUG] 2025-12-10 20:55:10,699 - model.dqn - Training loss: 0.20940439403057098
[DEBUG] 2025-12-10 20:55:10,989 - model.dqn - Training loss: 0.37711355090141296
[DEBUG] 2025-12-10 20:55:11,275 - model.dqn - Training loss: 0.3843199908733368
[DEBUG] 2025-12-10 20:55:11,605 - model.dqn - Training loss: 0.44760096073150635
[DEBUG] 2025-12-10 20:55:11,882 - model.dqn - Training loss: 0.3970939815044403
[DEBUG] 2025-12-10 20:55:12,165 - model.dqn - Training loss: 0.3318636417388916
[DEBUG] 2025-12-10 20:55:12,450 - model.dqn - Training loss: 0.3082294762134552
[DEBUG] 2025-12-10 20:55:12,739 - model.dqn - Training loss: 0.3201846182346344
[DEBUG] 2025-12-10 20:55:13,019 - model.dqn - Training loss: 0.23616841435432434
[DEBUG] 2025-12-10 20:55:13,311 - model.dqn - Training loss: 0.08636035770177841
[DEBUG] 2025-12-10 20:55:13,605 - model.dqn - Training loss: 0.31406667828559875
[DEBUG] 2025-12-10 20:55:13,889 - model.dqn - Training loss: 0.2720226049423218
[DEBUG] 2025-12-10 20:55:14,175 - model.dqn - Training loss: 0.2437545508146286
[DEBUG] 2025-12-10 20:55:14,460 - model.dqn - Training loss: 0.13989068567752838
[DEBUG] 2025-12-10 20:55:14,745 - model.dqn - Training loss: 0.0772581472992897
[DEBUG] 2025-12-10 20:55:15,030 - model.dqn - Training loss: 0.339670866727829
[DEBUG] 2025-12-10 20:55:15,318 - model.dqn - Training loss: 0.4177458882331848
[DEBUG] 2025-12-10 20:55:15,612 - model.dqn - Training loss: 0.4695744812488556
[DEBUG] 2025-12-10 20:55:15,898 - model.dqn - Training loss: 0.5697667002677917
[DEBUG] 2025-12-10 20:55:16,180 - model.dqn - Training loss: 0.3615380823612213
[DEBUG] 2025-12-10 20:55:16,471 - model.dqn - Training loss: 0.21401119232177734
[DEBUG] 2025-12-10 20:55:16,756 - model.dqn - Training loss: 0.4519324004650116
[DEBUG] 2025-12-10 20:55:17,041 - model.dqn - Training loss: 0.0583103746175766
[DEBUG] 2025-12-10 20:55:17,324 - model.dqn - Training loss: 0.7739385366439819
[DEBUG] 2025-12-10 20:55:17,611 - model.dqn - Training loss: 0.33937421441078186
[DEBUG] 2025-12-10 20:55:17,894 - model.dqn - Training loss: 0.3732994794845581
[DEBUG] 2025-12-10 20:55:18,184 - model.dqn - Training loss: 0.7680416703224182
[DEBUG] 2025-12-10 20:55:18,479 - model.dqn - Training loss: 0.48272955417633057
[DEBUG] 2025-12-10 20:55:18,779 - model.dqn - Training loss: 0.2911732494831085
[DEBUG] 2025-12-10 20:55:19,070 - model.dqn - Training loss: 0.545372724533081
[DEBUG] 2025-12-10 20:55:19,356 - model.dqn - Training loss: 0.4625087082386017
[DEBUG] 2025-12-10 20:55:19,644 - model.dqn - Training loss: 0.2899463176727295
[DEBUG] 2025-12-10 20:55:19,938 - model.dqn - Training loss: 0.47610244154930115
[DEBUG] 2025-12-10 20:55:20,219 - model.dqn - Training loss: 0.5078114867210388
[DEBUG] 2025-12-10 20:55:20,492 - model.dqn - Training loss: 0.42961710691452026
[DEBUG] 2025-12-10 20:55:20,765 - model.dqn - Training loss: 0.508643388748169
[DEBUG] 2025-12-10 20:55:21,044 - model.dqn - Training loss: 0.5740560293197632
[DEBUG] 2025-12-10 20:55:21,322 - model.dqn - Training loss: 0.4711208939552307
[DEBUG] 2025-12-10 20:55:21,597 - model.dqn - Training loss: 0.49518030881881714
[DEBUG] 2025-12-10 20:55:21,871 - model.dqn - Training loss: 0.5859337449073792
[DEBUG] 2025-12-10 20:55:22,145 - model.dqn - Training loss: 0.29902344942092896
[DEBUG] 2025-12-10 20:55:22,419 - model.dqn - Training loss: 0.5087277293205261
[DEBUG] 2025-12-10 20:55:22,695 - model.dqn - Training loss: 0.4191422462463379
[DEBUG] 2025-12-10 20:55:22,971 - model.dqn - Training loss: 0.4947150647640228
[DEBUG] 2025-12-10 20:55:23,260 - model.dqn - Training loss: 0.2709825932979584
[DEBUG] 2025-12-10 20:55:23,544 - model.dqn - Training loss: 0.7645179033279419
[DEBUG] 2025-12-10 20:55:23,824 - model.dqn - Training loss: 0.6801045536994934
[DEBUG] 2025-12-10 20:55:24,107 - model.dqn - Training loss: 0.2124917358160019
[DEBUG] 2025-12-10 20:55:24,388 - model.dqn - Training loss: 0.6372614502906799
[DEBUG] 2025-12-10 20:55:24,678 - model.dqn - Training loss: 0.5090791583061218
[DEBUG] 2025-12-10 20:55:24,980 - model.dqn - Training loss: 0.7026481032371521
[DEBUG] 2025-12-10 20:55:25,323 - model.dqn - Training loss: 0.4780786633491516
[DEBUG] 2025-12-10 20:55:25,614 - model.dqn - Training loss: 0.5778008699417114
[DEBUG] 2025-12-10 20:55:25,896 - model.dqn - Training loss: 0.7746028900146484
[DEBUG] 2025-12-10 20:55:26,173 - model.dqn - Training loss: 0.6037632822990417
[DEBUG] 2025-12-10 20:55:26,455 - model.dqn - Training loss: 0.82032710313797
[DEBUG] 2025-12-10 20:55:26,735 - model.dqn - Training loss: 0.6749446392059326
[DEBUG] 2025-12-10 20:55:27,011 - model.dqn - Training loss: 0.8896673321723938
[DEBUG] 2025-12-10 20:55:27,288 - model.dqn - Training loss: 0.677655816078186
[DEBUG] 2025-12-10 20:55:27,565 - model.dqn - Training loss: 0.8158502578735352
[DEBUG] 2025-12-10 20:55:27,847 - model.dqn - Training loss: 0.857954204082489
[DEBUG] 2025-12-10 20:55:28,130 - model.dqn - Training loss: 0.7768165469169617
[DEBUG] 2025-12-10 20:55:28,409 - model.dqn - Training loss: 0.5839319229125977
[DEBUG] 2025-12-10 20:55:28,698 - model.dqn - Training loss: 0.9905031323432922
[DEBUG] 2025-12-10 20:55:28,986 - model.dqn - Training loss: 0.4918060302734375
[DEBUG] 2025-12-10 20:55:29,271 - model.dqn - Training loss: 0.6003570556640625
[DEBUG] 2025-12-10 20:55:29,561 - model.dqn - Training loss: 0.6893422603607178
[DEBUG] 2025-12-10 20:55:29,848 - model.dqn - Training loss: 0.6939347982406616
[DEBUG] 2025-12-10 20:55:30,134 - model.dqn - Training loss: 0.5497691035270691
[DEBUG] 2025-12-10 20:55:30,413 - model.dqn - Training loss: 0.6508126258850098
[DEBUG] 2025-12-10 20:55:30,690 - model.dqn - Training loss: 1.037244439125061
[DEBUG] 2025-12-10 20:55:30,964 - model.dqn - Training loss: 0.6268604397773743
[INFO] 2025-12-10 20:55:30,965 - main - Training completed. Move to evaluation phase.
[INFO] 2025-12-10 20:55:30,965 - verifier.verifier - Evaluation for protocol <atomic_commit> completed.
[INFO] 2025-12-10 20:55:30,965 - verifier.verifier - Setting: players=4, rounds=2
[INFO] 2025-12-10 20:55:30,965 - verifier.verifier - Result: 0 failed cases out of 1 total cases.
[INFO] 2025-12-10 20:55:30,965 - verifier.verifier - Accumulated reward: 2
[INFO] 2025-12-10 20:55:30,965 - main - All failed cases passed verification!
[INFO] 2025-12-10 20:55:30,965 - main - Move to final evaluation on all inputs.
[INFO] 2025-12-10 20:55:31,011 - verifier.verifier - Evaluation for protocol <atomic_commit> completed.
[INFO] 2025-12-10 20:55:31,011 - verifier.verifier - Setting: players=4, rounds=2
[INFO] 2025-12-10 20:55:31,011 - verifier.verifier - Result: 35 failed cases out of 69 total cases.
[INFO] 2025-12-10 20:55:31,011 - verifier.verifier - Accumulated reward: -104
[INFO] 2025-12-10 20:55:31,011 - main - 35 failed cases remain after final evaluation.
[INFO] 2025-12-10 20:55:31,011 - main - Epoch 6/100, training on 35 failed cases from last evaluation.
[DEBUG] 2025-12-10 20:55:31,287 - model.dqn - Training loss: 0.7402901649475098
[DEBUG] 2025-12-10 20:55:31,562 - model.dqn - Training loss: 1.0194405317306519
[DEBUG] 2025-12-10 20:55:31,831 - model.dqn - Training loss: 0.6734052300453186
[DEBUG] 2025-12-10 20:55:32,103 - model.dqn - Training loss: 0.8029833436012268
[DEBUG] 2025-12-10 20:55:32,376 - model.dqn - Training loss: 1.0952688455581665
[DEBUG] 2025-12-10 20:55:32,651 - model.dqn - Training loss: 1.3124905824661255
[DEBUG] 2025-12-10 20:55:32,927 - model.dqn - Training loss: 0.7425863742828369
[DEBUG] 2025-12-10 20:55:33,202 - model.dqn - Training loss: 0.9118613600730896
[DEBUG] 2025-12-10 20:55:33,477 - model.dqn - Training loss: 1.312644600868225
[DEBUG] 2025-12-10 20:55:33,750 - model.dqn - Training loss: 1.048975944519043
[DEBUG] 2025-12-10 20:55:34,025 - model.dqn - Training loss: 1.0616683959960938
[DEBUG] 2025-12-10 20:55:34,297 - model.dqn - Training loss: 1.0536319017410278
[DEBUG] 2025-12-10 20:55:34,570 - model.dqn - Training loss: 1.0299735069274902
[DEBUG] 2025-12-10 20:55:34,839 - model.dqn - Training loss: 1.2142664194107056
[DEBUG] 2025-12-10 20:55:35,111 - model.dqn - Training loss: 1.270896077156067
[DEBUG] 2025-12-10 20:55:35,381 - model.dqn - Training loss: 1.1840327978134155
[DEBUG] 2025-12-10 20:55:35,653 - model.dqn - Training loss: 1.3248927593231201
[DEBUG] 2025-12-10 20:55:35,925 - model.dqn - Training loss: 1.1152514219284058
[DEBUG] 2025-12-10 20:55:36,199 - model.dqn - Training loss: 1.5772324800491333
[DEBUG] 2025-12-10 20:55:36,473 - model.dqn - Training loss: 1.497315526008606
[DEBUG] 2025-12-10 20:55:36,745 - model.dqn - Training loss: 1.1629209518432617
[DEBUG] 2025-12-10 20:55:37,016 - model.dqn - Training loss: 1.337086796760559
[DEBUG] 2025-12-10 20:55:37,287 - model.dqn - Training loss: 1.053606390953064
[DEBUG] 2025-12-10 20:55:37,559 - model.dqn - Training loss: 1.000270962715149
[DEBUG] 2025-12-10 20:55:37,829 - model.dqn - Training loss: 0.8815212845802307
[DEBUG] 2025-12-10 20:55:38,101 - model.dqn - Training loss: 1.034290075302124
[DEBUG] 2025-12-10 20:55:38,369 - model.dqn - Training loss: 1.0324198007583618
[DEBUG] 2025-12-10 20:55:38,640 - model.dqn - Training loss: 1.543676733970642
[DEBUG] 2025-12-10 20:55:38,913 - model.dqn - Training loss: 1.3923598527908325
[DEBUG] 2025-12-10 20:55:39,186 - model.dqn - Training loss: 1.0849499702453613
[DEBUG] 2025-12-10 20:55:39,456 - model.dqn - Training loss: 0.70489901304245
[DEBUG] 2025-12-10 20:55:39,729 - model.dqn - Training loss: 1.3132909536361694
[DEBUG] 2025-12-10 20:55:40,004 - model.dqn - Training loss: 1.106921911239624
[DEBUG] 2025-12-10 20:55:40,277 - model.dqn - Training loss: 1.3947561979293823
[DEBUG] 2025-12-10 20:55:40,560 - model.dqn - Training loss: 1.3506537675857544
[DEBUG] 2025-12-10 20:55:40,848 - model.dqn - Training loss: 1.0784403085708618
[DEBUG] 2025-12-10 20:55:41,134 - model.dqn - Training loss: 0.9050161242485046
[DEBUG] 2025-12-10 20:55:41,433 - model.dqn - Training loss: 1.29705011844635
[DEBUG] 2025-12-10 20:55:41,731 - model.dqn - Training loss: 1.3601322174072266
[DEBUG] 2025-12-10 20:55:42,024 - model.dqn - Training loss: 1.248774528503418
[DEBUG] 2025-12-10 20:55:42,309 - model.dqn - Training loss: 0.9131695032119751
[DEBUG] 2025-12-10 20:55:42,594 - model.dqn - Training loss: 1.2884646654129028
[DEBUG] 2025-12-10 20:55:42,883 - model.dqn - Training loss: 1.0770492553710938
[DEBUG] 2025-12-10 20:55:43,164 - model.dqn - Training loss: 1.4172419309616089
[DEBUG] 2025-12-10 20:55:43,447 - model.dqn - Training loss: 1.4162691831588745
[DEBUG] 2025-12-10 20:55:43,721 - model.dqn - Training loss: 1.5875309705734253
[DEBUG] 2025-12-10 20:55:43,995 - model.dqn - Training loss: 1.5085960626602173
[DEBUG] 2025-12-10 20:55:44,269 - model.dqn - Training loss: 1.618933916091919
[DEBUG] 2025-12-10 20:55:44,548 - model.dqn - Training loss: 1.3627513647079468
[DEBUG] 2025-12-10 20:55:44,821 - model.dqn - Training loss: 1.4671096801757812
[DEBUG] 2025-12-10 20:55:45,097 - model.dqn - Training loss: 1.140873908996582
[DEBUG] 2025-12-10 20:55:45,376 - model.dqn - Training loss: 1.025985598564148
[DEBUG] 2025-12-10 20:55:45,651 - model.dqn - Training loss: 1.229879379272461
[DEBUG] 2025-12-10 20:55:45,928 - model.dqn - Training loss: 1.2993249893188477
[DEBUG] 2025-12-10 20:55:46,222 - model.dqn - Training loss: 1.4911004304885864
[DEBUG] 2025-12-10 20:55:46,499 - model.dqn - Training loss: 1.2899411916732788
[DEBUG] 2025-12-10 20:55:46,771 - model.dqn - Training loss: 1.1369378566741943
[DEBUG] 2025-12-10 20:55:47,064 - model.dqn - Training loss: 1.494395136833191
[DEBUG] 2025-12-10 20:55:47,347 - model.dqn - Training loss: 0.9749410152435303
[DEBUG] 2025-12-10 20:55:47,628 - model.dqn - Training loss: 1.4856091737747192
[DEBUG] 2025-12-10 20:55:47,915 - model.dqn - Training loss: 1.590415358543396
[DEBUG] 2025-12-10 20:55:48,199 - model.dqn - Training loss: 0.8409579396247864
[DEBUG] 2025-12-10 20:55:48,486 - model.dqn - Training loss: 1.5369840860366821
[DEBUG] 2025-12-10 20:55:48,775 - model.dqn - Training loss: 1.348167896270752
[DEBUG] 2025-12-10 20:55:49,111 - model.dqn - Training loss: 1.8568534851074219
[DEBUG] 2025-12-10 20:55:49,395 - model.dqn - Training loss: 1.5949100255966187
[DEBUG] 2025-12-10 20:55:49,700 - model.dqn - Training loss: 1.240431308746338
[DEBUG] 2025-12-10 20:55:49,995 - model.dqn - Training loss: 1.2995017766952515
[DEBUG] 2025-12-10 20:55:50,284 - model.dqn - Training loss: 1.2057994604110718
[DEBUG] 2025-12-10 20:55:50,569 - model.dqn - Training loss: 1.503307580947876
[DEBUG] 2025-12-10 20:55:50,848 - model.dqn - Training loss: 1.840247631072998
[DEBUG] 2025-12-10 20:55:51,122 - model.dqn - Training loss: 1.4715080261230469
[DEBUG] 2025-12-10 20:55:51,397 - model.dqn - Training loss: 1.7835464477539062
[DEBUG] 2025-12-10 20:55:51,679 - model.dqn - Training loss: 1.4543464183807373
[DEBUG] 2025-12-10 20:55:51,967 - model.dqn - Training loss: 1.4005398750305176
[DEBUG] 2025-12-10 20:55:52,251 - model.dqn - Training loss: 1.863545298576355
[DEBUG] 2025-12-10 20:55:52,529 - model.dqn - Training loss: 1.6261909008026123
[DEBUG] 2025-12-10 20:55:52,805 - model.dqn - Training loss: 1.3969169855117798
[DEBUG] 2025-12-10 20:55:53,141 - model.dqn - Training loss: 1.3114384412765503
[DEBUG] 2025-12-10 20:55:53,440 - model.dqn - Training loss: 1.9960718154907227
[DEBUG] 2025-12-10 20:55:53,732 - model.dqn - Training loss: 1.7982484102249146
[DEBUG] 2025-12-10 20:55:54,021 - model.dqn - Training loss: 2.026700258255005
[DEBUG] 2025-12-10 20:55:54,304 - model.dqn - Training loss: 2.0373172760009766
[DEBUG] 2025-12-10 20:55:54,581 - model.dqn - Training loss: 1.496745228767395
[DEBUG] 2025-12-10 20:55:54,857 - model.dqn - Training loss: 1.3669726848602295
[DEBUG] 2025-12-10 20:55:55,163 - model.dqn - Training loss: 1.331873893737793
[DEBUG] 2025-12-10 20:55:55,448 - model.dqn - Training loss: 1.5480902194976807
[DEBUG] 2025-12-10 20:55:55,722 - model.dqn - Training loss: 1.7152072191238403
[DEBUG] 2025-12-10 20:55:56,019 - model.dqn - Training loss: 1.6259719133377075
[DEBUG] 2025-12-10 20:55:56,308 - model.dqn - Training loss: 1.4930166006088257
[DEBUG] 2025-12-10 20:55:56,593 - model.dqn - Training loss: 1.6213107109069824
[DEBUG] 2025-12-10 20:55:56,873 - model.dqn - Training loss: 1.2727402448654175
[DEBUG] 2025-12-10 20:55:57,147 - model.dqn - Training loss: 1.457472801208496
[DEBUG] 2025-12-10 20:55:57,426 - model.dqn - Training loss: 1.7452175617218018
[DEBUG] 2025-12-10 20:55:57,708 - model.dqn - Training loss: 1.3906224966049194
[DEBUG] 2025-12-10 20:55:57,984 - model.dqn - Training loss: 1.579270362854004
[DEBUG] 2025-12-10 20:55:58,263 - model.dqn - Training loss: 1.5775185823440552
[DEBUG] 2025-12-10 20:55:58,540 - model.dqn - Training loss: 1.6434588432312012
[DEBUG] 2025-12-10 20:55:58,814 - model.dqn - Training loss: 1.5889371633529663
[DEBUG] 2025-12-10 20:55:59,087 - model.dqn - Training loss: 1.5740365982055664
[INFO] 2025-12-10 20:55:59,087 - main - Training completed. Move to evaluation phase.
[INFO] 2025-12-10 20:55:59,111 - verifier.verifier - Evaluation for protocol <atomic_commit> completed.
[INFO] 2025-12-10 20:55:59,111 - verifier.verifier - Setting: players=4, rounds=2
[INFO] 2025-12-10 20:55:59,111 - verifier.verifier - Result: 35 failed cases out of 35 total cases.
[INFO] 2025-12-10 20:55:59,111 - verifier.verifier - Accumulated reward: -140
[INFO] 2025-12-10 20:55:59,111 - main - Epoch 7/100, training on 35 failed cases from last evaluation.
[DEBUG] 2025-12-10 20:55:59,388 - model.dqn - Training loss: 1.8225007057189941
[DEBUG] 2025-12-10 20:55:59,664 - model.dqn - Training loss: 1.8274405002593994
[DEBUG] 2025-12-10 20:55:59,941 - model.dqn - Training loss: 1.7404612302780151
[DEBUG] 2025-12-10 20:56:00,223 - model.dqn - Training loss: 1.8818888664245605
[DEBUG] 2025-12-10 20:56:00,503 - model.dqn - Training loss: 2.042433023452759
[DEBUG] 2025-12-10 20:56:00,787 - model.dqn - Training loss: 1.2314631938934326
[DEBUG] 2025-12-10 20:56:01,068 - model.dqn - Training loss: 1.792510747909546
[DEBUG] 2025-12-10 20:56:01,353 - model.dqn - Training loss: 1.603803277015686
[DEBUG] 2025-12-10 20:56:01,631 - model.dqn - Training loss: 1.896288514137268
[DEBUG] 2025-12-10 20:56:01,918 - model.dqn - Training loss: 1.6891136169433594
[DEBUG] 2025-12-10 20:56:02,201 - model.dqn - Training loss: 1.5451551675796509
[DEBUG] 2025-12-10 20:56:02,487 - model.dqn - Training loss: 1.4207080602645874
[DEBUG] 2025-12-10 20:56:02,764 - model.dqn - Training loss: 1.6967582702636719
[DEBUG] 2025-12-10 20:56:03,040 - model.dqn - Training loss: 1.4702221155166626
[DEBUG] 2025-12-10 20:56:03,321 - model.dqn - Training loss: 1.683220624923706
[DEBUG] 2025-12-10 20:56:03,596 - model.dqn - Training loss: 1.6539236307144165
[DEBUG] 2025-12-10 20:56:03,873 - model.dqn - Training loss: 1.449094533920288
[DEBUG] 2025-12-10 20:56:04,148 - model.dqn - Training loss: 1.7369152307510376
[DEBUG] 2025-12-10 20:56:04,422 - model.dqn - Training loss: 1.8203948736190796
[DEBUG] 2025-12-10 20:56:04,696 - model.dqn - Training loss: 1.659850835800171
[DEBUG] 2025-12-10 20:56:04,970 - model.dqn - Training loss: 1.822192907333374
[DEBUG] 2025-12-10 20:56:05,242 - model.dqn - Training loss: 1.593399167060852
[DEBUG] 2025-12-10 20:56:05,515 - model.dqn - Training loss: 1.4884474277496338
[DEBUG] 2025-12-10 20:56:05,796 - model.dqn - Training loss: 1.4204944372177124
[DEBUG] 2025-12-10 20:56:06,073 - model.dqn - Training loss: 1.4410395622253418
[DEBUG] 2025-12-10 20:56:06,359 - model.dqn - Training loss: 1.6542727947235107
[DEBUG] 2025-12-10 20:56:06,634 - model.dqn - Training loss: 1.238492727279663
[DEBUG] 2025-12-10 20:56:06,914 - model.dqn - Training loss: 1.1736310720443726
[DEBUG] 2025-12-10 20:56:07,188 - model.dqn - Training loss: 1.1539133787155151
[DEBUG] 2025-12-10 20:56:07,464 - model.dqn - Training loss: 1.8785619735717773
[DEBUG] 2025-12-10 20:56:07,747 - model.dqn - Training loss: 1.1630064249038696
[DEBUG] 2025-12-10 20:56:08,025 - model.dqn - Training loss: 1.185707926750183
[DEBUG] 2025-12-10 20:56:08,301 - model.dqn - Training loss: 1.208869457244873
[DEBUG] 2025-12-10 20:56:08,582 - model.dqn - Training loss: 1.4729804992675781
[DEBUG] 2025-12-10 20:56:08,865 - model.dqn - Training loss: 1.1653976440429688
[DEBUG] 2025-12-10 20:56:09,148 - model.dqn - Training loss: 1.374548077583313
[DEBUG] 2025-12-10 20:56:09,434 - model.dqn - Training loss: 1.498728632926941
[DEBUG] 2025-12-10 20:56:09,715 - model.dqn - Training loss: 1.5085712671279907
[DEBUG] 2025-12-10 20:56:09,999 - model.dqn - Training loss: 1.4362549781799316
[DEBUG] 2025-12-10 20:56:10,283 - model.dqn - Training loss: 1.3999334573745728
[DEBUG] 2025-12-10 20:56:10,568 - model.dqn - Training loss: 1.7603187561035156
[DEBUG] 2025-12-10 20:56:10,849 - model.dqn - Training loss: 0.9380326271057129
[DEBUG] 2025-12-10 20:56:11,138 - model.dqn - Training loss: 1.3012315034866333
[DEBUG] 2025-12-10 20:56:11,430 - model.dqn - Training loss: 1.527806282043457
[DEBUG] 2025-12-10 20:56:11,715 - model.dqn - Training loss: 1.303798794746399
[DEBUG] 2025-12-10 20:56:11,994 - model.dqn - Training loss: 1.0961089134216309
[DEBUG] 2025-12-10 20:56:12,273 - model.dqn - Training loss: 1.6598842144012451
[DEBUG] 2025-12-10 20:56:12,551 - model.dqn - Training loss: 1.2614259719848633
[DEBUG] 2025-12-10 20:56:12,829 - model.dqn - Training loss: 1.5277069807052612
[DEBUG] 2025-12-10 20:56:13,106 - model.dqn - Training loss: 1.1388070583343506
[DEBUG] 2025-12-10 20:56:13,383 - model.dqn - Training loss: 1.1616320610046387
[DEBUG] 2025-12-10 20:56:13,660 - model.dqn - Training loss: 1.5909509658813477
[DEBUG] 2025-12-10 20:56:13,938 - model.dqn - Training loss: 1.28543221950531
[DEBUG] 2025-12-10 20:56:14,216 - model.dqn - Training loss: 1.6459335088729858
[DEBUG] 2025-12-10 20:56:14,501 - model.dqn - Training loss: 1.4080475568771362
[DEBUG] 2025-12-10 20:56:14,781 - model.dqn - Training loss: 1.4281302690505981
[DEBUG] 2025-12-10 20:56:15,064 - model.dqn - Training loss: 1.7166928052902222
[DEBUG] 2025-12-10 20:56:15,346 - model.dqn - Training loss: 1.2641528844833374
[DEBUG] 2025-12-10 20:56:15,630 - model.dqn - Training loss: 1.0051573514938354
[DEBUG] 2025-12-10 20:56:15,915 - model.dqn - Training loss: 1.4053577184677124
[DEBUG] 2025-12-10 20:56:16,198 - model.dqn - Training loss: 1.5583105087280273
[DEBUG] 2025-12-10 20:56:16,482 - model.dqn - Training loss: 1.6229890584945679
[DEBUG] 2025-12-10 20:56:16,765 - model.dqn - Training loss: 1.2899787425994873
[DEBUG] 2025-12-10 20:56:17,043 - model.dqn - Training loss: 1.011517882347107
[DEBUG] 2025-12-10 20:56:17,323 - model.dqn - Training loss: 1.4480513334274292
[DEBUG] 2025-12-10 20:56:17,623 - model.dqn - Training loss: 1.1802746057510376
[DEBUG] 2025-12-10 20:56:17,913 - model.dqn - Training loss: 1.5125246047973633
[DEBUG] 2025-12-10 20:56:18,203 - model.dqn - Training loss: 0.8705586194992065
[DEBUG] 2025-12-10 20:56:18,479 - model.dqn - Training loss: 1.0669937133789062
[DEBUG] 2025-12-10 20:56:18,774 - model.dqn - Training loss: 1.0901753902435303
[DEBUG] 2025-12-10 20:56:19,059 - model.dqn - Training loss: 1.8207862377166748
[DEBUG] 2025-12-10 20:56:19,349 - model.dqn - Training loss: 1.10930335521698
[DEBUG] 2025-12-10 20:56:19,642 - model.dqn - Training loss: 1.316696047782898
[DEBUG] 2025-12-10 20:56:19,927 - model.dqn - Training loss: 1.3763651847839355
[DEBUG] 2025-12-10 20:56:20,220 - model.dqn - Training loss: 0.9600152373313904
[DEBUG] 2025-12-10 20:56:20,510 - model.dqn - Training loss: 0.9870451092720032
[DEBUG] 2025-12-10 20:56:20,796 - model.dqn - Training loss: 1.3068387508392334
[DEBUG] 2025-12-10 20:56:21,081 - model.dqn - Training loss: 1.072337031364441
[DEBUG] 2025-12-10 20:56:21,368 - model.dqn - Training loss: 1.193996787071228
[DEBUG] 2025-12-10 20:56:21,654 - model.dqn - Training loss: 1.1761168241500854
[DEBUG] 2025-12-10 20:56:21,949 - model.dqn - Training loss: 1.139662265777588
[DEBUG] 2025-12-10 20:56:22,237 - model.dqn - Training loss: 0.6613439321517944
[DEBUG] 2025-12-10 20:56:22,525 - model.dqn - Training loss: 1.4506113529205322
[DEBUG] 2025-12-10 20:56:22,810 - model.dqn - Training loss: 1.4315533638000488
[DEBUG] 2025-12-10 20:56:23,151 - model.dqn - Training loss: 0.680013120174408
[DEBUG] 2025-12-10 20:56:23,434 - model.dqn - Training loss: 1.236383318901062
[DEBUG] 2025-12-10 20:56:23,720 - model.dqn - Training loss: 0.993751049041748
[DEBUG] 2025-12-10 20:56:24,014 - model.dqn - Training loss: 0.9135187268257141
[DEBUG] 2025-12-10 20:56:24,303 - model.dqn - Training loss: 1.1525921821594238
[DEBUG] 2025-12-10 20:56:24,590 - model.dqn - Training loss: 1.0137337446212769
[DEBUG] 2025-12-10 20:56:24,870 - model.dqn - Training loss: 0.9161136150360107
[DEBUG] 2025-12-10 20:56:25,148 - model.dqn - Training loss: 1.2723846435546875
[DEBUG] 2025-12-10 20:56:25,432 - model.dqn - Training loss: 1.3230843544006348
[DEBUG] 2025-12-10 20:56:25,725 - model.dqn - Training loss: 0.7922958731651306
[DEBUG] 2025-12-10 20:56:26,019 - model.dqn - Training loss: 0.8050945997238159
[DEBUG] 2025-12-10 20:56:26,306 - model.dqn - Training loss: 1.209841251373291
[DEBUG] 2025-12-10 20:56:26,592 - model.dqn - Training loss: 0.7517040371894836
[DEBUG] 2025-12-10 20:56:26,870 - model.dqn - Training loss: 1.0884602069854736
[DEBUG] 2025-12-10 20:56:27,147 - model.dqn - Training loss: 1.0801061391830444
[DEBUG] 2025-12-10 20:56:27,422 - model.dqn - Training loss: 0.8133667707443237
[INFO] 2025-12-10 20:56:27,422 - main - Training completed. Move to evaluation phase.
[INFO] 2025-12-10 20:56:27,446 - verifier.verifier - Evaluation for protocol <atomic_commit> completed.
[INFO] 2025-12-10 20:56:27,446 - verifier.verifier - Setting: players=4, rounds=2
[INFO] 2025-12-10 20:56:27,446 - verifier.verifier - Result: 35 failed cases out of 35 total cases.
[INFO] 2025-12-10 20:56:27,446 - verifier.verifier - Accumulated reward: -140
[INFO] 2025-12-10 20:56:27,446 - main - Epoch 8/100, training on 35 failed cases from last evaluation.
[DEBUG] 2025-12-10 20:56:27,723 - model.dqn - Training loss: 0.6704822778701782
[DEBUG] 2025-12-10 20:56:28,002 - model.dqn - Training loss: 0.8314261436462402
[DEBUG] 2025-12-10 20:56:28,282 - model.dqn - Training loss: 1.0093598365783691
[DEBUG] 2025-12-10 20:56:28,562 - model.dqn - Training loss: 0.626483142375946
[DEBUG] 2025-12-10 20:56:28,843 - model.dqn - Training loss: 0.6195558309555054
[DEBUG] 2025-12-10 20:56:29,126 - model.dqn - Training loss: 1.1650687456130981
[DEBUG] 2025-12-10 20:56:29,406 - model.dqn - Training loss: 0.7987909913063049
[DEBUG] 2025-12-10 20:56:29,686 - model.dqn - Training loss: 0.7695424556732178
[DEBUG] 2025-12-10 20:56:29,966 - model.dqn - Training loss: 0.8071788549423218
[DEBUG] 2025-12-10 20:56:30,247 - model.dqn - Training loss: 0.896508514881134
[DEBUG] 2025-12-10 20:56:30,536 - model.dqn - Training loss: 1.2445393800735474
[DEBUG] 2025-12-10 20:56:30,828 - model.dqn - Training loss: 0.6406312584877014
[DEBUG] 2025-12-10 20:56:31,114 - model.dqn - Training loss: 0.4398050606250763
[DEBUG] 2025-12-10 20:56:31,395 - model.dqn - Training loss: 0.884552538394928
[DEBUG] 2025-12-10 20:56:31,676 - model.dqn - Training loss: 1.0161670446395874
[DEBUG] 2025-12-10 20:56:31,962 - model.dqn - Training loss: 0.766735315322876
[DEBUG] 2025-12-10 20:56:32,248 - model.dqn - Training loss: 0.9364773035049438
[DEBUG] 2025-12-10 20:56:32,539 - model.dqn - Training loss: 1.1625077724456787
[DEBUG] 2025-12-10 20:56:32,832 - model.dqn - Training loss: 0.6845848560333252
[DEBUG] 2025-12-10 20:56:33,121 - model.dqn - Training loss: 0.8344869017601013
[DEBUG] 2025-12-10 20:56:33,412 - model.dqn - Training loss: 0.8882415890693665
[DEBUG] 2025-12-10 20:56:33,703 - model.dqn - Training loss: 0.9346917271614075
[DEBUG] 2025-12-10 20:56:34,049 - model.dqn - Training loss: 0.7396448254585266
[DEBUG] 2025-12-10 20:56:34,343 - model.dqn - Training loss: 0.6164670586585999
[DEBUG] 2025-12-10 20:56:34,632 - model.dqn - Training loss: 0.39967188239097595
[DEBUG] 2025-12-10 20:56:34,919 - model.dqn - Training loss: 0.8979507684707642
[DEBUG] 2025-12-10 20:56:35,207 - model.dqn - Training loss: 1.0694736242294312
[DEBUG] 2025-12-10 20:56:35,484 - model.dqn - Training loss: 0.7582777738571167
[DEBUG] 2025-12-10 20:56:35,760 - model.dqn - Training loss: 0.8502967953681946
[DEBUG] 2025-12-10 20:56:36,042 - model.dqn - Training loss: 1.178331971168518
[DEBUG] 2025-12-10 20:56:36,323 - model.dqn - Training loss: 0.9855802059173584
[DEBUG] 2025-12-10 20:56:36,612 - model.dqn - Training loss: 1.259490966796875
[DEBUG] 2025-12-10 20:56:36,913 - model.dqn - Training loss: 1.2503501176834106
[DEBUG] 2025-12-10 20:56:37,214 - model.dqn - Training loss: 1.1830854415893555
[DEBUG] 2025-12-10 20:56:37,503 - model.dqn - Training loss: 1.3598272800445557
[DEBUG] 2025-12-10 20:56:37,802 - model.dqn - Training loss: 1.3238003253936768
[DEBUG] 2025-12-10 20:56:38,097 - model.dqn - Training loss: 0.9943074584007263
[DEBUG] 2025-12-10 20:56:38,395 - model.dqn - Training loss: 1.125007152557373
[DEBUG] 2025-12-10 20:56:38,684 - model.dqn - Training loss: 1.182590365409851
[DEBUG] 2025-12-10 20:56:38,980 - model.dqn - Training loss: 1.153325080871582
[DEBUG] 2025-12-10 20:56:39,273 - model.dqn - Training loss: 0.9371457099914551
[DEBUG] 2025-12-10 20:56:39,559 - model.dqn - Training loss: 1.1245793104171753
[DEBUG] 2025-12-10 20:56:39,846 - model.dqn - Training loss: 1.141559362411499
[DEBUG] 2025-12-10 20:56:40,130 - model.dqn - Training loss: 1.0567618608474731
[DEBUG] 2025-12-10 20:56:40,414 - model.dqn - Training loss: 1.2846646308898926
[DEBUG] 2025-12-10 20:56:40,700 - model.dqn - Training loss: 0.8579887747764587
[DEBUG] 2025-12-10 20:56:40,979 - model.dqn - Training loss: 1.0285362005233765
[DEBUG] 2025-12-10 20:56:41,262 - model.dqn - Training loss: 1.1923627853393555
[DEBUG] 2025-12-10 20:56:41,557 - model.dqn - Training loss: 1.1713885068893433
[DEBUG] 2025-12-10 20:56:41,859 - model.dqn - Training loss: 1.3002798557281494
[DEBUG] 2025-12-10 20:56:42,152 - model.dqn - Training loss: 1.236176609992981
[DEBUG] 2025-12-10 20:56:42,447 - model.dqn - Training loss: 0.9452582597732544
[DEBUG] 2025-12-10 20:56:42,740 - model.dqn - Training loss: 0.7958762645721436
[DEBUG] 2025-12-10 20:56:43,023 - model.dqn - Training loss: 1.0536518096923828
[DEBUG] 2025-12-10 20:56:43,356 - model.dqn - Training loss: 0.9041621088981628
[DEBUG] 2025-12-10 20:56:43,661 - model.dqn - Training loss: 1.1047559976577759
[DEBUG] 2025-12-10 20:56:43,954 - model.dqn - Training loss: 0.7344615459442139
[DEBUG] 2025-12-10 20:56:44,245 - model.dqn - Training loss: 1.1821258068084717
[DEBUG] 2025-12-10 20:56:44,527 - model.dqn - Training loss: 1.3015669584274292
[DEBUG] 2025-12-10 20:56:44,814 - model.dqn - Training loss: 0.8561924695968628
[DEBUG] 2025-12-10 20:56:45,106 - model.dqn - Training loss: 1.111282467842102
[DEBUG] 2025-12-10 20:56:45,408 - model.dqn - Training loss: 1.2200433015823364
[DEBUG] 2025-12-10 20:56:45,696 - model.dqn - Training loss: 1.1105310916900635
[DEBUG] 2025-12-10 20:56:45,990 - model.dqn - Training loss: 0.9993537068367004
[DEBUG] 2025-12-10 20:56:46,278 - model.dqn - Training loss: 1.370875597000122
[DEBUG] 2025-12-10 20:56:46,560 - model.dqn - Training loss: 1.1985011100769043
[DEBUG] 2025-12-10 20:56:46,844 - model.dqn - Training loss: 1.073022723197937
[DEBUG] 2025-12-10 20:56:47,126 - model.dqn - Training loss: 0.9708502888679504
[DEBUG] 2025-12-10 20:56:47,410 - model.dqn - Training loss: 1.3293038606643677
[DEBUG] 2025-12-10 20:56:47,690 - model.dqn - Training loss: 1.3439257144927979
[DEBUG] 2025-12-10 20:56:47,969 - model.dqn - Training loss: 1.3921091556549072
[DEBUG] 2025-12-10 20:56:48,244 - model.dqn - Training loss: 1.1298930644989014
[DEBUG] 2025-12-10 20:56:48,520 - model.dqn - Training loss: 1.4177796840667725
[DEBUG] 2025-12-10 20:56:48,797 - model.dqn - Training loss: 1.2493444681167603
[DEBUG] 2025-12-10 20:56:49,085 - model.dqn - Training loss: 1.22904634475708
[DEBUG] 2025-12-10 20:56:49,365 - model.dqn - Training loss: 1.2015025615692139
[DEBUG] 2025-12-10 20:56:49,641 - model.dqn - Training loss: 1.2476892471313477
[DEBUG] 2025-12-10 20:56:49,930 - model.dqn - Training loss: 1.0377103090286255
[DEBUG] 2025-12-10 20:56:50,212 - model.dqn - Training loss: 0.8932523131370544
[DEBUG] 2025-12-10 20:56:50,495 - model.dqn - Training loss: 1.4280717372894287
[DEBUG] 2025-12-10 20:56:50,781 - model.dqn - Training loss: 0.9406059980392456
[DEBUG] 2025-12-10 20:56:51,071 - model.dqn - Training loss: 1.2384719848632812
[DEBUG] 2025-12-10 20:56:51,357 - model.dqn - Training loss: 1.0984963178634644
[DEBUG] 2025-12-10 20:56:51,648 - model.dqn - Training loss: 1.4900535345077515
[DEBUG] 2025-12-10 20:56:51,991 - model.dqn - Training loss: 1.2887555360794067
[DEBUG] 2025-12-10 20:56:52,284 - model.dqn - Training loss: 1.2512853145599365
[DEBUG] 2025-12-10 20:56:52,586 - model.dqn - Training loss: 1.0952067375183105
[DEBUG] 2025-12-10 20:56:52,874 - model.dqn - Training loss: 1.4376819133758545
[DEBUG] 2025-12-10 20:56:53,163 - model.dqn - Training loss: 1.1151328086853027
[DEBUG] 2025-12-10 20:56:53,454 - model.dqn - Training loss: 1.212284803390503
[DEBUG] 2025-12-10 20:56:53,761 - model.dqn - Training loss: 1.3037922382354736
[DEBUG] 2025-12-10 20:56:54,058 - model.dqn - Training loss: 1.5440688133239746
[DEBUG] 2025-12-10 20:56:54,351 - model.dqn - Training loss: 1.3358334302902222
[DEBUG] 2025-12-10 20:56:54,636 - model.dqn - Training loss: 1.293975830078125
[DEBUG] 2025-12-10 20:56:54,931 - model.dqn - Training loss: 1.2215889692306519
[DEBUG] 2025-12-10 20:56:55,210 - model.dqn - Training loss: 1.0913991928100586
[DEBUG] 2025-12-10 20:56:55,501 - model.dqn - Training loss: 1.2448487281799316
[DEBUG] 2025-12-10 20:56:55,790 - model.dqn - Training loss: 1.4118012189865112
[DEBUG] 2025-12-10 20:56:56,066 - model.dqn - Training loss: 0.805730402469635
[DEBUG] 2025-12-10 20:56:56,354 - model.dqn - Training loss: 1.2917866706848145
[INFO] 2025-12-10 20:56:56,354 - main - Training completed. Move to evaluation phase.
[INFO] 2025-12-10 20:56:56,379 - verifier.verifier - Evaluation for protocol <atomic_commit> completed.
[INFO] 2025-12-10 20:56:56,379 - verifier.verifier - Setting: players=4, rounds=2
[INFO] 2025-12-10 20:56:56,379 - verifier.verifier - Result: 0 failed cases out of 35 total cases.
[INFO] 2025-12-10 20:56:56,379 - verifier.verifier - Accumulated reward: 35
[INFO] 2025-12-10 20:56:56,379 - main - All failed cases passed verification!
[INFO] 2025-12-10 20:56:56,379 - main - Move to final evaluation on all inputs.
[INFO] 2025-12-10 20:56:56,424 - verifier.verifier - Evaluation for protocol <atomic_commit> completed.
[INFO] 2025-12-10 20:56:56,424 - verifier.verifier - Setting: players=4, rounds=2
[INFO] 2025-12-10 20:56:56,424 - verifier.verifier - Result: 1 failed cases out of 69 total cases.
[INFO] 2025-12-10 20:56:56,424 - verifier.verifier - Accumulated reward: 64
[INFO] 2025-12-10 20:56:56,424 - main - 1 failed cases remain after final evaluation.
[INFO] 2025-12-10 20:56:56,424 - main - Epoch 9/100, training on 1 failed cases from last evaluation.
[DEBUG] 2025-12-10 20:56:56,719 - model.dqn - Training loss: 1.2524892091751099
[DEBUG] 2025-12-10 20:56:57,005 - model.dqn - Training loss: 1.261022925376892
[DEBUG] 2025-12-10 20:56:57,283 - model.dqn - Training loss: 1.1797432899475098
[DEBUG] 2025-12-10 20:56:57,564 - model.dqn - Training loss: 1.2836710214614868
[DEBUG] 2025-12-10 20:56:57,845 - model.dqn - Training loss: 1.274359107017517
[DEBUG] 2025-12-10 20:56:58,128 - model.dqn - Training loss: 1.2153068780899048
[DEBUG] 2025-12-10 20:56:58,408 - model.dqn - Training loss: 1.1918084621429443
[DEBUG] 2025-12-10 20:56:58,689 - model.dqn - Training loss: 1.0152314901351929
[DEBUG] 2025-12-10 20:56:58,967 - model.dqn - Training loss: 1.0738272666931152
[DEBUG] 2025-12-10 20:56:59,242 - model.dqn - Training loss: 1.243887186050415
[DEBUG] 2025-12-10 20:56:59,516 - model.dqn - Training loss: 1.3709651231765747
[DEBUG] 2025-12-10 20:56:59,796 - model.dqn - Training loss: 1.2244634628295898
[DEBUG] 2025-12-10 20:57:00,071 - model.dqn - Training loss: 1.1733852624893188
[DEBUG] 2025-12-10 20:57:00,343 - model.dqn - Training loss: 1.3567616939544678
[DEBUG] 2025-12-10 20:57:00,616 - model.dqn - Training loss: 1.3842592239379883
[DEBUG] 2025-12-10 20:57:00,888 - model.dqn - Training loss: 1.0089792013168335
[DEBUG] 2025-12-10 20:57:01,158 - model.dqn - Training loss: 1.6175410747528076
[DEBUG] 2025-12-10 20:57:01,429 - model.dqn - Training loss: 1.1895508766174316
[DEBUG] 2025-12-10 20:57:01,709 - model.dqn - Training loss: 1.333185076713562
[DEBUG] 2025-12-10 20:57:01,986 - model.dqn - Training loss: 1.126129150390625
[DEBUG] 2025-12-10 20:57:02,271 - model.dqn - Training loss: 0.944256603717804
[DEBUG] 2025-12-10 20:57:02,555 - model.dqn - Training loss: 1.6105384826660156
[DEBUG] 2025-12-10 20:57:02,884 - model.dqn - Training loss: 1.2876653671264648
[DEBUG] 2025-12-10 20:57:03,178 - model.dqn - Training loss: 1.1983743906021118
[DEBUG] 2025-12-10 20:57:03,459 - model.dqn - Training loss: 1.2125831842422485
[DEBUG] 2025-12-10 20:57:03,734 - model.dqn - Training loss: 1.3875242471694946
[DEBUG] 2025-12-10 20:57:04,015 - model.dqn - Training loss: 1.2550969123840332
[DEBUG] 2025-12-10 20:57:04,298 - model.dqn - Training loss: 1.4470436573028564
[DEBUG] 2025-12-10 20:57:04,575 - model.dqn - Training loss: 1.153082251548767
[DEBUG] 2025-12-10 20:57:04,851 - model.dqn - Training loss: 1.0967124700546265
[DEBUG] 2025-12-10 20:57:05,128 - model.dqn - Training loss: 1.0972952842712402
[DEBUG] 2025-12-10 20:57:05,408 - model.dqn - Training loss: 1.3981010913848877
[DEBUG] 2025-12-10 20:57:05,685 - model.dqn - Training loss: 1.4287168979644775
[DEBUG] 2025-12-10 20:57:05,960 - model.dqn - Training loss: 1.2607117891311646
[DEBUG] 2025-12-10 20:57:06,237 - model.dqn - Training loss: 1.1978874206542969
[DEBUG] 2025-12-10 20:57:06,513 - model.dqn - Training loss: 1.2895925045013428
[DEBUG] 2025-12-10 20:57:06,794 - model.dqn - Training loss: 1.206457495689392
[DEBUG] 2025-12-10 20:57:07,084 - model.dqn - Training loss: 1.7078580856323242
[DEBUG] 2025-12-10 20:57:07,370 - model.dqn - Training loss: 1.0253922939300537
[DEBUG] 2025-12-10 20:57:07,655 - model.dqn - Training loss: 0.9364106059074402
[DEBUG] 2025-12-10 20:57:07,944 - model.dqn - Training loss: 1.2079802751541138
[DEBUG] 2025-12-10 20:57:08,229 - model.dqn - Training loss: 1.5591939687728882
[DEBUG] 2025-12-10 20:57:08,518 - model.dqn - Training loss: 1.4828130006790161
[DEBUG] 2025-12-10 20:57:08,806 - model.dqn - Training loss: 1.0269951820373535
[DEBUG] 2025-12-10 20:57:09,088 - model.dqn - Training loss: 1.0698188543319702
[DEBUG] 2025-12-10 20:57:09,365 - model.dqn - Training loss: 1.1178419589996338
[DEBUG] 2025-12-10 20:57:09,645 - model.dqn - Training loss: 1.2738128900527954
[DEBUG] 2025-12-10 20:57:09,925 - model.dqn - Training loss: 1.3399196863174438
[DEBUG] 2025-12-10 20:57:10,216 - model.dqn - Training loss: 0.9775876998901367
[DEBUG] 2025-12-10 20:57:10,509 - model.dqn - Training loss: 1.395060420036316
[DEBUG] 2025-12-10 20:57:10,803 - model.dqn - Training loss: 1.1315357685089111
[DEBUG] 2025-12-10 20:57:11,087 - model.dqn - Training loss: 1.3117560148239136
[DEBUG] 2025-12-10 20:57:11,429 - model.dqn - Training loss: 1.5404064655303955
[DEBUG] 2025-12-10 20:57:11,716 - model.dqn - Training loss: 1.3467035293579102
[DEBUG] 2025-12-10 20:57:12,003 - model.dqn - Training loss: 1.1088758707046509
[DEBUG] 2025-12-10 20:57:12,291 - model.dqn - Training loss: 1.1906325817108154
[DEBUG] 2025-12-10 20:57:12,575 - model.dqn - Training loss: 1.1689066886901855
[DEBUG] 2025-12-10 20:57:12,859 - model.dqn - Training loss: 1.226961612701416
[DEBUG] 2025-12-10 20:57:13,144 - model.dqn - Training loss: 1.1407159566879272
[DEBUG] 2025-12-10 20:57:13,426 - model.dqn - Training loss: 1.2113194465637207
[DEBUG] 2025-12-10 20:57:13,710 - model.dqn - Training loss: 0.9957486987113953
[DEBUG] 2025-12-10 20:57:13,997 - model.dqn - Training loss: 1.1114675998687744
[DEBUG] 2025-12-10 20:57:14,289 - model.dqn - Training loss: 1.4584025144577026
[DEBUG] 2025-12-10 20:57:14,574 - model.dqn - Training loss: 1.58820378780365
[DEBUG] 2025-12-10 20:57:14,859 - model.dqn - Training loss: 1.2769099473953247
[DEBUG] 2025-12-10 20:57:15,143 - model.dqn - Training loss: 1.5381639003753662
[DEBUG] 2025-12-10 20:57:15,436 - model.dqn - Training loss: 1.4075403213500977
[DEBUG] 2025-12-10 20:57:15,724 - model.dqn - Training loss: 1.6431810855865479
[DEBUG] 2025-12-10 20:57:16,012 - model.dqn - Training loss: 1.6790729761123657
[DEBUG] 2025-12-10 20:57:16,297 - model.dqn - Training loss: 1.3480918407440186
[DEBUG] 2025-12-10 20:57:16,582 - model.dqn - Training loss: 1.782477617263794
[DEBUG] 2025-12-10 20:57:16,864 - model.dqn - Training loss: 1.4543192386627197
[DEBUG] 2025-12-10 20:57:17,153 - model.dqn - Training loss: 1.417687177658081
[DEBUG] 2025-12-10 20:57:17,436 - model.dqn - Training loss: 1.3550682067871094
[DEBUG] 2025-12-10 20:57:17,719 - model.dqn - Training loss: 1.183213233947754
[DEBUG] 2025-12-10 20:57:18,004 - model.dqn - Training loss: 1.1916937828063965
[DEBUG] 2025-12-10 20:57:18,298 - model.dqn - Training loss: 1.295889973640442
[DEBUG] 2025-12-10 20:57:18,584 - model.dqn - Training loss: 1.5023387670516968
[DEBUG] 2025-12-10 20:57:18,865 - model.dqn - Training loss: 1.4327589273452759
[DEBUG] 2025-12-10 20:57:19,144 - model.dqn - Training loss: 1.662109375
[DEBUG] 2025-12-10 20:57:19,422 - model.dqn - Training loss: 1.2419590950012207
[DEBUG] 2025-12-10 20:57:19,713 - model.dqn - Training loss: 1.5525782108306885
[DEBUG] 2025-12-10 20:57:20,008 - model.dqn - Training loss: 1.4265638589859009
[DEBUG] 2025-12-10 20:57:20,301 - model.dqn - Training loss: 1.3406751155853271
[DEBUG] 2025-12-10 20:57:20,594 - model.dqn - Training loss: 0.986049234867096
[DEBUG] 2025-12-10 20:57:20,875 - model.dqn - Training loss: 1.0949923992156982
[DEBUG] 2025-12-10 20:57:21,157 - model.dqn - Training loss: 1.3544180393218994
[DEBUG] 2025-12-10 20:57:21,436 - model.dqn - Training loss: 1.5147961378097534
[DEBUG] 2025-12-10 20:57:21,718 - model.dqn - Training loss: 1.1947565078735352
[DEBUG] 2025-12-10 20:57:21,998 - model.dqn - Training loss: 1.382251262664795
[DEBUG] 2025-12-10 20:57:22,275 - model.dqn - Training loss: 1.1490309238433838
[DEBUG] 2025-12-10 20:57:22,557 - model.dqn - Training loss: 1.845511794090271
[DEBUG] 2025-12-10 20:57:22,833 - model.dqn - Training loss: 1.4439579248428345
[DEBUG] 2025-12-10 20:57:23,109 - model.dqn - Training loss: 1.4203884601593018
[DEBUG] 2025-12-10 20:57:23,386 - model.dqn - Training loss: 1.3086097240447998
[DEBUG] 2025-12-10 20:57:23,660 - model.dqn - Training loss: 1.6336467266082764
[DEBUG] 2025-12-10 20:57:23,940 - model.dqn - Training loss: 1.5761228799819946
[DEBUG] 2025-12-10 20:57:24,219 - model.dqn - Training loss: 1.0799293518066406
[DEBUG] 2025-12-10 20:57:24,505 - model.dqn - Training loss: 1.5486388206481934
[DEBUG] 2025-12-10 20:57:24,782 - model.dqn - Training loss: 1.5224835872650146
[INFO] 2025-12-10 20:57:24,782 - main - Training completed. Move to evaluation phase.
[INFO] 2025-12-10 20:57:24,783 - verifier.verifier - Evaluation for protocol <atomic_commit> completed.
[INFO] 2025-12-10 20:57:24,783 - verifier.verifier - Setting: players=4, rounds=2
[INFO] 2025-12-10 20:57:24,783 - verifier.verifier - Result: 1 failed cases out of 1 total cases.
[INFO] 2025-12-10 20:57:24,783 - verifier.verifier - Accumulated reward: -4
[INFO] 2025-12-10 20:57:24,783 - main - Epoch 10/100, training on 1 failed cases from last evaluation.
[DEBUG] 2025-12-10 20:57:25,067 - model.dqn - Training loss: 1.2081758975982666
[DEBUG] 2025-12-10 20:57:25,346 - model.dqn - Training loss: 1.1571266651153564
[DEBUG] 2025-12-10 20:57:25,629 - model.dqn - Training loss: 0.9606614112854004
[DEBUG] 2025-12-10 20:57:25,916 - model.dqn - Training loss: 0.9616931080818176
[DEBUG] 2025-12-10 20:57:26,206 - model.dqn - Training loss: 1.4407273530960083
[DEBUG] 2025-12-10 20:57:26,502 - model.dqn - Training loss: 1.0258551836013794
[DEBUG] 2025-12-10 20:57:26,807 - model.dqn - Training loss: 1.2696022987365723
[DEBUG] 2025-12-10 20:57:27,092 - model.dqn - Training loss: 1.2109332084655762
[DEBUG] 2025-12-10 20:57:27,381 - model.dqn - Training loss: 1.6929090023040771
[DEBUG] 2025-12-10 20:57:27,663 - model.dqn - Training loss: 1.177803635597229
[DEBUG] 2025-12-10 20:57:27,957 - model.dqn - Training loss: 1.2939636707305908
[DEBUG] 2025-12-10 20:57:28,282 - model.dqn - Training loss: 1.4273573160171509
[DEBUG] 2025-12-10 20:57:28,568 - model.dqn - Training loss: 1.4844306707382202
[DEBUG] 2025-12-10 20:57:28,857 - model.dqn - Training loss: 1.2079970836639404
[DEBUG] 2025-12-10 20:57:29,136 - model.dqn - Training loss: 1.1111701726913452
[DEBUG] 2025-12-10 20:57:29,419 - model.dqn - Training loss: 1.1686575412750244
[DEBUG] 2025-12-10 20:57:29,702 - model.dqn - Training loss: 1.156505823135376
[DEBUG] 2025-12-10 20:57:29,977 - model.dqn - Training loss: 1.2164156436920166
[DEBUG] 2025-12-10 20:57:30,252 - model.dqn - Training loss: 1.2711602449417114
[DEBUG] 2025-12-10 20:57:30,541 - model.dqn - Training loss: 1.054883599281311
[DEBUG] 2025-12-10 20:57:30,816 - model.dqn - Training loss: 1.4979872703552246
[DEBUG] 2025-12-10 20:57:31,093 - model.dqn - Training loss: 1.3222780227661133
[DEBUG] 2025-12-10 20:57:31,372 - model.dqn - Training loss: 1.2635431289672852
[DEBUG] 2025-12-10 20:57:31,647 - model.dqn - Training loss: 0.9843652844429016
[DEBUG] 2025-12-10 20:57:31,920 - model.dqn - Training loss: 1.219805359840393
[DEBUG] 2025-12-10 20:57:32,195 - model.dqn - Training loss: 1.15671706199646
[DEBUG] 2025-12-10 20:57:32,470 - model.dqn - Training loss: 0.9793242812156677
[DEBUG] 2025-12-10 20:57:32,751 - model.dqn - Training loss: 1.4513373374938965
[DEBUG] 2025-12-10 20:57:33,029 - model.dqn - Training loss: 1.3213577270507812
[DEBUG] 2025-12-10 20:57:33,304 - model.dqn - Training loss: 1.443172812461853
[DEBUG] 2025-12-10 20:57:33,585 - model.dqn - Training loss: 0.9038719534873962
[DEBUG] 2025-12-10 20:57:33,866 - model.dqn - Training loss: 1.2717194557189941
[DEBUG] 2025-12-10 20:57:34,147 - model.dqn - Training loss: 1.409217357635498
[DEBUG] 2025-12-10 20:57:34,424 - model.dqn - Training loss: 1.0166054964065552
[DEBUG] 2025-12-10 20:57:34,703 - model.dqn - Training loss: 1.1339141130447388
[DEBUG] 2025-12-10 20:57:34,983 - model.dqn - Training loss: 1.3774805068969727
[DEBUG] 2025-12-10 20:57:35,258 - model.dqn - Training loss: 1.1216456890106201
[DEBUG] 2025-12-10 20:57:35,535 - model.dqn - Training loss: 0.9137699604034424
[DEBUG] 2025-12-10 20:57:35,806 - model.dqn - Training loss: 1.120723843574524
[DEBUG] 2025-12-10 20:57:36,081 - model.dqn - Training loss: 1.1232504844665527
[DEBUG] 2025-12-10 20:57:36,357 - model.dqn - Training loss: 1.0275148153305054
[DEBUG] 2025-12-10 20:57:36,633 - model.dqn - Training loss: 1.2590270042419434
[DEBUG] 2025-12-10 20:57:36,909 - model.dqn - Training loss: 1.1940621137619019
[DEBUG] 2025-12-10 20:57:37,186 - model.dqn - Training loss: 1.4461365938186646
[DEBUG] 2025-12-10 20:57:37,461 - model.dqn - Training loss: 1.168794870376587
[DEBUG] 2025-12-10 20:57:37,738 - model.dqn - Training loss: 1.0787397623062134
[DEBUG] 2025-12-10 20:57:38,014 - model.dqn - Training loss: 1.2165660858154297
[DEBUG] 2025-12-10 20:57:38,289 - model.dqn - Training loss: 1.1660174131393433
[DEBUG] 2025-12-10 20:57:38,566 - model.dqn - Training loss: 0.7174656391143799
[DEBUG] 2025-12-10 20:57:38,840 - model.dqn - Training loss: 0.9923300743103027
[DEBUG] 2025-12-10 20:57:39,117 - model.dqn - Training loss: 1.157325029373169
[DEBUG] 2025-12-10 20:57:39,390 - model.dqn - Training loss: 1.0625206232070923
[DEBUG] 2025-12-10 20:57:39,664 - model.dqn - Training loss: 0.9856489896774292
[DEBUG] 2025-12-10 20:57:39,939 - model.dqn - Training loss: 0.9171697497367859
[DEBUG] 2025-12-10 20:57:40,217 - model.dqn - Training loss: 0.9660982489585876
[DEBUG] 2025-12-10 20:57:40,491 - model.dqn - Training loss: 1.0011911392211914
[DEBUG] 2025-12-10 20:57:40,766 - model.dqn - Training loss: 1.2143925428390503
[DEBUG] 2025-12-10 20:57:41,040 - model.dqn - Training loss: 0.8844545483589172
[DEBUG] 2025-12-10 20:57:41,324 - model.dqn - Training loss: 0.8300710916519165
[DEBUG] 2025-12-10 20:57:41,604 - model.dqn - Training loss: 0.979315459728241
[DEBUG] 2025-12-10 20:57:41,894 - model.dqn - Training loss: 0.7917274236679077
[DEBUG] 2025-12-10 20:57:42,185 - model.dqn - Training loss: 1.041801929473877
[DEBUG] 2025-12-10 20:57:42,466 - model.dqn - Training loss: 0.6973097324371338
[DEBUG] 2025-12-10 20:57:42,751 - model.dqn - Training loss: 1.045151710510254
[DEBUG] 2025-12-10 20:57:43,038 - model.dqn - Training loss: 0.9461238980293274
[DEBUG] 2025-12-10 20:57:43,317 - model.dqn - Training loss: 1.075162410736084
[DEBUG] 2025-12-10 20:57:43,592 - model.dqn - Training loss: 0.8944528102874756
[DEBUG] 2025-12-10 20:57:43,868 - model.dqn - Training loss: 0.857105553150177
[DEBUG] 2025-12-10 20:57:44,166 - model.dqn - Training loss: 0.9194765686988831
[DEBUG] 2025-12-10 20:57:44,473 - model.dqn - Training loss: 0.5847999453544617
[DEBUG] 2025-12-10 20:57:44,766 - model.dqn - Training loss: 1.2294337749481201
[DEBUG] 2025-12-10 20:57:45,062 - model.dqn - Training loss: 1.0418975353240967
[DEBUG] 2025-12-10 20:57:45,352 - model.dqn - Training loss: 0.7065664529800415
[DEBUG] 2025-12-10 20:57:45,639 - model.dqn - Training loss: 0.8002966046333313
[DEBUG] 2025-12-10 20:57:45,923 - model.dqn - Training loss: 0.9960548877716064
[DEBUG] 2025-12-10 20:57:46,200 - model.dqn - Training loss: 1.157338261604309
[DEBUG] 2025-12-10 20:57:46,482 - model.dqn - Training loss: 0.9298686385154724
[DEBUG] 2025-12-10 20:57:46,763 - model.dqn - Training loss: 0.6883420348167419
[DEBUG] 2025-12-10 20:57:47,043 - model.dqn - Training loss: 0.7591866850852966
[DEBUG] 2025-12-10 20:57:47,321 - model.dqn - Training loss: 0.8504101037979126
[DEBUG] 2025-12-10 20:57:47,613 - model.dqn - Training loss: 0.5460015535354614
[DEBUG] 2025-12-10 20:57:47,901 - model.dqn - Training loss: 0.6136344075202942
[DEBUG] 2025-12-10 20:57:48,190 - model.dqn - Training loss: 1.0446380376815796
[DEBUG] 2025-12-10 20:57:48,480 - model.dqn - Training loss: 1.0239975452423096
[DEBUG] 2025-12-10 20:57:48,770 - model.dqn - Training loss: 0.7337974309921265
[DEBUG] 2025-12-10 20:57:49,056 - model.dqn - Training loss: 0.6362181305885315
[DEBUG] 2025-12-10 20:57:49,341 - model.dqn - Training loss: 1.0229122638702393
[DEBUG] 2025-12-10 20:57:49,618 - model.dqn - Training loss: 0.6946991086006165
[DEBUG] 2025-12-10 20:57:49,900 - model.dqn - Training loss: 0.7422677278518677
[DEBUG] 2025-12-10 20:57:50,181 - model.dqn - Training loss: 0.9706372022628784
[DEBUG] 2025-12-10 20:57:50,458 - model.dqn - Training loss: 1.0724645853042603
[DEBUG] 2025-12-10 20:57:50,742 - model.dqn - Training loss: 0.8661705255508423
[DEBUG] 2025-12-10 20:57:51,026 - model.dqn - Training loss: 0.7826929688453674
[DEBUG] 2025-12-10 20:57:51,310 - model.dqn - Training loss: 0.9077348113059998
[DEBUG] 2025-12-10 20:57:51,591 - model.dqn - Training loss: 0.8868523240089417
[DEBUG] 2025-12-10 20:57:51,926 - model.dqn - Training loss: 0.733924925327301
[DEBUG] 2025-12-10 20:57:52,214 - model.dqn - Training loss: 0.3605125844478607
[DEBUG] 2025-12-10 20:57:52,505 - model.dqn - Training loss: 0.5433175563812256
[DEBUG] 2025-12-10 20:57:52,785 - model.dqn - Training loss: 0.9539387226104736
[DEBUG] 2025-12-10 20:57:53,067 - model.dqn - Training loss: 0.4952886998653412
[INFO] 2025-12-10 20:57:53,067 - main - Training completed. Move to evaluation phase.
[INFO] 2025-12-10 20:57:53,068 - verifier.verifier - Evaluation for protocol <atomic_commit> completed.
[INFO] 2025-12-10 20:57:53,068 - verifier.verifier - Setting: players=4, rounds=2
[INFO] 2025-12-10 20:57:53,068 - verifier.verifier - Result: 1 failed cases out of 1 total cases.
[INFO] 2025-12-10 20:57:53,068 - verifier.verifier - Accumulated reward: -4
[INFO] 2025-12-10 20:57:53,068 - main - Epoch 11/100, training on 1 failed cases from last evaluation.
[DEBUG] 2025-12-10 20:57:53,350 - model.dqn - Training loss: 0.6383661031723022
[DEBUG] 2025-12-10 20:57:53,631 - model.dqn - Training loss: 0.5037124752998352
[DEBUG] 2025-12-10 20:57:53,922 - model.dqn - Training loss: 0.860417366027832
[DEBUG] 2025-12-10 20:57:54,206 - model.dqn - Training loss: 0.5608123540878296
[DEBUG] 2025-12-10 20:57:54,496 - model.dqn - Training loss: 0.5608795881271362
[DEBUG] 2025-12-10 20:57:54,782 - model.dqn - Training loss: 0.5957810282707214
[DEBUG] 2025-12-10 20:57:55,069 - model.dqn - Training loss: 0.9686437845230103
[DEBUG] 2025-12-10 20:57:55,355 - model.dqn - Training loss: 0.759557843208313
[DEBUG] 2025-12-10 20:57:55,641 - model.dqn - Training loss: 0.6161915063858032
[DEBUG] 2025-12-10 20:57:55,925 - model.dqn - Training loss: 0.32564738392829895
[DEBUG] 2025-12-10 20:57:56,225 - model.dqn - Training loss: 0.5842703580856323
[DEBUG] 2025-12-10 20:57:56,519 - model.dqn - Training loss: 0.7027432322502136
[DEBUG] 2025-12-10 20:57:56,806 - model.dqn - Training loss: 0.8402901291847229
[DEBUG] 2025-12-10 20:57:57,106 - model.dqn - Training loss: 0.4382338523864746
[DEBUG] 2025-12-10 20:57:57,444 - model.dqn - Training loss: 0.8195027112960815
[DEBUG] 2025-12-10 20:57:57,730 - model.dqn - Training loss: 0.399477481842041
[DEBUG] 2025-12-10 20:57:58,019 - model.dqn - Training loss: 0.581934928894043
[DEBUG] 2025-12-10 20:57:58,316 - model.dqn - Training loss: 0.5396410822868347
[DEBUG] 2025-12-10 20:57:58,604 - model.dqn - Training loss: 0.7566009163856506
[DEBUG] 2025-12-10 20:57:58,896 - model.dqn - Training loss: 0.6833526492118835
[DEBUG] 2025-12-10 20:57:59,195 - model.dqn - Training loss: 0.9765132069587708
[DEBUG] 2025-12-10 20:57:59,510 - model.dqn - Training loss: 0.5304980874061584
[DEBUG] 2025-12-10 20:57:59,794 - model.dqn - Training loss: 0.8627413511276245
[DEBUG] 2025-12-10 20:58:00,093 - model.dqn - Training loss: 0.5928356647491455
[DEBUG] 2025-12-10 20:58:00,381 - model.dqn - Training loss: 0.6040650010108948
[DEBUG] 2025-12-10 20:58:00,672 - model.dqn - Training loss: 0.7097851037979126
[DEBUG] 2025-12-10 20:58:00,969 - model.dqn - Training loss: 0.457438588142395
[DEBUG] 2025-12-10 20:58:01,259 - model.dqn - Training loss: 0.5589620471000671
[DEBUG] 2025-12-10 20:58:01,549 - model.dqn - Training loss: 0.6205031871795654
[DEBUG] 2025-12-10 20:58:01,834 - model.dqn - Training loss: 0.8660821914672852
[DEBUG] 2025-12-10 20:58:02,121 - model.dqn - Training loss: 0.4460093379020691
[DEBUG] 2025-12-10 20:58:02,416 - model.dqn - Training loss: 0.47329428791999817
[DEBUG] 2025-12-10 20:58:02,705 - model.dqn - Training loss: 0.7831257581710815
[DEBUG] 2025-12-10 20:58:02,993 - model.dqn - Training loss: 0.13966548442840576
[DEBUG] 2025-12-10 20:58:03,279 - model.dqn - Training loss: 0.6188929080963135
[DEBUG] 2025-12-10 20:58:03,564 - model.dqn - Training loss: 0.4678541123867035
[DEBUG] 2025-12-10 20:58:03,847 - model.dqn - Training loss: 0.3273586630821228
[DEBUG] 2025-12-10 20:58:04,131 - model.dqn - Training loss: 0.738947868347168
[DEBUG] 2025-12-10 20:58:04,409 - model.dqn - Training loss: 0.542320966720581
[DEBUG] 2025-12-10 20:58:04,690 - model.dqn - Training loss: 0.6877949833869934
[DEBUG] 2025-12-10 20:58:04,974 - model.dqn - Training loss: 0.4664157032966614
[DEBUG] 2025-12-10 20:58:05,264 - model.dqn - Training loss: 0.284156858921051
[DEBUG] 2025-12-10 20:58:05,552 - model.dqn - Training loss: 0.4612200856208801
[DEBUG] 2025-12-10 20:58:05,847 - model.dqn - Training loss: 0.6188181638717651
[DEBUG] 2025-12-10 20:58:06,136 - model.dqn - Training loss: 0.16219142079353333
[DEBUG] 2025-12-10 20:58:06,421 - model.dqn - Training loss: 0.29569414258003235
[DEBUG] 2025-12-10 20:58:06,706 - model.dqn - Training loss: 0.18917758762836456
[DEBUG] 2025-12-10 20:58:06,999 - model.dqn - Training loss: 0.30891183018684387
[DEBUG] 2025-12-10 20:58:07,283 - model.dqn - Training loss: 0.2139340043067932
[DEBUG] 2025-12-10 20:58:07,566 - model.dqn - Training loss: 0.4595693051815033
[DEBUG] 2025-12-10 20:58:07,853 - model.dqn - Training loss: 0.3626496195793152
[DEBUG] 2025-12-10 20:58:08,130 - model.dqn - Training loss: 0.4143904149532318
[DEBUG] 2025-12-10 20:58:08,410 - model.dqn - Training loss: 0.4866334795951843
[DEBUG] 2025-12-10 20:58:08,687 - model.dqn - Training loss: 0.23960301280021667
[DEBUG] 2025-12-10 20:58:08,962 - model.dqn - Training loss: 0.43881943821907043
[DEBUG] 2025-12-10 20:58:09,234 - model.dqn - Training loss: 0.48089882731437683
[DEBUG] 2025-12-10 20:58:09,507 - model.dqn - Training loss: 0.29385167360305786
[DEBUG] 2025-12-10 20:58:09,784 - model.dqn - Training loss: 0.8495212197303772
[DEBUG] 2025-12-10 20:58:10,062 - model.dqn - Training loss: 0.18948118388652802
[DEBUG] 2025-12-10 20:58:10,339 - model.dqn - Training loss: 0.37995055317878723
[DEBUG] 2025-12-10 20:58:10,617 - model.dqn - Training loss: 0.4441946744918823
[DEBUG] 2025-12-10 20:58:10,893 - model.dqn - Training loss: 0.22425734996795654
[DEBUG] 2025-12-10 20:58:11,166 - model.dqn - Training loss: 0.3173125982284546
[DEBUG] 2025-12-10 20:58:11,441 - model.dqn - Training loss: 0.2008960098028183
[DEBUG] 2025-12-10 20:58:11,714 - model.dqn - Training loss: 0.1616021692752838
[DEBUG] 2025-12-10 20:58:12,003 - model.dqn - Training loss: 0.2731013596057892
[DEBUG] 2025-12-10 20:58:12,293 - model.dqn - Training loss: 0.3050743043422699
[DEBUG] 2025-12-10 20:58:12,582 - model.dqn - Training loss: 0.22523950040340424
[DEBUG] 2025-12-10 20:58:12,870 - model.dqn - Training loss: 0.34230896830558777
[DEBUG] 2025-12-10 20:58:13,156 - model.dqn - Training loss: 0.4758415222167969
[DEBUG] 2025-12-10 20:58:13,433 - model.dqn - Training loss: 0.20102107524871826
[DEBUG] 2025-12-10 20:58:13,720 - model.dqn - Training loss: 0.27371856570243835
[DEBUG] 2025-12-10 20:58:14,008 - model.dqn - Training loss: 0.2805662751197815
[DEBUG] 2025-12-10 20:58:14,295 - model.dqn - Training loss: 0.5152343511581421
[DEBUG] 2025-12-10 20:58:14,583 - model.dqn - Training loss: 0.40160053968429565
[DEBUG] 2025-12-10 20:58:14,872 - model.dqn - Training loss: 0.32697802782058716
[DEBUG] 2025-12-10 20:58:15,154 - model.dqn - Training loss: 0.3806421458721161
[DEBUG] 2025-12-10 20:58:15,435 - model.dqn - Training loss: 0.435893714427948
[DEBUG] 2025-12-10 20:58:15,717 - model.dqn - Training loss: 0.5120062828063965
[DEBUG] 2025-12-10 20:58:15,997 - model.dqn - Training loss: 0.3532143235206604
[DEBUG] 2025-12-10 20:58:16,275 - model.dqn - Training loss: 0.6155298948287964
[DEBUG] 2025-12-10 20:58:16,551 - model.dqn - Training loss: 0.1902855783700943
[DEBUG] 2025-12-10 20:58:16,825 - model.dqn - Training loss: 0.24586662650108337
[DEBUG] 2025-12-10 20:58:17,103 - model.dqn - Training loss: 0.327213317155838
[DEBUG] 2025-12-10 20:58:17,380 - model.dqn - Training loss: 0.29298219084739685
[DEBUG] 2025-12-10 20:58:17,658 - model.dqn - Training loss: 0.3625818192958832
[DEBUG] 2025-12-10 20:58:17,935 - model.dqn - Training loss: 0.47545748949050903
[DEBUG] 2025-12-10 20:58:18,212 - model.dqn - Training loss: 0.3613607585430145
[DEBUG] 2025-12-10 20:58:18,491 - model.dqn - Training loss: 0.3147108554840088
[DEBUG] 2025-12-10 20:58:18,764 - model.dqn - Training loss: 0.5485824346542358
[DEBUG] 2025-12-10 20:58:19,042 - model.dqn - Training loss: 0.289884090423584
[DEBUG] 2025-12-10 20:58:19,314 - model.dqn - Training loss: 0.2908249497413635
[DEBUG] 2025-12-10 20:58:19,591 - model.dqn - Training loss: 0.3981982171535492
[DEBUG] 2025-12-10 20:58:19,869 - model.dqn - Training loss: 0.4728994071483612
[DEBUG] 2025-12-10 20:58:20,149 - model.dqn - Training loss: 0.37117984890937805
[DEBUG] 2025-12-10 20:58:20,444 - model.dqn - Training loss: 0.4896829426288605
[DEBUG] 2025-12-10 20:58:20,740 - model.dqn - Training loss: 0.5005421042442322
[DEBUG] 2025-12-10 20:58:21,031 - model.dqn - Training loss: 0.5834873914718628
[DEBUG] 2025-12-10 20:58:21,320 - model.dqn - Training loss: 0.4725118577480316
[DEBUG] 2025-12-10 20:58:21,614 - model.dqn - Training loss: 0.6363896727561951
[INFO] 2025-12-10 20:58:21,615 - main - Training completed. Move to evaluation phase.
[INFO] 2025-12-10 20:58:21,615 - verifier.verifier - Evaluation for protocol <atomic_commit> completed.
[INFO] 2025-12-10 20:58:21,615 - verifier.verifier - Setting: players=4, rounds=2
[INFO] 2025-12-10 20:58:21,615 - verifier.verifier - Result: 1 failed cases out of 1 total cases.
[INFO] 2025-12-10 20:58:21,615 - verifier.verifier - Accumulated reward: -4
[INFO] 2025-12-10 20:58:21,616 - main - Epoch 12/100, training on 1 failed cases from last evaluation.
[DEBUG] 2025-12-10 20:58:21,899 - model.dqn - Training loss: 0.35712888836860657
[DEBUG] 2025-12-10 20:58:22,244 - model.dqn - Training loss: 0.5775946974754333
[DEBUG] 2025-12-10 20:58:22,551 - model.dqn - Training loss: 0.4393748939037323
[DEBUG] 2025-12-10 20:58:22,843 - model.dqn - Training loss: 0.4767231047153473
[DEBUG] 2025-12-10 20:58:23,135 - model.dqn - Training loss: 0.17411482334136963
[DEBUG] 2025-12-10 20:58:23,425 - model.dqn - Training loss: 0.3039427399635315
[DEBUG] 2025-12-10 20:58:23,713 - model.dqn - Training loss: 0.3294651508331299
[DEBUG] 2025-12-10 20:58:24,001 - model.dqn - Training loss: 0.2638814449310303
[DEBUG] 2025-12-10 20:58:24,292 - model.dqn - Training loss: 0.5218169093132019
[DEBUG] 2025-12-10 20:58:24,582 - model.dqn - Training loss: 0.40780550241470337
[DEBUG] 2025-12-10 20:58:24,863 - model.dqn - Training loss: 0.11522171646356583
[DEBUG] 2025-12-10 20:58:25,148 - model.dqn - Training loss: 0.11071615666151047
[DEBUG] 2025-12-10 20:58:25,439 - model.dqn - Training loss: 0.1762823462486267
[DEBUG] 2025-12-10 20:58:25,728 - model.dqn - Training loss: 0.3008197844028473
[DEBUG] 2025-12-10 20:58:26,014 - model.dqn - Training loss: 0.4452534317970276
[DEBUG] 2025-12-10 20:58:26,302 - model.dqn - Training loss: 0.343417227268219
[DEBUG] 2025-12-10 20:58:26,586 - model.dqn - Training loss: 0.24367362260818481
[DEBUG] 2025-12-10 20:58:26,871 - model.dqn - Training loss: 0.15511174499988556
[DEBUG] 2025-12-10 20:58:27,148 - model.dqn - Training loss: 0.15355448424816132
[DEBUG] 2025-12-10 20:58:27,423 - model.dqn - Training loss: 0.19604387879371643
[DEBUG] 2025-12-10 20:58:27,699 - model.dqn - Training loss: 0.4168044626712799
[DEBUG] 2025-12-10 20:58:27,975 - model.dqn - Training loss: 0.2924654185771942
[DEBUG] 2025-12-10 20:58:28,252 - model.dqn - Training loss: 0.5482931137084961
[DEBUG] 2025-12-10 20:58:28,526 - model.dqn - Training loss: 0.5537752509117126
[DEBUG] 2025-12-10 20:58:28,800 - model.dqn - Training loss: 0.35597196221351624
[DEBUG] 2025-12-10 20:58:29,075 - model.dqn - Training loss: 0.2844242751598358
[DEBUG] 2025-12-10 20:58:29,352 - model.dqn - Training loss: 0.3834853768348694
[DEBUG] 2025-12-10 20:58:29,630 - model.dqn - Training loss: 0.407296746969223
[DEBUG] 2025-12-10 20:58:29,912 - model.dqn - Training loss: 0.39575210213661194
[DEBUG] 2025-12-10 20:58:30,207 - model.dqn - Training loss: 0.5270705819129944
[DEBUG] 2025-12-10 20:58:30,498 - model.dqn - Training loss: 0.07185321301221848
[DEBUG] 2025-12-10 20:58:30,788 - model.dqn - Training loss: 0.3567276895046234
[DEBUG] 2025-12-10 20:58:31,082 - model.dqn - Training loss: 0.49507173895835876
[DEBUG] 2025-12-10 20:58:31,374 - model.dqn - Training loss: 0.38160786032676697
[DEBUG] 2025-12-10 20:58:31,661 - model.dqn - Training loss: 0.3474487364292145
[DEBUG] 2025-12-10 20:58:31,940 - model.dqn - Training loss: 0.49857109785079956
[DEBUG] 2025-12-10 20:58:32,216 - model.dqn - Training loss: 0.45657113194465637
[DEBUG] 2025-12-10 20:58:32,496 - model.dqn - Training loss: 0.37587225437164307
[DEBUG] 2025-12-10 20:58:32,774 - model.dqn - Training loss: 0.36096036434173584
[DEBUG] 2025-12-10 20:58:33,051 - model.dqn - Training loss: 0.13163737952709198
[DEBUG] 2025-12-10 20:58:33,333 - model.dqn - Training loss: 0.2975462079048157
[DEBUG] 2025-12-10 20:58:33,617 - model.dqn - Training loss: 0.3331920802593231
[DEBUG] 2025-12-10 20:58:33,902 - model.dqn - Training loss: 0.16863775253295898
[DEBUG] 2025-12-10 20:58:34,185 - model.dqn - Training loss: 0.5064511895179749
[DEBUG] 2025-12-10 20:58:34,471 - model.dqn - Training loss: 0.11590263247489929
[DEBUG] 2025-12-10 20:58:34,873 - model.dqn - Training loss: 0.2223999798297882
[DEBUG] 2025-12-10 20:58:35,159 - model.dqn - Training loss: 0.28614306449890137
[DEBUG] 2025-12-10 20:58:35,439 - model.dqn - Training loss: 0.3336968719959259
[DEBUG] 2025-12-10 20:58:35,731 - model.dqn - Training loss: 0.3209613561630249
[DEBUG] 2025-12-10 20:58:36,028 - model.dqn - Training loss: 0.5099454522132874
[DEBUG] 2025-12-10 20:58:36,328 - model.dqn - Training loss: 0.35786935687065125
[DEBUG] 2025-12-10 20:58:36,618 - model.dqn - Training loss: 0.28555768728256226
[DEBUG] 2025-12-10 20:58:36,906 - model.dqn - Training loss: 0.3508049249649048
[DEBUG] 2025-12-10 20:58:37,199 - model.dqn - Training loss: 0.28609973192214966
[DEBUG] 2025-12-10 20:58:37,491 - model.dqn - Training loss: 0.40616410970687866
[DEBUG] 2025-12-10 20:58:37,784 - model.dqn - Training loss: 0.3429883122444153
[DEBUG] 2025-12-10 20:58:38,078 - model.dqn - Training loss: 0.5081171989440918
[DEBUG] 2025-12-10 20:58:38,373 - model.dqn - Training loss: 0.43178725242614746
[DEBUG] 2025-12-10 20:58:38,666 - model.dqn - Training loss: 0.43159061670303345
[DEBUG] 2025-12-10 20:58:38,956 - model.dqn - Training loss: 0.17718155682086945
[DEBUG] 2025-12-10 20:58:39,240 - model.dqn - Training loss: 0.44518542289733887
[DEBUG] 2025-12-10 20:58:39,529 - model.dqn - Training loss: 0.19243796169757843
[DEBUG] 2025-12-10 20:58:39,817 - model.dqn - Training loss: 0.3550683856010437
[DEBUG] 2025-12-10 20:58:40,103 - model.dqn - Training loss: 0.2739565968513489
[DEBUG] 2025-12-10 20:58:40,390 - model.dqn - Training loss: 0.40764477849006653
[DEBUG] 2025-12-10 20:58:40,674 - model.dqn - Training loss: 0.46847522258758545
[DEBUG] 2025-12-10 20:58:40,959 - model.dqn - Training loss: 0.6892166137695312
[DEBUG] 2025-12-10 20:58:41,246 - model.dqn - Training loss: 0.24110755324363708
[DEBUG] 2025-12-10 20:58:41,540 - model.dqn - Training loss: 0.3696250021457672
[DEBUG] 2025-12-10 20:58:41,826 - model.dqn - Training loss: 0.3410347104072571
[DEBUG] 2025-12-10 20:58:42,122 - model.dqn - Training loss: 0.24637767672538757
[DEBUG] 2025-12-10 20:58:42,418 - model.dqn - Training loss: 0.27269434928894043
[DEBUG] 2025-12-10 20:58:42,743 - model.dqn - Training loss: 0.6396269202232361
[DEBUG] 2025-12-10 20:58:43,046 - model.dqn - Training loss: 0.28854066133499146
[DEBUG] 2025-12-10 20:58:43,333 - model.dqn - Training loss: 0.22094795107841492
[DEBUG] 2025-12-10 20:58:43,683 - model.dqn - Training loss: 0.3576076924800873
[DEBUG] 2025-12-10 20:58:43,985 - model.dqn - Training loss: 0.36395689845085144
[DEBUG] 2025-12-10 20:58:44,274 - model.dqn - Training loss: 0.31426697969436646
[DEBUG] 2025-12-10 20:58:44,623 - model.dqn - Training loss: 0.2572076916694641
[DEBUG] 2025-12-10 20:58:44,928 - model.dqn - Training loss: 0.3612130284309387
[DEBUG] 2025-12-10 20:58:45,219 - model.dqn - Training loss: 0.07900229841470718
[DEBUG] 2025-12-10 20:58:45,505 - model.dqn - Training loss: 0.38198110461235046
[DEBUG] 2025-12-10 20:58:45,796 - model.dqn - Training loss: 0.225302591919899
[DEBUG] 2025-12-10 20:58:46,082 - model.dqn - Training loss: 0.30861735343933105
[DEBUG] 2025-12-10 20:58:46,372 - model.dqn - Training loss: 0.349663108587265
[DEBUG] 2025-12-10 20:58:46,665 - model.dqn - Training loss: 0.28673940896987915
[DEBUG] 2025-12-10 20:58:46,953 - model.dqn - Training loss: 0.3906250298023224
[DEBUG] 2025-12-10 20:58:47,235 - model.dqn - Training loss: 0.29371029138565063
[DEBUG] 2025-12-10 20:58:47,526 - model.dqn - Training loss: 0.399222195148468
[DEBUG] 2025-12-10 20:58:47,821 - model.dqn - Training loss: 0.14156179130077362
[DEBUG] 2025-12-10 20:58:48,109 - model.dqn - Training loss: 0.3282501995563507
[DEBUG] 2025-12-10 20:58:48,392 - model.dqn - Training loss: 0.40456652641296387
[DEBUG] 2025-12-10 20:58:48,670 - model.dqn - Training loss: 0.6392210721969604
[DEBUG] 2025-12-10 20:58:48,956 - model.dqn - Training loss: 0.23697693645954132
[DEBUG] 2025-12-10 20:58:49,246 - model.dqn - Training loss: 0.2538253664970398
[DEBUG] 2025-12-10 20:58:49,531 - model.dqn - Training loss: 0.3843144476413727
[DEBUG] 2025-12-10 20:58:49,811 - model.dqn - Training loss: 0.29808658361434937
[DEBUG] 2025-12-10 20:58:50,099 - model.dqn - Training loss: 0.31896138191223145
[DEBUG] 2025-12-10 20:58:50,389 - model.dqn - Training loss: 0.5307527184486389
[DEBUG] 2025-12-10 20:58:50,674 - model.dqn - Training loss: 0.4125872254371643
[INFO] 2025-12-10 20:58:50,674 - main - Training completed. Move to evaluation phase.
[INFO] 2025-12-10 20:58:50,675 - verifier.verifier - Evaluation for protocol <atomic_commit> completed.
[INFO] 2025-12-10 20:58:50,675 - verifier.verifier - Setting: players=4, rounds=2
[INFO] 2025-12-10 20:58:50,675 - verifier.verifier - Result: 1 failed cases out of 1 total cases.
[INFO] 2025-12-10 20:58:50,675 - verifier.verifier - Accumulated reward: -4
[INFO] 2025-12-10 20:58:50,675 - main - Epoch 13/100, training on 1 failed cases from last evaluation.
[DEBUG] 2025-12-10 20:58:50,963 - model.dqn - Training loss: 0.3268205523490906
[DEBUG] 2025-12-10 20:58:51,246 - model.dqn - Training loss: 0.5854588747024536
[DEBUG] 2025-12-10 20:58:51,532 - model.dqn - Training loss: 0.2898405194282532
[DEBUG] 2025-12-10 20:58:51,816 - model.dqn - Training loss: 0.42386507987976074
[DEBUG] 2025-12-10 20:58:52,108 - model.dqn - Training loss: 0.33373019099235535
[DEBUG] 2025-12-10 20:58:52,403 - model.dqn - Training loss: 0.4808608889579773
[DEBUG] 2025-12-10 20:58:52,685 - model.dqn - Training loss: 0.4684685468673706
[DEBUG] 2025-12-10 20:58:52,970 - model.dqn - Training loss: 0.4602304697036743
[DEBUG] 2025-12-10 20:58:53,254 - model.dqn - Training loss: 0.30788320302963257
[DEBUG] 2025-12-10 20:58:53,534 - model.dqn - Training loss: 0.13675275444984436
[DEBUG] 2025-12-10 20:58:53,823 - model.dqn - Training loss: 0.3347218334674835
[DEBUG] 2025-12-10 20:58:54,110 - model.dqn - Training loss: 0.34108251333236694
[DEBUG] 2025-12-10 20:58:54,396 - model.dqn - Training loss: 0.3085058927536011
[DEBUG] 2025-12-10 20:58:54,761 - model.dqn - Training loss: 0.3781868517398834
[DEBUG] 2025-12-10 20:58:55,043 - model.dqn - Training loss: 0.4831269085407257
[DEBUG] 2025-12-10 20:58:55,321 - model.dqn - Training loss: 0.24753636121749878
[DEBUG] 2025-12-10 20:58:55,597 - model.dqn - Training loss: 0.46189701557159424
[DEBUG] 2025-12-10 20:58:55,877 - model.dqn - Training loss: 0.2625596523284912
[DEBUG] 2025-12-10 20:58:56,158 - model.dqn - Training loss: 0.29565930366516113
[DEBUG] 2025-12-10 20:58:56,434 - model.dqn - Training loss: 0.13862594962120056
[DEBUG] 2025-12-10 20:58:56,718 - model.dqn - Training loss: 0.18923446536064148
[DEBUG] 2025-12-10 20:58:56,995 - model.dqn - Training loss: 0.3794586658477783
[DEBUG] 2025-12-10 20:58:57,276 - model.dqn - Training loss: 0.42583492398262024
[DEBUG] 2025-12-10 20:58:57,559 - model.dqn - Training loss: 0.2096332162618637
[DEBUG] 2025-12-10 20:58:57,838 - model.dqn - Training loss: 0.3205621838569641
[DEBUG] 2025-12-10 20:58:58,131 - model.dqn - Training loss: 0.4086776375770569
[DEBUG] 2025-12-10 20:58:58,428 - model.dqn - Training loss: 0.216522678732872
[DEBUG] 2025-12-10 20:58:58,714 - model.dqn - Training loss: 0.38819414377212524
[DEBUG] 2025-12-10 20:58:59,011 - model.dqn - Training loss: 0.3827645480632782
[DEBUG] 2025-12-10 20:58:59,300 - model.dqn - Training loss: 0.22837072610855103
[DEBUG] 2025-12-10 20:58:59,592 - model.dqn - Training loss: 0.3538846969604492
[DEBUG] 2025-12-10 20:58:59,874 - model.dqn - Training loss: 0.32802441716194153
[DEBUG] 2025-12-10 20:59:00,160 - model.dqn - Training loss: 0.2512061595916748
[DEBUG] 2025-12-10 20:59:00,458 - model.dqn - Training loss: 0.40944451093673706
[DEBUG] 2025-12-10 20:59:00,743 - model.dqn - Training loss: 0.40104421973228455
[DEBUG] 2025-12-10 20:59:01,037 - model.dqn - Training loss: 0.5157240033149719
[DEBUG] 2025-12-10 20:59:01,331 - model.dqn - Training loss: 0.25510817766189575
[DEBUG] 2025-12-10 20:59:01,620 - model.dqn - Training loss: 0.3369826674461365
[DEBUG] 2025-12-10 20:59:01,996 - model.dqn - Training loss: 0.30187731981277466
[DEBUG] 2025-12-10 20:59:02,292 - model.dqn - Training loss: 0.20594827830791473
[DEBUG] 2025-12-10 20:59:02,582 - model.dqn - Training loss: 0.2341805398464203
[DEBUG] 2025-12-10 20:59:02,871 - model.dqn - Training loss: 0.4003973603248596
[DEBUG] 2025-12-10 20:59:03,154 - model.dqn - Training loss: 0.5303918719291687
[DEBUG] 2025-12-10 20:59:03,438 - model.dqn - Training loss: 0.27878338098526
[DEBUG] 2025-12-10 20:59:03,731 - model.dqn - Training loss: 0.2928164601325989
[DEBUG] 2025-12-10 20:59:04,023 - model.dqn - Training loss: 0.4099207818508148
[DEBUG] 2025-12-10 20:59:04,313 - model.dqn - Training loss: 0.4484441876411438
[DEBUG] 2025-12-10 20:59:04,602 - model.dqn - Training loss: 0.28689199686050415
[DEBUG] 2025-12-10 20:59:04,880 - model.dqn - Training loss: 0.3634253740310669
[DEBUG] 2025-12-10 20:59:05,163 - model.dqn - Training loss: 0.29137054085731506
[DEBUG] 2025-12-10 20:59:05,450 - model.dqn - Training loss: 0.19673307240009308
[DEBUG] 2025-12-10 20:59:05,735 - model.dqn - Training loss: 0.31112340092658997
[DEBUG] 2025-12-10 20:59:06,022 - model.dqn - Training loss: 0.15733574330806732
[DEBUG] 2025-12-10 20:59:06,305 - model.dqn - Training loss: 0.4624534249305725
[DEBUG] 2025-12-10 20:59:06,584 - model.dqn - Training loss: 0.2620362341403961
[DEBUG] 2025-12-10 20:59:06,867 - model.dqn - Training loss: 0.33937087655067444
[DEBUG] 2025-12-10 20:59:07,155 - model.dqn - Training loss: 0.3987821340560913
[DEBUG] 2025-12-10 20:59:07,439 - model.dqn - Training loss: 0.3224104642868042
[DEBUG] 2025-12-10 20:59:07,722 - model.dqn - Training loss: 0.2994576692581177
[DEBUG] 2025-12-10 20:59:08,006 - model.dqn - Training loss: 0.607528805732727
[DEBUG] 2025-12-10 20:59:08,286 - model.dqn - Training loss: 0.1280602067708969
[DEBUG] 2025-12-10 20:59:08,569 - model.dqn - Training loss: 0.33405375480651855
[DEBUG] 2025-12-10 20:59:08,844 - model.dqn - Training loss: 0.45525678992271423
[DEBUG] 2025-12-10 20:59:09,120 - model.dqn - Training loss: 0.43076035380363464
[DEBUG] 2025-12-10 20:59:09,401 - model.dqn - Training loss: 0.5254073739051819
[DEBUG] 2025-12-10 20:59:09,678 - model.dqn - Training loss: 0.7782412767410278
[DEBUG] 2025-12-10 20:59:09,955 - model.dqn - Training loss: 0.4931104779243469
[DEBUG] 2025-12-10 20:59:10,235 - model.dqn - Training loss: 0.457556813955307
[DEBUG] 2025-12-10 20:59:10,514 - model.dqn - Training loss: 0.5151204466819763
[DEBUG] 2025-12-10 20:59:10,798 - model.dqn - Training loss: 0.25839877128601074
[DEBUG] 2025-12-10 20:59:11,073 - model.dqn - Training loss: 0.4333778917789459
[DEBUG] 2025-12-10 20:59:11,358 - model.dqn - Training loss: 0.5455688834190369
[DEBUG] 2025-12-10 20:59:11,632 - model.dqn - Training loss: 0.3821382522583008
[DEBUG] 2025-12-10 20:59:11,908 - model.dqn - Training loss: 0.24703331291675568
[DEBUG] 2025-12-10 20:59:12,183 - model.dqn - Training loss: 0.18790622055530548
[DEBUG] 2025-12-10 20:59:12,458 - model.dqn - Training loss: 0.34187984466552734
[DEBUG] 2025-12-10 20:59:12,736 - model.dqn - Training loss: 0.5159355998039246
[DEBUG] 2025-12-10 20:59:13,017 - model.dqn - Training loss: 0.3618173897266388
[DEBUG] 2025-12-10 20:59:13,294 - model.dqn - Training loss: 0.4444458782672882
[DEBUG] 2025-12-10 20:59:13,570 - model.dqn - Training loss: 0.5019592046737671
[DEBUG] 2025-12-10 20:59:13,852 - model.dqn - Training loss: 0.32595551013946533
[DEBUG] 2025-12-10 20:59:14,134 - model.dqn - Training loss: 0.3286333978176117
[DEBUG] 2025-12-10 20:59:14,416 - model.dqn - Training loss: 0.40972551703453064
[DEBUG] 2025-12-10 20:59:14,693 - model.dqn - Training loss: 0.1122589036822319
[DEBUG] 2025-12-10 20:59:14,973 - model.dqn - Training loss: 0.31868910789489746
[DEBUG] 2025-12-10 20:59:15,253 - model.dqn - Training loss: 0.2996644079685211
[DEBUG] 2025-12-10 20:59:15,532 - model.dqn - Training loss: 0.499178022146225
[DEBUG] 2025-12-10 20:59:15,810 - model.dqn - Training loss: 0.5233937501907349
[DEBUG] 2025-12-10 20:59:16,092 - model.dqn - Training loss: 0.6685343384742737
[DEBUG] 2025-12-10 20:59:16,374 - model.dqn - Training loss: 0.31867146492004395
[DEBUG] 2025-12-10 20:59:16,656 - model.dqn - Training loss: 0.2582060694694519
[DEBUG] 2025-12-10 20:59:16,939 - model.dqn - Training loss: 0.2656579315662384
[DEBUG] 2025-12-10 20:59:17,216 - model.dqn - Training loss: 0.25421422719955444
[DEBUG] 2025-12-10 20:59:17,490 - model.dqn - Training loss: 0.4365231990814209
[DEBUG] 2025-12-10 20:59:17,766 - model.dqn - Training loss: 0.3374030292034149
[DEBUG] 2025-12-10 20:59:18,051 - model.dqn - Training loss: 0.27737149596214294
[DEBUG] 2025-12-10 20:59:18,330 - model.dqn - Training loss: 0.549750030040741
[DEBUG] 2025-12-10 20:59:18,610 - model.dqn - Training loss: 0.4311898648738861
[DEBUG] 2025-12-10 20:59:18,887 - model.dqn - Training loss: 0.35723644495010376
[DEBUG] 2025-12-10 20:59:19,163 - model.dqn - Training loss: 0.24157577753067017
[INFO] 2025-12-10 20:59:19,163 - main - Training completed. Move to evaluation phase.
[INFO] 2025-12-10 20:59:19,164 - verifier.verifier - Evaluation for protocol <atomic_commit> completed.
[INFO] 2025-12-10 20:59:19,164 - verifier.verifier - Setting: players=4, rounds=2
[INFO] 2025-12-10 20:59:19,164 - verifier.verifier - Result: 1 failed cases out of 1 total cases.
[INFO] 2025-12-10 20:59:19,164 - verifier.verifier - Accumulated reward: -4
[INFO] 2025-12-10 20:59:19,164 - main - Epoch 14/100, training on 1 failed cases from last evaluation.
[DEBUG] 2025-12-10 20:59:19,442 - model.dqn - Training loss: 0.661941647529602
[DEBUG] 2025-12-10 20:59:19,728 - model.dqn - Training loss: 0.6223191022872925
[DEBUG] 2025-12-10 20:59:20,011 - model.dqn - Training loss: 0.2909030616283417
[DEBUG] 2025-12-10 20:59:20,295 - model.dqn - Training loss: 0.3003820776939392
[DEBUG] 2025-12-10 20:59:20,575 - model.dqn - Training loss: 0.19385339319705963
[DEBUG] 2025-12-10 20:59:20,865 - model.dqn - Training loss: 0.1758243441581726
[DEBUG] 2025-12-10 20:59:21,145 - model.dqn - Training loss: 0.7455505728721619
[DEBUG] 2025-12-10 20:59:21,427 - model.dqn - Training loss: 0.5320953726768494
[DEBUG] 2025-12-10 20:59:21,707 - model.dqn - Training loss: 0.45414310693740845
[DEBUG] 2025-12-10 20:59:21,991 - model.dqn - Training loss: 0.7491673231124878
[DEBUG] 2025-12-10 20:59:22,271 - model.dqn - Training loss: 0.34308061003685
[DEBUG] 2025-12-10 20:59:22,547 - model.dqn - Training loss: 0.44324809312820435
[DEBUG] 2025-12-10 20:59:22,828 - model.dqn - Training loss: 0.4773314893245697
[DEBUG] 2025-12-10 20:59:23,108 - model.dqn - Training loss: 0.3431701362133026
[DEBUG] 2025-12-10 20:59:23,384 - model.dqn - Training loss: 0.3984121084213257
[DEBUG] 2025-12-10 20:59:23,662 - model.dqn - Training loss: 0.5926356911659241
[DEBUG] 2025-12-10 20:59:23,938 - model.dqn - Training loss: 0.6799530982971191
[DEBUG] 2025-12-10 20:59:24,213 - model.dqn - Training loss: 0.38031139969825745
[DEBUG] 2025-12-10 20:59:24,489 - model.dqn - Training loss: 0.40333348512649536
[DEBUG] 2025-12-10 20:59:24,762 - model.dqn - Training loss: 0.2705065608024597
[DEBUG] 2025-12-10 20:59:25,037 - model.dqn - Training loss: 0.2426992803812027
[DEBUG] 2025-12-10 20:59:25,311 - model.dqn - Training loss: 0.2829625904560089
[DEBUG] 2025-12-10 20:59:25,588 - model.dqn - Training loss: 0.4677887558937073
[DEBUG] 2025-12-10 20:59:25,862 - model.dqn - Training loss: 0.3023940622806549
[DEBUG] 2025-12-10 20:59:26,135 - model.dqn - Training loss: 0.40069979429244995
[DEBUG] 2025-12-10 20:59:26,409 - model.dqn - Training loss: 0.3525840938091278
[DEBUG] 2025-12-10 20:59:26,681 - model.dqn - Training loss: 0.39456814527511597
[DEBUG] 2025-12-10 20:59:26,955 - model.dqn - Training loss: 0.3661377727985382
[DEBUG] 2025-12-10 20:59:27,227 - model.dqn - Training loss: 0.40323057770729065
[DEBUG] 2025-12-10 20:59:27,503 - model.dqn - Training loss: 0.4299522042274475
[DEBUG] 2025-12-10 20:59:27,780 - model.dqn - Training loss: 0.28269755840301514
[DEBUG] 2025-12-10 20:59:28,055 - model.dqn - Training loss: 0.436263769865036
[DEBUG] 2025-12-10 20:59:28,330 - model.dqn - Training loss: 0.652821958065033
[DEBUG] 2025-12-10 20:59:28,607 - model.dqn - Training loss: 0.46183669567108154
[DEBUG] 2025-12-10 20:59:28,884 - model.dqn - Training loss: 0.1207776814699173
[DEBUG] 2025-12-10 20:59:29,158 - model.dqn - Training loss: 0.6772676110267639
[DEBUG] 2025-12-10 20:59:29,434 - model.dqn - Training loss: 0.6317038536071777
[DEBUG] 2025-12-10 20:59:29,711 - model.dqn - Training loss: 0.23867636919021606
[DEBUG] 2025-12-10 20:59:29,986 - model.dqn - Training loss: 0.4160234034061432
[DEBUG] 2025-12-10 20:59:30,264 - model.dqn - Training loss: 0.16922006011009216
[DEBUG] 2025-12-10 20:59:30,539 - model.dqn - Training loss: 0.38187840580940247
[DEBUG] 2025-12-10 20:59:30,815 - model.dqn - Training loss: 0.3356698155403137
[DEBUG] 2025-12-10 20:59:31,090 - model.dqn - Training loss: 0.36354440450668335
[DEBUG] 2025-12-10 20:59:31,367 - model.dqn - Training loss: 0.35822752118110657
[DEBUG] 2025-12-10 20:59:31,641 - model.dqn - Training loss: 0.14093266427516937
[DEBUG] 2025-12-10 20:59:31,919 - model.dqn - Training loss: 0.2641094923019409
[DEBUG] 2025-12-10 20:59:32,195 - model.dqn - Training loss: 0.3133801817893982
[DEBUG] 2025-12-10 20:59:32,467 - model.dqn - Training loss: 0.3276439607143402
[DEBUG] 2025-12-10 20:59:32,744 - model.dqn - Training loss: 0.29731470346450806
[DEBUG] 2025-12-10 20:59:33,023 - model.dqn - Training loss: 0.23662151396274567
[DEBUG] 2025-12-10 20:59:33,300 - model.dqn - Training loss: 0.620916485786438
[DEBUG] 2025-12-10 20:59:33,575 - model.dqn - Training loss: 0.5899142622947693
[DEBUG] 2025-12-10 20:59:33,849 - model.dqn - Training loss: 0.49808889627456665
[DEBUG] 2025-12-10 20:59:34,128 - model.dqn - Training loss: 0.6312664747238159
[DEBUG] 2025-12-10 20:59:34,403 - model.dqn - Training loss: 0.38279780745506287
[DEBUG] 2025-12-10 20:59:34,678 - model.dqn - Training loss: 0.5143895745277405
[DEBUG] 2025-12-10 20:59:34,951 - model.dqn - Training loss: 0.3816564977169037
[DEBUG] 2025-12-10 20:59:35,231 - model.dqn - Training loss: 0.4964856803417206
[DEBUG] 2025-12-10 20:59:35,507 - model.dqn - Training loss: 0.42359963059425354
[DEBUG] 2025-12-10 20:59:35,780 - model.dqn - Training loss: 0.583694338798523
[DEBUG] 2025-12-10 20:59:36,052 - model.dqn - Training loss: 0.3539513945579529
[DEBUG] 2025-12-10 20:59:36,323 - model.dqn - Training loss: 0.3514389991760254
[DEBUG] 2025-12-10 20:59:36,599 - model.dqn - Training loss: 0.5605093836784363
[DEBUG] 2025-12-10 20:59:36,898 - model.dqn - Training loss: 0.5368823409080505
[DEBUG] 2025-12-10 20:59:37,189 - model.dqn - Training loss: 0.5861984491348267
[DEBUG] 2025-12-10 20:59:37,475 - model.dqn - Training loss: 0.4717688262462616
[DEBUG] 2025-12-10 20:59:37,756 - model.dqn - Training loss: 0.6714063286781311
[DEBUG] 2025-12-10 20:59:38,043 - model.dqn - Training loss: 0.38409367203712463
[DEBUG] 2025-12-10 20:59:38,327 - model.dqn - Training loss: 0.26838451623916626
[DEBUG] 2025-12-10 20:59:38,608 - model.dqn - Training loss: 0.5061239004135132
[DEBUG] 2025-12-10 20:59:38,891 - model.dqn - Training loss: 0.4747856557369232
[DEBUG] 2025-12-10 20:59:39,168 - model.dqn - Training loss: 0.4006103277206421
[DEBUG] 2025-12-10 20:59:39,445 - model.dqn - Training loss: 0.6406967043876648
[DEBUG] 2025-12-10 20:59:39,723 - model.dqn - Training loss: 0.3185812532901764
[DEBUG] 2025-12-10 20:59:40,005 - model.dqn - Training loss: 0.545355498790741
[DEBUG] 2025-12-10 20:59:40,356 - model.dqn - Training loss: 0.8830143809318542
[DEBUG] 2025-12-10 20:59:40,657 - model.dqn - Training loss: 0.5544746518135071
[DEBUG] 2025-12-10 20:59:40,978 - model.dqn - Training loss: 0.3745797276496887
[DEBUG] 2025-12-10 20:59:41,290 - model.dqn - Training loss: 0.551513671875
[DEBUG] 2025-12-10 20:59:41,597 - model.dqn - Training loss: 0.7083167433738708
[DEBUG] 2025-12-10 20:59:41,894 - model.dqn - Training loss: 0.9102353453636169
[DEBUG] 2025-12-10 20:59:42,197 - model.dqn - Training loss: 0.3807258903980255
[DEBUG] 2025-12-10 20:59:42,493 - model.dqn - Training loss: 0.6371272802352905
[DEBUG] 2025-12-10 20:59:42,787 - model.dqn - Training loss: 0.3993241786956787
[DEBUG] 2025-12-10 20:59:43,099 - model.dqn - Training loss: 0.44449037313461304
[DEBUG] 2025-12-10 20:59:43,412 - model.dqn - Training loss: 0.7179250121116638
[DEBUG] 2025-12-10 20:59:43,774 - model.dqn - Training loss: 0.5470909476280212
[DEBUG] 2025-12-10 20:59:44,186 - model.dqn - Training loss: 0.43371152877807617
[DEBUG] 2025-12-10 20:59:44,568 - model.dqn - Training loss: 0.2087332010269165
[DEBUG] 2025-12-10 20:59:44,960 - model.dqn - Training loss: 0.4583505094051361
[DEBUG] 2025-12-10 20:59:45,357 - model.dqn - Training loss: 0.6491608619689941
[DEBUG] 2025-12-10 20:59:45,692 - model.dqn - Training loss: 0.6244453191757202
[DEBUG] 2025-12-10 20:59:46,035 - model.dqn - Training loss: 0.8563036918640137
[DEBUG] 2025-12-10 20:59:46,371 - model.dqn - Training loss: 0.5054088830947876
[DEBUG] 2025-12-10 20:59:46,672 - model.dqn - Training loss: 0.4378628134727478
[DEBUG] 2025-12-10 20:59:46,949 - model.dqn - Training loss: 0.9033007025718689
[DEBUG] 2025-12-10 20:59:47,244 - model.dqn - Training loss: 0.4411795139312744
[DEBUG] 2025-12-10 20:59:47,555 - model.dqn - Training loss: 0.40124765038490295
[DEBUG] 2025-12-10 20:59:47,911 - model.dqn - Training loss: 0.5719246864318848
[DEBUG] 2025-12-10 20:59:48,220 - model.dqn - Training loss: 0.3114469349384308
[INFO] 2025-12-10 20:59:48,220 - main - Training completed. Move to evaluation phase.
[INFO] 2025-12-10 20:59:48,221 - verifier.verifier - Evaluation for protocol <atomic_commit> completed.
[INFO] 2025-12-10 20:59:48,221 - verifier.verifier - Setting: players=4, rounds=2
[INFO] 2025-12-10 20:59:48,221 - verifier.verifier - Result: 1 failed cases out of 1 total cases.
[INFO] 2025-12-10 20:59:48,221 - verifier.verifier - Accumulated reward: -4
[INFO] 2025-12-10 20:59:48,221 - main - Epoch 15/100, training on 1 failed cases from last evaluation.
[DEBUG] 2025-12-10 20:59:48,531 - model.dqn - Training loss: 0.40499281883239746
[DEBUG] 2025-12-10 20:59:48,827 - model.dqn - Training loss: 0.5579814314842224
[DEBUG] 2025-12-10 20:59:49,118 - model.dqn - Training loss: 0.7074637413024902
[DEBUG] 2025-12-10 20:59:49,403 - model.dqn - Training loss: 0.28576117753982544
[DEBUG] 2025-12-10 20:59:49,679 - model.dqn - Training loss: 0.18510645627975464
[DEBUG] 2025-12-10 20:59:49,955 - model.dqn - Training loss: 0.4573379456996918
[DEBUG] 2025-12-10 20:59:50,235 - model.dqn - Training loss: 0.43199002742767334
[DEBUG] 2025-12-10 20:59:50,519 - model.dqn - Training loss: 0.7612106204032898
[DEBUG] 2025-12-10 20:59:50,798 - model.dqn - Training loss: 0.3737107217311859
[DEBUG] 2025-12-10 20:59:51,078 - model.dqn - Training loss: 0.5919877886772156
[DEBUG] 2025-12-10 20:59:51,354 - model.dqn - Training loss: 0.42667829990386963
[DEBUG] 2025-12-10 20:59:51,630 - model.dqn - Training loss: 0.6408347487449646
[DEBUG] 2025-12-10 20:59:51,908 - model.dqn - Training loss: 0.476947546005249
[DEBUG] 2025-12-10 20:59:52,188 - model.dqn - Training loss: 0.4425292909145355
[DEBUG] 2025-12-10 20:59:52,465 - model.dqn - Training loss: 0.4230979084968567
[DEBUG] 2025-12-10 20:59:52,743 - model.dqn - Training loss: 0.31448060274124146
[DEBUG] 2025-12-10 20:59:53,020 - model.dqn - Training loss: 0.7750434279441833
[DEBUG] 2025-12-10 20:59:53,297 - model.dqn - Training loss: 0.4358387589454651
[DEBUG] 2025-12-10 20:59:53,572 - model.dqn - Training loss: 0.4800710678100586
[DEBUG] 2025-12-10 20:59:53,847 - model.dqn - Training loss: 0.738183856010437
[DEBUG] 2025-12-10 20:59:54,123 - model.dqn - Training loss: 0.4608311355113983
[DEBUG] 2025-12-10 20:59:54,407 - model.dqn - Training loss: 0.5390940308570862
[DEBUG] 2025-12-10 20:59:54,690 - model.dqn - Training loss: 0.5672459006309509
[DEBUG] 2025-12-10 20:59:54,973 - model.dqn - Training loss: 0.38393715023994446
[DEBUG] 2025-12-10 20:59:55,261 - model.dqn - Training loss: 0.4332575500011444
[DEBUG] 2025-12-10 20:59:55,551 - model.dqn - Training loss: 0.3820136487483978
[DEBUG] 2025-12-10 20:59:55,835 - model.dqn - Training loss: 0.3871597349643707
[DEBUG] 2025-12-10 20:59:56,118 - model.dqn - Training loss: 0.5935336947441101
[DEBUG] 2025-12-10 20:59:56,401 - model.dqn - Training loss: 0.7829092741012573
[DEBUG] 2025-12-10 20:59:56,680 - model.dqn - Training loss: 0.5833174586296082
[DEBUG] 2025-12-10 20:59:56,964 - model.dqn - Training loss: 0.20834706723690033
[DEBUG] 2025-12-10 20:59:57,243 - model.dqn - Training loss: 0.5889060497283936
[DEBUG] 2025-12-10 20:59:57,526 - model.dqn - Training loss: 0.4071957767009735
[DEBUG] 2025-12-10 20:59:57,811 - model.dqn - Training loss: 0.5879285335540771
[DEBUG] 2025-12-10 20:59:58,086 - model.dqn - Training loss: 0.4485207796096802
[DEBUG] 2025-12-10 20:59:58,364 - model.dqn - Training loss: 0.6903571486473083
[DEBUG] 2025-12-10 20:59:58,640 - model.dqn - Training loss: 0.4925968647003174
[DEBUG] 2025-12-10 20:59:58,919 - model.dqn - Training loss: 0.4869520664215088
[DEBUG] 2025-12-10 20:59:59,197 - model.dqn - Training loss: 0.43787136673927307
[DEBUG] 2025-12-10 20:59:59,477 - model.dqn - Training loss: 0.649295449256897
[DEBUG] 2025-12-10 20:59:59,756 - model.dqn - Training loss: 0.28013429045677185
[DEBUG] 2025-12-10 21:00:00,065 - model.dqn - Training loss: 0.5356879830360413
[DEBUG] 2025-12-10 21:00:00,346 - model.dqn - Training loss: 0.518713116645813
[DEBUG] 2025-12-10 21:00:00,641 - model.dqn - Training loss: 0.38653406500816345
[DEBUG] 2025-12-10 21:00:00,920 - model.dqn - Training loss: 0.6148764491081238
[DEBUG] 2025-12-10 21:00:01,198 - model.dqn - Training loss: 0.6064484119415283
[DEBUG] 2025-12-10 21:00:01,491 - model.dqn - Training loss: 0.2864127457141876
[DEBUG] 2025-12-10 21:00:01,771 - model.dqn - Training loss: 0.3417724370956421
[DEBUG] 2025-12-10 21:00:02,051 - model.dqn - Training loss: 0.2345786690711975
[DEBUG] 2025-12-10 21:00:02,333 - model.dqn - Training loss: 0.47712036967277527
[DEBUG] 2025-12-10 21:00:02,614 - model.dqn - Training loss: 0.2533811926841736
[DEBUG] 2025-12-10 21:00:02,923 - model.dqn - Training loss: 0.47826501727104187
[DEBUG] 2025-12-10 21:00:03,208 - model.dqn - Training loss: 0.9386969804763794
[DEBUG] 2025-12-10 21:00:03,513 - model.dqn - Training loss: 0.601875364780426
[DEBUG] 2025-12-10 21:00:03,790 - model.dqn - Training loss: 0.42329850792884827
[DEBUG] 2025-12-10 21:00:04,068 - model.dqn - Training loss: 0.5422736406326294
[DEBUG] 2025-12-10 21:00:04,345 - model.dqn - Training loss: 0.7819834351539612
[DEBUG] 2025-12-10 21:00:04,621 - model.dqn - Training loss: 0.8560725450515747
[DEBUG] 2025-12-10 21:00:04,898 - model.dqn - Training loss: 0.2210923135280609
[DEBUG] 2025-12-10 21:00:05,183 - model.dqn - Training loss: 0.39539772272109985
[DEBUG] 2025-12-10 21:00:05,467 - model.dqn - Training loss: 0.3937576413154602
[DEBUG] 2025-12-10 21:00:05,741 - model.dqn - Training loss: 0.23716430366039276
[DEBUG] 2025-12-10 21:00:06,019 - model.dqn - Training loss: 0.4716588258743286
[DEBUG] 2025-12-10 21:00:06,296 - model.dqn - Training loss: 0.5864874124526978
[DEBUG] 2025-12-10 21:00:06,570 - model.dqn - Training loss: 0.5161392688751221
[DEBUG] 2025-12-10 21:00:06,849 - model.dqn - Training loss: 0.5042407512664795
[DEBUG] 2025-12-10 21:00:07,126 - model.dqn - Training loss: 0.4476034343242645
[DEBUG] 2025-12-10 21:00:07,402 - model.dqn - Training loss: 0.47484707832336426
[DEBUG] 2025-12-10 21:00:07,680 - model.dqn - Training loss: 0.37015390396118164
[DEBUG] 2025-12-10 21:00:07,956 - model.dqn - Training loss: 0.6692041754722595
[DEBUG] 2025-12-10 21:00:08,232 - model.dqn - Training loss: 0.33752942085266113
[DEBUG] 2025-12-10 21:00:08,512 - model.dqn - Training loss: 0.3593439757823944
[DEBUG] 2025-12-10 21:00:08,797 - model.dqn - Training loss: 0.4613820016384125
[DEBUG] 2025-12-10 21:00:09,088 - model.dqn - Training loss: 0.22942084074020386
[DEBUG] 2025-12-10 21:00:09,380 - model.dqn - Training loss: 0.6805040240287781
[DEBUG] 2025-12-10 21:00:09,667 - model.dqn - Training loss: 0.36300352215766907
[DEBUG] 2025-12-10 21:00:09,947 - model.dqn - Training loss: 0.3269420564174652
[DEBUG] 2025-12-10 21:00:10,223 - model.dqn - Training loss: 0.4269745349884033
[DEBUG] 2025-12-10 21:00:10,523 - model.dqn - Training loss: 0.37927985191345215
[DEBUG] 2025-12-10 21:00:10,815 - model.dqn - Training loss: 0.4312199652194977
[DEBUG] 2025-12-10 21:00:11,110 - model.dqn - Training loss: 0.553041398525238
[DEBUG] 2025-12-10 21:00:11,398 - model.dqn - Training loss: 0.29383692145347595
[DEBUG] 2025-12-10 21:00:11,689 - model.dqn - Training loss: 0.3965262472629547
[DEBUG] 2025-12-10 21:00:11,974 - model.dqn - Training loss: 0.6741624474525452
[DEBUG] 2025-12-10 21:00:12,254 - model.dqn - Training loss: 0.4230617880821228
[DEBUG] 2025-12-10 21:00:12,531 - model.dqn - Training loss: 0.48800501227378845
[DEBUG] 2025-12-10 21:00:12,809 - model.dqn - Training loss: 0.5122665762901306
[DEBUG] 2025-12-10 21:00:13,087 - model.dqn - Training loss: 0.6012182831764221
[DEBUG] 2025-12-10 21:00:13,364 - model.dqn - Training loss: 0.3395140469074249
[DEBUG] 2025-12-10 21:00:13,641 - model.dqn - Training loss: 0.2891589403152466
[DEBUG] 2025-12-10 21:00:13,931 - model.dqn - Training loss: 0.47931379079818726
[DEBUG] 2025-12-10 21:00:14,215 - model.dqn - Training loss: 0.43829572200775146
[DEBUG] 2025-12-10 21:00:14,497 - model.dqn - Training loss: 0.7010814547538757
[DEBUG] 2025-12-10 21:00:14,782 - model.dqn - Training loss: 0.48677095770835876
[DEBUG] 2025-12-10 21:00:15,120 - model.dqn - Training loss: 0.5742972493171692
[DEBUG] 2025-12-10 21:00:15,407 - model.dqn - Training loss: 0.7134031057357788
[DEBUG] 2025-12-10 21:00:15,695 - model.dqn - Training loss: 0.6662175059318542
[DEBUG] 2025-12-10 21:00:15,977 - model.dqn - Training loss: 0.5751271843910217
[DEBUG] 2025-12-10 21:00:16,260 - model.dqn - Training loss: 0.32918962836265564
[DEBUG] 2025-12-10 21:00:16,549 - model.dqn - Training loss: 0.577126681804657
[INFO] 2025-12-10 21:00:16,549 - main - Training completed. Move to evaluation phase.
[INFO] 2025-12-10 21:00:16,550 - verifier.verifier - Evaluation for protocol <atomic_commit> completed.
[INFO] 2025-12-10 21:00:16,550 - verifier.verifier - Setting: players=4, rounds=2
[INFO] 2025-12-10 21:00:16,550 - verifier.verifier - Result: 1 failed cases out of 1 total cases.
[INFO] 2025-12-10 21:00:16,550 - verifier.verifier - Accumulated reward: -4
[INFO] 2025-12-10 21:00:16,550 - main - Epoch 16/100, training on 1 failed cases from last evaluation.
[DEBUG] 2025-12-10 21:00:16,831 - model.dqn - Training loss: 0.35735538601875305
[DEBUG] 2025-12-10 21:00:17,117 - model.dqn - Training loss: 0.275778204202652
[DEBUG] 2025-12-10 21:00:17,403 - model.dqn - Training loss: 0.32752174139022827
[DEBUG] 2025-12-10 21:00:17,689 - model.dqn - Training loss: 0.47582632303237915
[DEBUG] 2025-12-10 21:00:17,976 - model.dqn - Training loss: 0.5432513952255249
[DEBUG] 2025-12-10 21:00:18,263 - model.dqn - Training loss: 0.16667012870311737
[DEBUG] 2025-12-10 21:00:18,545 - model.dqn - Training loss: 0.40916237235069275
[DEBUG] 2025-12-10 21:00:18,844 - model.dqn - Training loss: 0.520378828048706
[DEBUG] 2025-12-10 21:00:19,150 - model.dqn - Training loss: 0.4409183859825134
[DEBUG] 2025-12-10 21:00:19,434 - model.dqn - Training loss: 0.8431735038757324
[DEBUG] 2025-12-10 21:00:19,723 - model.dqn - Training loss: 0.43957337737083435
[DEBUG] 2025-12-10 21:00:20,009 - model.dqn - Training loss: 0.7450892925262451
[DEBUG] 2025-12-10 21:00:20,290 - model.dqn - Training loss: 0.4295647144317627
[DEBUG] 2025-12-10 21:00:20,568 - model.dqn - Training loss: 0.29498574137687683
[DEBUG] 2025-12-10 21:00:20,850 - model.dqn - Training loss: 0.19858968257904053
[DEBUG] 2025-12-10 21:00:21,129 - model.dqn - Training loss: 0.39100322127342224
[DEBUG] 2025-12-10 21:00:21,410 - model.dqn - Training loss: 0.6282141804695129
[DEBUG] 2025-12-10 21:00:21,698 - model.dqn - Training loss: 0.4304809868335724
[DEBUG] 2025-12-10 21:00:21,976 - model.dqn - Training loss: 0.7355389595031738
[DEBUG] 2025-12-10 21:00:22,253 - model.dqn - Training loss: 0.2877598702907562
[DEBUG] 2025-12-10 21:00:22,533 - model.dqn - Training loss: 0.23983266949653625
[DEBUG] 2025-12-10 21:00:22,809 - model.dqn - Training loss: 0.49022191762924194
[DEBUG] 2025-12-10 21:00:23,086 - model.dqn - Training loss: 0.4537433385848999
[DEBUG] 2025-12-10 21:00:23,364 - model.dqn - Training loss: 0.5313363671302795
[DEBUG] 2025-12-10 21:00:23,639 - model.dqn - Training loss: 0.2691115140914917
[DEBUG] 2025-12-10 21:00:23,927 - model.dqn - Training loss: 0.3819691836833954
[DEBUG] 2025-12-10 21:00:24,217 - model.dqn - Training loss: 0.23705071210861206
[DEBUG] 2025-12-10 21:00:24,509 - model.dqn - Training loss: 0.3505617380142212
[DEBUG] 2025-12-10 21:00:24,804 - model.dqn - Training loss: 0.24764473736286163
[DEBUG] 2025-12-10 21:00:25,083 - model.dqn - Training loss: 0.4799927771091461
[DEBUG] 2025-12-10 21:00:25,364 - model.dqn - Training loss: 0.3987671136856079
[DEBUG] 2025-12-10 21:00:25,646 - model.dqn - Training loss: 0.3848339319229126
[DEBUG] 2025-12-10 21:00:25,934 - model.dqn - Training loss: 0.4886291027069092
[DEBUG] 2025-12-10 21:00:26,281 - model.dqn - Training loss: 0.16803772747516632
[DEBUG] 2025-12-10 21:00:26,579 - model.dqn - Training loss: 0.6852787733078003
[DEBUG] 2025-12-10 21:00:26,871 - model.dqn - Training loss: 0.41667070984840393
[DEBUG] 2025-12-10 21:00:27,160 - model.dqn - Training loss: 0.19392511248588562
[DEBUG] 2025-12-10 21:00:27,452 - model.dqn - Training loss: 0.5720736384391785
[DEBUG] 2025-12-10 21:00:27,748 - model.dqn - Training loss: 0.18461064994335175
[DEBUG] 2025-12-10 21:00:28,044 - model.dqn - Training loss: 0.21491414308547974
[DEBUG] 2025-12-10 21:00:28,336 - model.dqn - Training loss: 0.27644607424736023
[DEBUG] 2025-12-10 21:00:28,631 - model.dqn - Training loss: 0.2733258008956909
[DEBUG] 2025-12-10 21:00:28,926 - model.dqn - Training loss: 0.23505213856697083
[DEBUG] 2025-12-10 21:00:29,227 - model.dqn - Training loss: 0.3474937975406647
[DEBUG] 2025-12-10 21:00:29,515 - model.dqn - Training loss: 0.5782451033592224
[DEBUG] 2025-12-10 21:00:29,803 - model.dqn - Training loss: 0.19968323409557343
[DEBUG] 2025-12-10 21:00:30,087 - model.dqn - Training loss: 0.42319512367248535
[DEBUG] 2025-12-10 21:00:30,367 - model.dqn - Training loss: 0.12292993813753128
[DEBUG] 2025-12-10 21:00:30,645 - model.dqn - Training loss: 0.47295668721199036
[DEBUG] 2025-12-10 21:00:30,925 - model.dqn - Training loss: 0.4590469300746918
[DEBUG] 2025-12-10 21:00:31,204 - model.dqn - Training loss: 0.2665999233722687
[DEBUG] 2025-12-10 21:00:31,478 - model.dqn - Training loss: 0.18641909956932068
[DEBUG] 2025-12-10 21:00:31,753 - model.dqn - Training loss: 0.39656320214271545
[DEBUG] 2025-12-10 21:00:32,033 - model.dqn - Training loss: 0.4050225615501404
[DEBUG] 2025-12-10 21:00:32,323 - model.dqn - Training loss: 0.30853861570358276
[DEBUG] 2025-12-10 21:00:32,607 - model.dqn - Training loss: 0.5000172853469849
[DEBUG] 2025-12-10 21:00:32,895 - model.dqn - Training loss: 0.46826690435409546
[DEBUG] 2025-12-10 21:00:33,181 - model.dqn - Training loss: 0.6198310256004333
[DEBUG] 2025-12-10 21:00:33,466 - model.dqn - Training loss: 0.28886738419532776
[DEBUG] 2025-12-10 21:00:33,746 - model.dqn - Training loss: 0.29121801257133484
[DEBUG] 2025-12-10 21:00:34,023 - model.dqn - Training loss: 0.2398538440465927
[DEBUG] 2025-12-10 21:00:34,300 - model.dqn - Training loss: 0.3343941867351532
[DEBUG] 2025-12-10 21:00:34,581 - model.dqn - Training loss: 0.21029514074325562
[DEBUG] 2025-12-10 21:00:34,855 - model.dqn - Training loss: 0.42449554800987244
[DEBUG] 2025-12-10 21:00:35,131 - model.dqn - Training loss: 0.2154502123594284
[DEBUG] 2025-12-10 21:00:35,408 - model.dqn - Training loss: 0.36498650908470154
[DEBUG] 2025-12-10 21:00:35,687 - model.dqn - Training loss: 0.32580581307411194
[DEBUG] 2025-12-10 21:00:35,970 - model.dqn - Training loss: 0.4578814208507538
[DEBUG] 2025-12-10 21:00:36,278 - model.dqn - Training loss: 0.37548598647117615
[DEBUG] 2025-12-10 21:00:36,569 - model.dqn - Training loss: 0.2315639704465866
[DEBUG] 2025-12-10 21:00:36,860 - model.dqn - Training loss: 0.23950515687465668
[DEBUG] 2025-12-10 21:00:37,154 - model.dqn - Training loss: 0.26847147941589355
[DEBUG] 2025-12-10 21:00:37,440 - model.dqn - Training loss: 0.257625937461853
[DEBUG] 2025-12-10 21:00:37,774 - model.dqn - Training loss: 0.2308679223060608
[DEBUG] 2025-12-10 21:00:38,064 - model.dqn - Training loss: 0.5173032283782959
[DEBUG] 2025-12-10 21:00:38,354 - model.dqn - Training loss: 0.30749788880348206
[DEBUG] 2025-12-10 21:00:38,643 - model.dqn - Training loss: 0.3065171539783478
[DEBUG] 2025-12-10 21:00:38,922 - model.dqn - Training loss: 0.4343971610069275
[DEBUG] 2025-12-10 21:00:39,203 - model.dqn - Training loss: 0.2650560736656189
[DEBUG] 2025-12-10 21:00:39,480 - model.dqn - Training loss: 0.7031581997871399
[DEBUG] 2025-12-10 21:00:39,760 - model.dqn - Training loss: 0.512382984161377
[DEBUG] 2025-12-10 21:00:40,056 - model.dqn - Training loss: 0.5104871392250061
[DEBUG] 2025-12-10 21:00:40,332 - model.dqn - Training loss: 0.2535845637321472
[DEBUG] 2025-12-10 21:00:40,606 - model.dqn - Training loss: 0.2036445438861847
[DEBUG] 2025-12-10 21:00:40,879 - model.dqn - Training loss: 0.5020531415939331
[DEBUG] 2025-12-10 21:00:41,155 - model.dqn - Training loss: 0.4304792582988739
[DEBUG] 2025-12-10 21:00:41,432 - model.dqn - Training loss: 0.42945584654808044
[DEBUG] 2025-12-10 21:00:41,708 - model.dqn - Training loss: 0.41711023449897766
[DEBUG] 2025-12-10 21:00:41,982 - model.dqn - Training loss: 0.4146158695220947
[DEBUG] 2025-12-10 21:00:42,262 - model.dqn - Training loss: 0.5426597595214844
[DEBUG] 2025-12-10 21:00:42,545 - model.dqn - Training loss: 0.2982317805290222
[DEBUG] 2025-12-10 21:00:42,821 - model.dqn - Training loss: 0.29977932572364807
[DEBUG] 2025-12-10 21:00:43,098 - model.dqn - Training loss: 0.4253939092159271
[DEBUG] 2025-12-10 21:00:43,380 - model.dqn - Training loss: 0.2998015582561493
[DEBUG] 2025-12-10 21:00:43,658 - model.dqn - Training loss: 0.2929614186286926
[DEBUG] 2025-12-10 21:00:43,937 - model.dqn - Training loss: 0.39906367659568787
[DEBUG] 2025-12-10 21:00:44,218 - model.dqn - Training loss: 0.34217309951782227
[DEBUG] 2025-12-10 21:00:44,504 - model.dqn - Training loss: 0.3640121817588806
[DEBUG] 2025-12-10 21:00:44,778 - model.dqn - Training loss: 0.23990397155284882
[DEBUG] 2025-12-10 21:00:45,060 - model.dqn - Training loss: 0.38625648617744446
[INFO] 2025-12-10 21:00:45,061 - main - Training completed. Move to evaluation phase.
[INFO] 2025-12-10 21:00:45,061 - verifier.verifier - Evaluation for protocol <atomic_commit> completed.
[INFO] 2025-12-10 21:00:45,061 - verifier.verifier - Setting: players=4, rounds=2
[INFO] 2025-12-10 21:00:45,061 - verifier.verifier - Result: 1 failed cases out of 1 total cases.
[INFO] 2025-12-10 21:00:45,061 - verifier.verifier - Accumulated reward: -4
[INFO] 2025-12-10 21:00:45,062 - main - Epoch 17/100, training on 1 failed cases from last evaluation.
[DEBUG] 2025-12-10 21:00:45,342 - model.dqn - Training loss: 0.4777697026729584
[DEBUG] 2025-12-10 21:00:45,619 - model.dqn - Training loss: 0.3449040353298187
[DEBUG] 2025-12-10 21:00:45,897 - model.dqn - Training loss: 0.3225398659706116
[DEBUG] 2025-12-10 21:00:46,179 - model.dqn - Training loss: 0.36130642890930176
[DEBUG] 2025-12-10 21:00:46,456 - model.dqn - Training loss: 0.49427610635757446
[DEBUG] 2025-12-10 21:00:46,733 - model.dqn - Training loss: 0.3561864495277405
[DEBUG] 2025-12-10 21:00:47,014 - model.dqn - Training loss: 0.4242928624153137
[DEBUG] 2025-12-10 21:00:47,294 - model.dqn - Training loss: 0.4521844983100891
[DEBUG] 2025-12-10 21:00:47,581 - model.dqn - Training loss: 0.23335996270179749
[DEBUG] 2025-12-10 21:00:47,858 - model.dqn - Training loss: 0.2709830701351166
[DEBUG] 2025-12-10 21:00:48,138 - model.dqn - Training loss: 0.23621149361133575
[DEBUG] 2025-12-10 21:00:48,414 - model.dqn - Training loss: 0.1816522181034088
[DEBUG] 2025-12-10 21:00:48,693 - model.dqn - Training loss: 0.518473744392395
[DEBUG] 2025-12-10 21:00:48,971 - model.dqn - Training loss: 0.3059380054473877
[DEBUG] 2025-12-10 21:00:49,249 - model.dqn - Training loss: 0.38117724657058716
[DEBUG] 2025-12-10 21:00:49,529 - model.dqn - Training loss: 0.3171634078025818
[DEBUG] 2025-12-10 21:00:49,806 - model.dqn - Training loss: 0.20658992230892181
[DEBUG] 2025-12-10 21:00:50,085 - model.dqn - Training loss: 0.41927194595336914
[DEBUG] 2025-12-10 21:00:50,364 - model.dqn - Training loss: 0.4692777395248413
[DEBUG] 2025-12-10 21:00:50,640 - model.dqn - Training loss: 0.16572026908397675
[DEBUG] 2025-12-10 21:00:50,918 - model.dqn - Training loss: 0.34166109561920166
[DEBUG] 2025-12-10 21:00:51,196 - model.dqn - Training loss: 0.16007430851459503
[DEBUG] 2025-12-10 21:00:51,473 - model.dqn - Training loss: 0.22676488757133484
[DEBUG] 2025-12-10 21:00:51,752 - model.dqn - Training loss: 0.19646181166172028
[DEBUG] 2025-12-10 21:00:52,033 - model.dqn - Training loss: 0.4051658809185028
[DEBUG] 2025-12-10 21:00:52,312 - model.dqn - Training loss: 0.21646416187286377
[DEBUG] 2025-12-10 21:00:52,591 - model.dqn - Training loss: 0.3234785795211792
[DEBUG] 2025-12-10 21:00:52,869 - model.dqn - Training loss: 0.2833390235900879
[DEBUG] 2025-12-10 21:00:53,149 - model.dqn - Training loss: 0.3511759340763092
[DEBUG] 2025-12-10 21:00:53,425 - model.dqn - Training loss: 0.38163700699806213
[DEBUG] 2025-12-10 21:00:53,701 - model.dqn - Training loss: 0.22191482782363892
[DEBUG] 2025-12-10 21:00:53,977 - model.dqn - Training loss: 0.23573121428489685
[DEBUG] 2025-12-10 21:00:54,255 - model.dqn - Training loss: 0.21920976042747498
[DEBUG] 2025-12-10 21:00:54,534 - model.dqn - Training loss: 0.19350184500217438
[DEBUG] 2025-12-10 21:00:54,812 - model.dqn - Training loss: 0.3074807822704315
[DEBUG] 2025-12-10 21:00:55,092 - model.dqn - Training loss: 0.39161959290504456
[DEBUG] 2025-12-10 21:00:55,371 - model.dqn - Training loss: 0.35395607352256775
[DEBUG] 2025-12-10 21:00:55,651 - model.dqn - Training loss: 0.4559536278247833
[DEBUG] 2025-12-10 21:00:55,931 - model.dqn - Training loss: 0.37835222482681274
[DEBUG] 2025-12-10 21:00:56,217 - model.dqn - Training loss: 0.17042432725429535
[DEBUG] 2025-12-10 21:00:56,498 - model.dqn - Training loss: 0.3067930340766907
[DEBUG] 2025-12-10 21:00:56,780 - model.dqn - Training loss: 0.1834077090024948
[DEBUG] 2025-12-10 21:00:57,063 - model.dqn - Training loss: 0.16835984587669373
[DEBUG] 2025-12-10 21:00:57,345 - model.dqn - Training loss: 0.30423444509506226
[DEBUG] 2025-12-10 21:00:57,625 - model.dqn - Training loss: 0.31529492139816284
[DEBUG] 2025-12-10 21:00:57,907 - model.dqn - Training loss: 0.6229117512702942
[DEBUG] 2025-12-10 21:00:58,189 - model.dqn - Training loss: 0.23452608287334442
[DEBUG] 2025-12-10 21:00:58,468 - model.dqn - Training loss: 0.4163323938846588
[DEBUG] 2025-12-10 21:00:58,746 - model.dqn - Training loss: 0.46332886815071106
[DEBUG] 2025-12-10 21:00:59,028 - model.dqn - Training loss: 0.3945997357368469
[DEBUG] 2025-12-10 21:00:59,308 - model.dqn - Training loss: 0.24268163740634918
[DEBUG] 2025-12-10 21:00:59,587 - model.dqn - Training loss: 0.4559112787246704
[DEBUG] 2025-12-10 21:00:59,863 - model.dqn - Training loss: 0.2009062021970749
[DEBUG] 2025-12-10 21:01:00,147 - model.dqn - Training loss: 0.29525986313819885
[DEBUG] 2025-12-10 21:01:00,429 - model.dqn - Training loss: 0.3335738182067871
[DEBUG] 2025-12-10 21:01:00,709 - model.dqn - Training loss: 0.520992636680603
[DEBUG] 2025-12-10 21:01:00,990 - model.dqn - Training loss: 0.38887646794319153
[DEBUG] 2025-12-10 21:01:01,268 - model.dqn - Training loss: 0.1928502768278122
[DEBUG] 2025-12-10 21:01:01,551 - model.dqn - Training loss: 0.3094921112060547
[DEBUG] 2025-12-10 21:01:01,830 - model.dqn - Training loss: 0.27774327993392944
[DEBUG] 2025-12-10 21:01:02,109 - model.dqn - Training loss: 0.14313958585262299
[DEBUG] 2025-12-10 21:01:02,388 - model.dqn - Training loss: 0.39482906460762024
[DEBUG] 2025-12-10 21:01:02,668 - model.dqn - Training loss: 0.3116430640220642
[DEBUG] 2025-12-10 21:01:02,948 - model.dqn - Training loss: 0.5268402099609375
[DEBUG] 2025-12-10 21:01:03,227 - model.dqn - Training loss: 0.28920599818229675
[DEBUG] 2025-12-10 21:01:03,503 - model.dqn - Training loss: 0.27742719650268555
[DEBUG] 2025-12-10 21:01:03,779 - model.dqn - Training loss: 0.23939116299152374
[DEBUG] 2025-12-10 21:01:04,055 - model.dqn - Training loss: 0.38376423716545105
[DEBUG] 2025-12-10 21:01:04,339 - model.dqn - Training loss: 0.3450888693332672
[DEBUG] 2025-12-10 21:01:04,623 - model.dqn - Training loss: 0.1330816149711609
[DEBUG] 2025-12-10 21:01:04,906 - model.dqn - Training loss: 0.5459282398223877
[DEBUG] 2025-12-10 21:01:05,193 - model.dqn - Training loss: 0.38844630122184753
[DEBUG] 2025-12-10 21:01:05,487 - model.dqn - Training loss: 0.27600669860839844
[DEBUG] 2025-12-10 21:01:05,777 - model.dqn - Training loss: 0.25818395614624023
[DEBUG] 2025-12-10 21:01:06,066 - model.dqn - Training loss: 0.4125371277332306
[DEBUG] 2025-12-10 21:01:06,356 - model.dqn - Training loss: 0.3323853015899658
[DEBUG] 2025-12-10 21:01:06,645 - model.dqn - Training loss: 0.2690574824810028
[DEBUG] 2025-12-10 21:01:06,929 - model.dqn - Training loss: 0.09329172223806381
[DEBUG] 2025-12-10 21:01:07,209 - model.dqn - Training loss: 0.26562678813934326
[DEBUG] 2025-12-10 21:01:07,544 - model.dqn - Training loss: 0.4718768298625946
[DEBUG] 2025-12-10 21:01:07,833 - model.dqn - Training loss: 0.38215741515159607
[DEBUG] 2025-12-10 21:01:08,124 - model.dqn - Training loss: 0.39672914147377014
[DEBUG] 2025-12-10 21:01:08,406 - model.dqn - Training loss: 0.2980729043483734
[DEBUG] 2025-12-10 21:01:08,687 - model.dqn - Training loss: 0.37473464012145996
[DEBUG] 2025-12-10 21:01:08,976 - model.dqn - Training loss: 0.4562984108924866
[DEBUG] 2025-12-10 21:01:09,263 - model.dqn - Training loss: 0.27118486166000366
[DEBUG] 2025-12-10 21:01:09,550 - model.dqn - Training loss: 0.23242321610450745
[DEBUG] 2025-12-10 21:01:09,840 - model.dqn - Training loss: 0.4330461323261261
[DEBUG] 2025-12-10 21:01:10,125 - model.dqn - Training loss: 0.24763360619544983
[DEBUG] 2025-12-10 21:01:10,407 - model.dqn - Training loss: 0.37876927852630615
[DEBUG] 2025-12-10 21:01:10,692 - model.dqn - Training loss: 0.42941537499427795
[DEBUG] 2025-12-10 21:01:10,982 - model.dqn - Training loss: 0.2607731819152832
[DEBUG] 2025-12-10 21:01:11,264 - model.dqn - Training loss: 0.18338388204574585
[DEBUG] 2025-12-10 21:01:11,544 - model.dqn - Training loss: 0.32895374298095703
[DEBUG] 2025-12-10 21:01:11,824 - model.dqn - Training loss: 0.14298422634601593
[DEBUG] 2025-12-10 21:01:12,110 - model.dqn - Training loss: 0.45535388588905334
[DEBUG] 2025-12-10 21:01:12,392 - model.dqn - Training loss: 0.3206941485404968
[DEBUG] 2025-12-10 21:01:12,675 - model.dqn - Training loss: 0.2554081380367279
[DEBUG] 2025-12-10 21:01:12,955 - model.dqn - Training loss: 0.22632795572280884
[DEBUG] 2025-12-10 21:01:13,241 - model.dqn - Training loss: 0.3744314908981323
[INFO] 2025-12-10 21:01:13,241 - main - Training completed. Move to evaluation phase.
[INFO] 2025-12-10 21:01:13,242 - verifier.verifier - Evaluation for protocol <atomic_commit> completed.
[INFO] 2025-12-10 21:01:13,242 - verifier.verifier - Setting: players=4, rounds=2
[INFO] 2025-12-10 21:01:13,242 - verifier.verifier - Result: 1 failed cases out of 1 total cases.
[INFO] 2025-12-10 21:01:13,242 - verifier.verifier - Accumulated reward: -4
[INFO] 2025-12-10 21:01:13,242 - main - Epoch 18/100, training on 1 failed cases from last evaluation.
[DEBUG] 2025-12-10 21:01:13,531 - model.dqn - Training loss: 0.3199741244316101
[DEBUG] 2025-12-10 21:01:13,816 - model.dqn - Training loss: 0.38786762952804565
[DEBUG] 2025-12-10 21:01:14,099 - model.dqn - Training loss: 0.3812674283981323
[DEBUG] 2025-12-10 21:01:14,379 - model.dqn - Training loss: 0.14187052845954895
[DEBUG] 2025-12-10 21:01:14,662 - model.dqn - Training loss: 0.3799082338809967
[DEBUG] 2025-12-10 21:01:14,947 - model.dqn - Training loss: 0.5249713063240051
[DEBUG] 2025-12-10 21:01:15,244 - model.dqn - Training loss: 0.23466376960277557
[DEBUG] 2025-12-10 21:01:15,523 - model.dqn - Training loss: 0.30926787853240967
[DEBUG] 2025-12-10 21:01:15,802 - model.dqn - Training loss: 0.5243393778800964
[DEBUG] 2025-12-10 21:01:16,086 - model.dqn - Training loss: 0.2597927153110504
[DEBUG] 2025-12-10 21:01:16,369 - model.dqn - Training loss: 0.26774847507476807
[DEBUG] 2025-12-10 21:01:16,656 - model.dqn - Training loss: 0.40540647506713867
[DEBUG] 2025-12-10 21:01:16,938 - model.dqn - Training loss: 0.2722735106945038
[DEBUG] 2025-12-10 21:01:17,222 - model.dqn - Training loss: 0.5116012692451477
[DEBUG] 2025-12-10 21:01:17,498 - model.dqn - Training loss: 0.2726062536239624
[DEBUG] 2025-12-10 21:01:17,780 - model.dqn - Training loss: 0.24308249354362488
[DEBUG] 2025-12-10 21:01:18,068 - model.dqn - Training loss: 0.3286456763744354
[DEBUG] 2025-12-10 21:01:18,351 - model.dqn - Training loss: 0.39136967062950134
[DEBUG] 2025-12-10 21:01:18,633 - model.dqn - Training loss: 0.6673247814178467
[DEBUG] 2025-12-10 21:01:18,918 - model.dqn - Training loss: 0.30305588245391846
[DEBUG] 2025-12-10 21:01:19,203 - model.dqn - Training loss: 0.48927226662635803
[DEBUG] 2025-12-10 21:01:19,493 - model.dqn - Training loss: 0.3859632909297943
[DEBUG] 2025-12-10 21:01:19,786 - model.dqn - Training loss: 0.3847762644290924
[DEBUG] 2025-12-10 21:01:20,072 - model.dqn - Training loss: 0.5039424300193787
[DEBUG] 2025-12-10 21:01:20,358 - model.dqn - Training loss: 0.23399600386619568
[DEBUG] 2025-12-10 21:01:20,638 - model.dqn - Training loss: 0.22285951673984528
[DEBUG] 2025-12-10 21:01:20,920 - model.dqn - Training loss: 0.5693796277046204
[DEBUG] 2025-12-10 21:01:21,213 - model.dqn - Training loss: 0.2781214118003845
[DEBUG] 2025-12-10 21:01:21,494 - model.dqn - Training loss: 0.1913285106420517
[DEBUG] 2025-12-10 21:01:21,779 - model.dqn - Training loss: 0.43179604411125183
[DEBUG] 2025-12-10 21:01:22,055 - model.dqn - Training loss: 0.19302904605865479
[DEBUG] 2025-12-10 21:01:22,344 - model.dqn - Training loss: 0.44364309310913086
[DEBUG] 2025-12-10 21:01:22,626 - model.dqn - Training loss: 0.30833500623703003
[DEBUG] 2025-12-10 21:01:22,907 - model.dqn - Training loss: 0.4064241051673889
[DEBUG] 2025-12-10 21:01:23,193 - model.dqn - Training loss: 0.36853960156440735
[DEBUG] 2025-12-10 21:01:23,472 - model.dqn - Training loss: 0.4473547339439392
[DEBUG] 2025-12-10 21:01:23,757 - model.dqn - Training loss: 0.3667348027229309
[DEBUG] 2025-12-10 21:01:24,042 - model.dqn - Training loss: 0.7796533703804016
[DEBUG] 2025-12-10 21:01:24,326 - model.dqn - Training loss: 0.6871079206466675
[DEBUG] 2025-12-10 21:01:24,615 - model.dqn - Training loss: 0.5351052284240723
[DEBUG] 2025-12-10 21:01:24,897 - model.dqn - Training loss: 0.33079931139945984
[DEBUG] 2025-12-10 21:01:25,180 - model.dqn - Training loss: 0.5024030804634094
[DEBUG] 2025-12-10 21:01:25,467 - model.dqn - Training loss: 0.4610699713230133
[DEBUG] 2025-12-10 21:01:25,805 - model.dqn - Training loss: 0.435437947511673
[DEBUG] 2025-12-10 21:01:26,089 - model.dqn - Training loss: 0.6590942144393921
[DEBUG] 2025-12-10 21:01:26,375 - model.dqn - Training loss: 0.31697285175323486
[DEBUG] 2025-12-10 21:01:26,656 - model.dqn - Training loss: 0.30827710032463074
[DEBUG] 2025-12-10 21:01:26,940 - model.dqn - Training loss: 0.7057955265045166
[DEBUG] 2025-12-10 21:01:27,225 - model.dqn - Training loss: 0.3695894181728363
[DEBUG] 2025-12-10 21:01:27,506 - model.dqn - Training loss: 0.28430506587028503
[DEBUG] 2025-12-10 21:01:27,786 - model.dqn - Training loss: 0.3294365108013153
[DEBUG] 2025-12-10 21:01:28,076 - model.dqn - Training loss: 0.6675402522087097
[DEBUG] 2025-12-10 21:01:28,364 - model.dqn - Training loss: 0.487202525138855
[DEBUG] 2025-12-10 21:01:28,651 - model.dqn - Training loss: 0.43143904209136963
[DEBUG] 2025-12-10 21:01:28,936 - model.dqn - Training loss: 0.2930070459842682
[DEBUG] 2025-12-10 21:01:29,217 - model.dqn - Training loss: 0.4320357143878937
[DEBUG] 2025-12-10 21:01:29,504 - model.dqn - Training loss: 0.512826681137085
[DEBUG] 2025-12-10 21:01:29,802 - model.dqn - Training loss: 0.4309055805206299
[DEBUG] 2025-12-10 21:01:30,096 - model.dqn - Training loss: 0.3724590241909027
[DEBUG] 2025-12-10 21:01:30,382 - model.dqn - Training loss: 0.25105080008506775
[DEBUG] 2025-12-10 21:01:30,669 - model.dqn - Training loss: 0.4353615939617157
[DEBUG] 2025-12-10 21:01:30,954 - model.dqn - Training loss: 0.6011144518852234
[DEBUG] 2025-12-10 21:01:31,235 - model.dqn - Training loss: 0.20532380044460297
[DEBUG] 2025-12-10 21:01:31,522 - model.dqn - Training loss: 0.6056883931159973
[DEBUG] 2025-12-10 21:01:31,811 - model.dqn - Training loss: 0.2359815239906311
[DEBUG] 2025-12-10 21:01:32,101 - model.dqn - Training loss: 0.25233665108680725
[DEBUG] 2025-12-10 21:01:32,390 - model.dqn - Training loss: 0.25727927684783936
[DEBUG] 2025-12-10 21:01:32,680 - model.dqn - Training loss: 0.3858790099620819
[DEBUG] 2025-12-10 21:01:32,974 - model.dqn - Training loss: 0.5392691493034363
[DEBUG] 2025-12-10 21:01:33,269 - model.dqn - Training loss: 0.5922834277153015
[DEBUG] 2025-12-10 21:01:33,562 - model.dqn - Training loss: 0.11018982529640198
[DEBUG] 2025-12-10 21:01:33,851 - model.dqn - Training loss: 0.30203160643577576
[DEBUG] 2025-12-10 21:01:34,142 - model.dqn - Training loss: 0.41886425018310547
[DEBUG] 2025-12-10 21:01:34,434 - model.dqn - Training loss: 0.35136935114860535
[DEBUG] 2025-12-10 21:01:34,724 - model.dqn - Training loss: 0.609080970287323
[DEBUG] 2025-12-10 21:01:35,017 - model.dqn - Training loss: 0.5464030504226685
[DEBUG] 2025-12-10 21:01:35,315 - model.dqn - Training loss: 0.44474172592163086
[DEBUG] 2025-12-10 21:01:35,601 - model.dqn - Training loss: 0.5489635467529297
[DEBUG] 2025-12-10 21:01:35,898 - model.dqn - Training loss: 0.35530227422714233
[DEBUG] 2025-12-10 21:01:36,195 - model.dqn - Training loss: 0.28255388140678406
[DEBUG] 2025-12-10 21:01:36,489 - model.dqn - Training loss: 0.5897873044013977
[DEBUG] 2025-12-10 21:01:36,780 - model.dqn - Training loss: 0.6627272367477417
[DEBUG] 2025-12-10 21:01:37,066 - model.dqn - Training loss: 0.3387446701526642
[DEBUG] 2025-12-10 21:01:37,362 - model.dqn - Training loss: 0.6083306670188904
[DEBUG] 2025-12-10 21:01:37,655 - model.dqn - Training loss: 0.5816364288330078
[DEBUG] 2025-12-10 21:01:37,938 - model.dqn - Training loss: 0.26080769300460815
[DEBUG] 2025-12-10 21:01:38,220 - model.dqn - Training loss: 0.33957546949386597
[DEBUG] 2025-12-10 21:01:38,574 - model.dqn - Training loss: 0.6140022873878479
[DEBUG] 2025-12-10 21:01:38,862 - model.dqn - Training loss: 0.9078393578529358
[DEBUG] 2025-12-10 21:01:39,150 - model.dqn - Training loss: 0.199369877576828
[DEBUG] 2025-12-10 21:01:39,436 - model.dqn - Training loss: 0.26099666953086853
[DEBUG] 2025-12-10 21:01:39,719 - model.dqn - Training loss: 0.6878697872161865
[DEBUG] 2025-12-10 21:01:40,003 - model.dqn - Training loss: 0.45710813999176025
[DEBUG] 2025-12-10 21:01:40,371 - model.dqn - Training loss: 0.5357118844985962
[DEBUG] 2025-12-10 21:01:40,829 - model.dqn - Training loss: 0.3460733890533447
[DEBUG] 2025-12-10 21:01:41,235 - model.dqn - Training loss: 0.3306839168071747
[DEBUG] 2025-12-10 21:01:41,576 - model.dqn - Training loss: 0.25065359473228455
[DEBUG] 2025-12-10 21:01:41,903 - model.dqn - Training loss: 0.6646439433097839
[DEBUG] 2025-12-10 21:01:42,234 - model.dqn - Training loss: 0.5409740209579468
[DEBUG] 2025-12-10 21:01:42,568 - model.dqn - Training loss: 0.6173408031463623
[INFO] 2025-12-10 21:01:42,569 - main - Training completed. Move to evaluation phase.
[INFO] 2025-12-10 21:01:42,570 - verifier.verifier - Evaluation for protocol <atomic_commit> completed.
[INFO] 2025-12-10 21:01:42,570 - verifier.verifier - Setting: players=4, rounds=2
[INFO] 2025-12-10 21:01:42,570 - verifier.verifier - Result: 1 failed cases out of 1 total cases.
[INFO] 2025-12-10 21:01:42,570 - verifier.verifier - Accumulated reward: -4
[INFO] 2025-12-10 21:01:42,570 - main - Epoch 19/100, training on 1 failed cases from last evaluation.
[DEBUG] 2025-12-10 21:01:42,893 - model.dqn - Training loss: 0.27148500084877014
[DEBUG] 2025-12-10 21:01:43,284 - model.dqn - Training loss: 0.37782081961631775
[DEBUG] 2025-12-10 21:01:43,675 - model.dqn - Training loss: 0.5486658215522766
[DEBUG] 2025-12-10 21:01:44,071 - model.dqn - Training loss: 0.37347525358200073
[DEBUG] 2025-12-10 21:01:44,421 - model.dqn - Training loss: 0.4928143322467804
[DEBUG] 2025-12-10 21:01:44,793 - model.dqn - Training loss: 0.5026172995567322
[DEBUG] 2025-12-10 21:01:45,142 - model.dqn - Training loss: 0.29272565245628357
[DEBUG] 2025-12-10 21:01:45,482 - model.dqn - Training loss: 0.5363035202026367
[DEBUG] 2025-12-10 21:01:45,791 - model.dqn - Training loss: 0.6633623242378235
[DEBUG] 2025-12-10 21:01:46,093 - model.dqn - Training loss: 0.5852553248405457
[DEBUG] 2025-12-10 21:01:46,385 - model.dqn - Training loss: 0.6668675541877747
[DEBUG] 2025-12-10 21:01:46,682 - model.dqn - Training loss: 0.3624463975429535
[DEBUG] 2025-12-10 21:01:46,969 - model.dqn - Training loss: 0.4094657599925995
[DEBUG] 2025-12-10 21:01:47,306 - model.dqn - Training loss: 0.549410879611969
[DEBUG] 2025-12-10 21:01:47,598 - model.dqn - Training loss: 0.37300989031791687
[DEBUG] 2025-12-10 21:01:47,890 - model.dqn - Training loss: 0.4805716574192047
[DEBUG] 2025-12-10 21:01:48,188 - model.dqn - Training loss: 0.21000781655311584
[DEBUG] 2025-12-10 21:01:48,482 - model.dqn - Training loss: 0.15134848654270172
[DEBUG] 2025-12-10 21:01:48,764 - model.dqn - Training loss: 0.36586856842041016
[DEBUG] 2025-12-10 21:01:49,053 - model.dqn - Training loss: 0.62108314037323
[DEBUG] 2025-12-10 21:01:49,337 - model.dqn - Training loss: 0.5994415879249573
[DEBUG] 2025-12-10 21:01:49,625 - model.dqn - Training loss: 0.5322652459144592
[DEBUG] 2025-12-10 21:01:49,918 - model.dqn - Training loss: 0.47760871052742004
[DEBUG] 2025-12-10 21:01:50,217 - model.dqn - Training loss: 0.5503059029579163
[DEBUG] 2025-12-10 21:01:50,506 - model.dqn - Training loss: 0.25885409116744995
[DEBUG] 2025-12-10 21:01:50,800 - model.dqn - Training loss: 0.4972364604473114
[DEBUG] 2025-12-10 21:01:51,103 - model.dqn - Training loss: 0.4971480071544647
[DEBUG] 2025-12-10 21:01:51,393 - model.dqn - Training loss: 0.3326270282268524
[DEBUG] 2025-12-10 21:01:51,676 - model.dqn - Training loss: 0.2724352180957794
[DEBUG] 2025-12-10 21:01:51,961 - model.dqn - Training loss: 0.34194520115852356
[DEBUG] 2025-12-10 21:01:52,246 - model.dqn - Training loss: 0.39227983355522156
[DEBUG] 2025-12-10 21:01:52,526 - model.dqn - Training loss: 0.4938519299030304
[DEBUG] 2025-12-10 21:01:52,812 - model.dqn - Training loss: 0.29860952496528625
[DEBUG] 2025-12-10 21:01:53,101 - model.dqn - Training loss: 0.2722218334674835
[DEBUG] 2025-12-10 21:01:53,382 - model.dqn - Training loss: 0.3621889054775238
[DEBUG] 2025-12-10 21:01:53,666 - model.dqn - Training loss: 0.5431482791900635
[DEBUG] 2025-12-10 21:01:53,943 - model.dqn - Training loss: 0.3975682556629181
[DEBUG] 2025-12-10 21:01:54,221 - model.dqn - Training loss: 0.35047006607055664
[DEBUG] 2025-12-10 21:01:54,495 - model.dqn - Training loss: 0.6403559446334839
[DEBUG] 2025-12-10 21:01:54,783 - model.dqn - Training loss: 0.2613547444343567
[DEBUG] 2025-12-10 21:01:55,068 - model.dqn - Training loss: 0.32161855697631836
[DEBUG] 2025-12-10 21:01:55,360 - model.dqn - Training loss: 0.38311731815338135
[DEBUG] 2025-12-10 21:01:55,644 - model.dqn - Training loss: 0.3588986396789551
[DEBUG] 2025-12-10 21:01:55,924 - model.dqn - Training loss: 0.4080973267555237
[DEBUG] 2025-12-10 21:01:56,205 - model.dqn - Training loss: 0.38117730617523193
[DEBUG] 2025-12-10 21:01:56,485 - model.dqn - Training loss: 0.48550793528556824
[DEBUG] 2025-12-10 21:01:56,769 - model.dqn - Training loss: 0.42782899737358093
[DEBUG] 2025-12-10 21:01:57,055 - model.dqn - Training loss: 0.22263148427009583
[DEBUG] 2025-12-10 21:01:57,339 - model.dqn - Training loss: 0.3209528625011444
[DEBUG] 2025-12-10 21:01:57,630 - model.dqn - Training loss: 0.41069895029067993
[DEBUG] 2025-12-10 21:01:57,928 - model.dqn - Training loss: 0.4181908369064331
[DEBUG] 2025-12-10 21:01:58,227 - model.dqn - Training loss: 0.27061936259269714
[DEBUG] 2025-12-10 21:01:58,522 - model.dqn - Training loss: 0.4476562738418579
[DEBUG] 2025-12-10 21:01:58,819 - model.dqn - Training loss: 0.4615330994129181
[DEBUG] 2025-12-10 21:01:59,109 - model.dqn - Training loss: 0.2134271115064621
[DEBUG] 2025-12-10 21:01:59,421 - model.dqn - Training loss: 0.6786221861839294
[DEBUG] 2025-12-10 21:01:59,704 - model.dqn - Training loss: 0.42527106404304504
[DEBUG] 2025-12-10 21:02:00,010 - model.dqn - Training loss: 0.5424453616142273
[DEBUG] 2025-12-10 21:02:00,308 - model.dqn - Training loss: 0.26581254601478577
[DEBUG] 2025-12-10 21:02:00,603 - model.dqn - Training loss: 0.44994932413101196
[DEBUG] 2025-12-10 21:02:00,900 - model.dqn - Training loss: 0.539782702922821
[DEBUG] 2025-12-10 21:02:01,186 - model.dqn - Training loss: 0.18494679033756256
[DEBUG] 2025-12-10 21:02:01,523 - model.dqn - Training loss: 0.5880661606788635
[DEBUG] 2025-12-10 21:02:01,848 - model.dqn - Training loss: 0.39704373478889465
[DEBUG] 2025-12-10 21:02:02,153 - model.dqn - Training loss: 0.30852818489074707
[DEBUG] 2025-12-10 21:02:02,476 - model.dqn - Training loss: 0.49429547786712646
[DEBUG] 2025-12-10 21:02:02,771 - model.dqn - Training loss: 0.39010101556777954
[DEBUG] 2025-12-10 21:02:03,069 - model.dqn - Training loss: 0.3414909541606903
[DEBUG] 2025-12-10 21:02:03,361 - model.dqn - Training loss: 0.10783889889717102
[DEBUG] 2025-12-10 21:02:03,647 - model.dqn - Training loss: 0.4976487159729004
[DEBUG] 2025-12-10 21:02:03,930 - model.dqn - Training loss: 0.44543567299842834
[DEBUG] 2025-12-10 21:02:04,212 - model.dqn - Training loss: 0.7010717988014221
[DEBUG] 2025-12-10 21:02:04,494 - model.dqn - Training loss: 0.40405672788619995
[DEBUG] 2025-12-10 21:02:04,774 - model.dqn - Training loss: 0.4623006582260132
[DEBUG] 2025-12-10 21:02:05,053 - model.dqn - Training loss: 0.388426810503006
[DEBUG] 2025-12-10 21:02:05,331 - model.dqn - Training loss: 0.32488206028938293
[DEBUG] 2025-12-10 21:02:05,610 - model.dqn - Training loss: 0.5291074514389038
[DEBUG] 2025-12-10 21:02:05,887 - model.dqn - Training loss: 0.5179592967033386
[DEBUG] 2025-12-10 21:02:06,169 - model.dqn - Training loss: 0.4722222685813904
[DEBUG] 2025-12-10 21:02:06,452 - model.dqn - Training loss: 0.3796249330043793
[DEBUG] 2025-12-10 21:02:06,732 - model.dqn - Training loss: 0.40281400084495544
[DEBUG] 2025-12-10 21:02:07,014 - model.dqn - Training loss: 0.39873945713043213
[DEBUG] 2025-12-10 21:02:07,295 - model.dqn - Training loss: 0.6030181050300598
[DEBUG] 2025-12-10 21:02:07,580 - model.dqn - Training loss: 0.5003000497817993
[DEBUG] 2025-12-10 21:02:07,863 - model.dqn - Training loss: 0.5259001851081848
[DEBUG] 2025-12-10 21:02:08,147 - model.dqn - Training loss: 0.2997708022594452
[DEBUG] 2025-12-10 21:02:08,428 - model.dqn - Training loss: 0.5776561498641968
[DEBUG] 2025-12-10 21:02:08,712 - model.dqn - Training loss: 0.49823808670043945
[DEBUG] 2025-12-10 21:02:08,993 - model.dqn - Training loss: 0.45803672075271606
[DEBUG] 2025-12-10 21:02:09,273 - model.dqn - Training loss: 0.606202244758606
[DEBUG] 2025-12-10 21:02:09,557 - model.dqn - Training loss: 0.3338617980480194
[DEBUG] 2025-12-10 21:02:09,840 - model.dqn - Training loss: 0.3423978388309479
[DEBUG] 2025-12-10 21:02:10,122 - model.dqn - Training loss: 0.5300565958023071
[DEBUG] 2025-12-10 21:02:10,401 - model.dqn - Training loss: 0.40914013981819153
[DEBUG] 2025-12-10 21:02:10,681 - model.dqn - Training loss: 0.616971492767334
[DEBUG] 2025-12-10 21:02:10,957 - model.dqn - Training loss: 0.3170000910758972
[DEBUG] 2025-12-10 21:02:11,241 - model.dqn - Training loss: 0.28237172961235046
[DEBUG] 2025-12-10 21:02:11,526 - model.dqn - Training loss: 0.45117300748825073
[DEBUG] 2025-12-10 21:02:11,814 - model.dqn - Training loss: 0.4879181981086731
[DEBUG] 2025-12-10 21:02:12,095 - model.dqn - Training loss: 0.22346225380897522
[INFO] 2025-12-10 21:02:12,095 - main - Training completed. Move to evaluation phase.
[INFO] 2025-12-10 21:02:12,096 - verifier.verifier - Evaluation for protocol <atomic_commit> completed.
[INFO] 2025-12-10 21:02:12,096 - verifier.verifier - Setting: players=4, rounds=2
[INFO] 2025-12-10 21:02:12,096 - verifier.verifier - Result: 1 failed cases out of 1 total cases.
[INFO] 2025-12-10 21:02:12,096 - verifier.verifier - Accumulated reward: -4
[INFO] 2025-12-10 21:02:12,096 - main - Epoch 20/100, training on 1 failed cases from last evaluation.
[DEBUG] 2025-12-10 21:02:12,385 - model.dqn - Training loss: 0.7283158898353577
[DEBUG] 2025-12-10 21:02:12,671 - model.dqn - Training loss: 0.29404938220977783
[DEBUG] 2025-12-10 21:02:12,951 - model.dqn - Training loss: 0.39092084765434265
[DEBUG] 2025-12-10 21:02:13,228 - model.dqn - Training loss: 0.5074601173400879
[DEBUG] 2025-12-10 21:02:13,510 - model.dqn - Training loss: 0.4125807583332062
[DEBUG] 2025-12-10 21:02:13,790 - model.dqn - Training loss: 0.5470240116119385
[DEBUG] 2025-12-10 21:02:14,069 - model.dqn - Training loss: 0.47716477513313293
[DEBUG] 2025-12-10 21:02:14,348 - model.dqn - Training loss: 0.7876418232917786
[DEBUG] 2025-12-10 21:02:14,634 - model.dqn - Training loss: 0.40148815512657166
[DEBUG] 2025-12-10 21:02:14,918 - model.dqn - Training loss: 0.46927469968795776
[DEBUG] 2025-12-10 21:02:15,197 - model.dqn - Training loss: 0.30984342098236084
[DEBUG] 2025-12-10 21:02:15,483 - model.dqn - Training loss: 0.3828149139881134
[DEBUG] 2025-12-10 21:02:15,765 - model.dqn - Training loss: 0.21426604688167572
[DEBUG] 2025-12-10 21:02:16,047 - model.dqn - Training loss: 0.6852654218673706
[DEBUG] 2025-12-10 21:02:16,331 - model.dqn - Training loss: 0.45926621556282043
[DEBUG] 2025-12-10 21:02:16,622 - model.dqn - Training loss: 0.3301747143268585
[DEBUG] 2025-12-10 21:02:16,908 - model.dqn - Training loss: 0.7152099609375
[DEBUG] 2025-12-10 21:02:17,194 - model.dqn - Training loss: 0.23305943608283997
[DEBUG] 2025-12-10 21:02:17,472 - model.dqn - Training loss: 0.4136245846748352
[DEBUG] 2025-12-10 21:02:17,753 - model.dqn - Training loss: 0.5276426672935486
[DEBUG] 2025-12-10 21:02:18,033 - model.dqn - Training loss: 0.6436445713043213
[DEBUG] 2025-12-10 21:02:18,310 - model.dqn - Training loss: 0.6909764409065247
[DEBUG] 2025-12-10 21:02:18,583 - model.dqn - Training loss: 0.32942959666252136
[DEBUG] 2025-12-10 21:02:18,858 - model.dqn - Training loss: 0.20938119292259216
[DEBUG] 2025-12-10 21:02:19,130 - model.dqn - Training loss: 0.3510031998157501
[DEBUG] 2025-12-10 21:02:19,405 - model.dqn - Training loss: 0.4471583366394043
[DEBUG] 2025-12-10 21:02:19,683 - model.dqn - Training loss: 0.47728702425956726
[DEBUG] 2025-12-10 21:02:19,961 - model.dqn - Training loss: 0.32067641615867615
[DEBUG] 2025-12-10 21:02:20,235 - model.dqn - Training loss: 0.29844915866851807
[DEBUG] 2025-12-10 21:02:20,512 - model.dqn - Training loss: 0.5995938181877136
[DEBUG] 2025-12-10 21:02:20,788 - model.dqn - Training loss: 0.549487292766571
[DEBUG] 2025-12-10 21:02:21,085 - model.dqn - Training loss: 0.3504718542098999
[DEBUG] 2025-12-10 21:02:21,380 - model.dqn - Training loss: 0.3906992971897125
[DEBUG] 2025-12-10 21:02:21,667 - model.dqn - Training loss: 0.5007732510566711
[DEBUG] 2025-12-10 21:02:21,963 - model.dqn - Training loss: 0.5128481388092041
[DEBUG] 2025-12-10 21:02:22,253 - model.dqn - Training loss: 0.52820885181427
[DEBUG] 2025-12-10 21:02:22,543 - model.dqn - Training loss: 0.3240286707878113
[DEBUG] 2025-12-10 21:02:22,826 - model.dqn - Training loss: 0.36631807684898376
[DEBUG] 2025-12-10 21:02:23,110 - model.dqn - Training loss: 0.16678565740585327
[DEBUG] 2025-12-10 21:02:23,398 - model.dqn - Training loss: 0.633163571357727
[DEBUG] 2025-12-10 21:02:23,690 - model.dqn - Training loss: 0.29271164536476135
[DEBUG] 2025-12-10 21:02:23,973 - model.dqn - Training loss: 0.40040820837020874
[DEBUG] 2025-12-10 21:02:24,263 - model.dqn - Training loss: 0.25527772307395935
[DEBUG] 2025-12-10 21:02:24,549 - model.dqn - Training loss: 0.34383073449134827
[DEBUG] 2025-12-10 21:02:24,832 - model.dqn - Training loss: 0.31672388315200806
[DEBUG] 2025-12-10 21:02:25,114 - model.dqn - Training loss: 0.2733762860298157
[DEBUG] 2025-12-10 21:02:25,407 - model.dqn - Training loss: 0.7463377118110657
[DEBUG] 2025-12-10 21:02:25,701 - model.dqn - Training loss: 0.5158362984657288
[DEBUG] 2025-12-10 21:02:25,981 - model.dqn - Training loss: 0.51032555103302
[DEBUG] 2025-12-10 21:02:26,264 - model.dqn - Training loss: 0.47411948442459106
[DEBUG] 2025-12-10 21:02:26,546 - model.dqn - Training loss: 0.3328604996204376
[DEBUG] 2025-12-10 21:02:26,830 - model.dqn - Training loss: 0.3901454210281372
[DEBUG] 2025-12-10 21:02:27,116 - model.dqn - Training loss: 0.48914533853530884
[DEBUG] 2025-12-10 21:02:27,404 - model.dqn - Training loss: 0.1366293579339981
[DEBUG] 2025-12-10 21:02:27,707 - model.dqn - Training loss: 0.5259984731674194
[DEBUG] 2025-12-10 21:02:28,057 - model.dqn - Training loss: 0.4101734757423401
[DEBUG] 2025-12-10 21:02:28,345 - model.dqn - Training loss: 0.44580402970314026
[DEBUG] 2025-12-10 21:02:28,627 - model.dqn - Training loss: 0.30582255125045776
[DEBUG] 2025-12-10 21:02:28,924 - model.dqn - Training loss: 0.33504873514175415
[DEBUG] 2025-12-10 21:02:29,211 - model.dqn - Training loss: 0.6459535956382751
[DEBUG] 2025-12-10 21:02:29,508 - model.dqn - Training loss: 0.4353189766407013
[DEBUG] 2025-12-10 21:02:29,802 - model.dqn - Training loss: 0.5406720638275146
[DEBUG] 2025-12-10 21:02:30,095 - model.dqn - Training loss: 0.3810383081436157
[DEBUG] 2025-12-10 21:02:30,395 - model.dqn - Training loss: 0.3080044090747833
[DEBUG] 2025-12-10 21:02:30,688 - model.dqn - Training loss: 0.13541318476200104
[DEBUG] 2025-12-10 21:02:30,979 - model.dqn - Training loss: 0.5814074873924255
[DEBUG] 2025-12-10 21:02:31,265 - model.dqn - Training loss: 0.38760411739349365
[DEBUG] 2025-12-10 21:02:31,551 - model.dqn - Training loss: 0.5490105152130127
[DEBUG] 2025-12-10 21:02:31,836 - model.dqn - Training loss: 0.2919948399066925
[DEBUG] 2025-12-10 21:02:32,130 - model.dqn - Training loss: 0.29165661334991455
[DEBUG] 2025-12-10 21:02:32,415 - model.dqn - Training loss: 0.36411428451538086
[DEBUG] 2025-12-10 21:02:32,710 - model.dqn - Training loss: 0.4321480989456177
[DEBUG] 2025-12-10 21:02:32,993 - model.dqn - Training loss: 0.5504847168922424
[DEBUG] 2025-12-10 21:02:33,289 - model.dqn - Training loss: 0.26754996180534363
[DEBUG] 2025-12-10 21:02:33,586 - model.dqn - Training loss: 0.5654754638671875
[DEBUG] 2025-12-10 21:02:33,877 - model.dqn - Training loss: 0.35486099123954773
[DEBUG] 2025-12-10 21:02:34,160 - model.dqn - Training loss: 0.3652857840061188
[DEBUG] 2025-12-10 21:02:34,440 - model.dqn - Training loss: 0.39033088088035583
[DEBUG] 2025-12-10 21:02:34,726 - model.dqn - Training loss: 0.3050999641418457
[DEBUG] 2025-12-10 21:02:35,014 - model.dqn - Training loss: 0.6038826107978821
[DEBUG] 2025-12-10 21:02:35,295 - model.dqn - Training loss: 0.3744536340236664
[DEBUG] 2025-12-10 21:02:35,575 - model.dqn - Training loss: 0.4707493484020233
[DEBUG] 2025-12-10 21:02:35,855 - model.dqn - Training loss: 0.14835773408412933
[DEBUG] 2025-12-10 21:02:36,137 - model.dqn - Training loss: 0.257476270198822
[DEBUG] 2025-12-10 21:02:36,415 - model.dqn - Training loss: 0.6187746524810791
[DEBUG] 2025-12-10 21:02:36,694 - model.dqn - Training loss: 0.6168395280838013
[DEBUG] 2025-12-10 21:02:36,979 - model.dqn - Training loss: 0.4174126088619232
[DEBUG] 2025-12-10 21:02:37,311 - model.dqn - Training loss: 0.3257499039173126
[DEBUG] 2025-12-10 21:02:37,594 - model.dqn - Training loss: 0.2658354640007019
[DEBUG] 2025-12-10 21:02:37,873 - model.dqn - Training loss: 0.5328760147094727
[DEBUG] 2025-12-10 21:02:38,152 - model.dqn - Training loss: 0.512204110622406
[DEBUG] 2025-12-10 21:02:38,465 - model.dqn - Training loss: 0.3811125159263611
[DEBUG] 2025-12-10 21:02:38,764 - model.dqn - Training loss: 0.5926516652107239
[DEBUG] 2025-12-10 21:02:39,058 - model.dqn - Training loss: 0.47593972086906433
[DEBUG] 2025-12-10 21:02:39,348 - model.dqn - Training loss: 0.41111278533935547
[DEBUG] 2025-12-10 21:02:39,639 - model.dqn - Training loss: 0.2459576427936554
[DEBUG] 2025-12-10 21:02:39,939 - model.dqn - Training loss: 0.45451757311820984
[DEBUG] 2025-12-10 21:02:40,348 - model.dqn - Training loss: 0.4938202500343323
[DEBUG] 2025-12-10 21:02:40,778 - model.dqn - Training loss: 0.41944000124931335
[DEBUG] 2025-12-10 21:02:41,121 - model.dqn - Training loss: 0.5074939131736755
[INFO] 2025-12-10 21:02:41,121 - main - Training completed. Move to evaluation phase.
[INFO] 2025-12-10 21:02:41,122 - verifier.verifier - Evaluation for protocol <atomic_commit> completed.
[INFO] 2025-12-10 21:02:41,122 - verifier.verifier - Setting: players=4, rounds=2
[INFO] 2025-12-10 21:02:41,122 - verifier.verifier - Result: 1 failed cases out of 1 total cases.
[INFO] 2025-12-10 21:02:41,122 - verifier.verifier - Accumulated reward: -4
[INFO] 2025-12-10 21:02:41,122 - main - Epoch 21/100, training on 1 failed cases from last evaluation.
[DEBUG] 2025-12-10 21:02:41,437 - model.dqn - Training loss: 0.35506466031074524
[DEBUG] 2025-12-10 21:02:41,762 - model.dqn - Training loss: 0.38233083486557007
[DEBUG] 2025-12-10 21:02:42,086 - model.dqn - Training loss: 0.571107804775238
[DEBUG] 2025-12-10 21:02:42,451 - model.dqn - Training loss: 0.2800547182559967
[DEBUG] 2025-12-10 21:02:42,782 - model.dqn - Training loss: 0.6164481043815613
[DEBUG] 2025-12-10 21:02:43,114 - model.dqn - Training loss: 0.3922247886657715
[DEBUG] 2025-12-10 21:02:43,500 - model.dqn - Training loss: 0.5929743051528931
[DEBUG] 2025-12-10 21:02:43,879 - model.dqn - Training loss: 0.835256040096283
[DEBUG] 2025-12-10 21:02:44,279 - model.dqn - Training loss: 0.21969358623027802
[DEBUG] 2025-12-10 21:02:44,625 - model.dqn - Training loss: 0.4026319682598114
[DEBUG] 2025-12-10 21:02:44,969 - model.dqn - Training loss: 0.41160428524017334
[DEBUG] 2025-12-10 21:02:45,310 - model.dqn - Training loss: 0.4023990333080292
[DEBUG] 2025-12-10 21:02:45,622 - model.dqn - Training loss: 0.35254257917404175
[DEBUG] 2025-12-10 21:02:45,902 - model.dqn - Training loss: 0.754481315612793
[DEBUG] 2025-12-10 21:02:46,189 - model.dqn - Training loss: 0.4062056243419647
[DEBUG] 2025-12-10 21:02:46,471 - model.dqn - Training loss: 0.3566087484359741
[DEBUG] 2025-12-10 21:02:46,750 - model.dqn - Training loss: 0.48992064595222473
[DEBUG] 2025-12-10 21:02:47,033 - model.dqn - Training loss: 0.18063007295131683
[DEBUG] 2025-12-10 21:02:47,320 - model.dqn - Training loss: 0.700618326663971
[DEBUG] 2025-12-10 21:02:47,608 - model.dqn - Training loss: 0.5781972408294678
[DEBUG] 2025-12-10 21:02:47,889 - model.dqn - Training loss: 0.2567566931247711
[DEBUG] 2025-12-10 21:02:48,174 - model.dqn - Training loss: 0.1744225025177002
[DEBUG] 2025-12-10 21:02:48,462 - model.dqn - Training loss: 0.32216599583625793
[DEBUG] 2025-12-10 21:02:48,744 - model.dqn - Training loss: 0.4986139237880707
[DEBUG] 2025-12-10 21:02:49,032 - model.dqn - Training loss: 0.46459507942199707
[DEBUG] 2025-12-10 21:02:49,321 - model.dqn - Training loss: 0.449786901473999
[DEBUG] 2025-12-10 21:02:49,610 - model.dqn - Training loss: 0.4494169354438782
[DEBUG] 2025-12-10 21:02:49,890 - model.dqn - Training loss: 0.5191996097564697
[DEBUG] 2025-12-10 21:02:50,175 - model.dqn - Training loss: 0.202113538980484
[DEBUG] 2025-12-10 21:02:50,466 - model.dqn - Training loss: 0.2130756676197052
[DEBUG] 2025-12-10 21:02:50,756 - model.dqn - Training loss: 0.3905273377895355
[DEBUG] 2025-12-10 21:02:51,037 - model.dqn - Training loss: 0.43763622641563416
[DEBUG] 2025-12-10 21:02:51,324 - model.dqn - Training loss: 0.4487857520580292
[DEBUG] 2025-12-10 21:02:51,604 - model.dqn - Training loss: 0.7606122493743896
[DEBUG] 2025-12-10 21:02:51,891 - model.dqn - Training loss: 0.3180963695049286
[DEBUG] 2025-12-10 21:02:52,179 - model.dqn - Training loss: 0.4755094647407532
[DEBUG] 2025-12-10 21:02:52,468 - model.dqn - Training loss: 0.41778677701950073
[DEBUG] 2025-12-10 21:02:52,755 - model.dqn - Training loss: 0.238799050450325
[DEBUG] 2025-12-10 21:02:53,040 - model.dqn - Training loss: 0.42790234088897705
[DEBUG] 2025-12-10 21:02:53,321 - model.dqn - Training loss: 0.5776100158691406
[DEBUG] 2025-12-10 21:02:53,598 - model.dqn - Training loss: 0.45083993673324585
[DEBUG] 2025-12-10 21:02:53,885 - model.dqn - Training loss: 0.7677943110466003
[DEBUG] 2025-12-10 21:02:54,186 - model.dqn - Training loss: 0.2796795070171356
[DEBUG] 2025-12-10 21:02:54,475 - model.dqn - Training loss: 0.3755943477153778
[DEBUG] 2025-12-10 21:02:54,774 - model.dqn - Training loss: 0.5412713289260864
[DEBUG] 2025-12-10 21:02:55,063 - model.dqn - Training loss: 0.2774181067943573
[DEBUG] 2025-12-10 21:02:55,343 - model.dqn - Training loss: 0.38957807421684265
[DEBUG] 2025-12-10 21:02:55,624 - model.dqn - Training loss: 0.2542296051979065
[DEBUG] 2025-12-10 21:02:55,908 - model.dqn - Training loss: 0.39829421043395996
[DEBUG] 2025-12-10 21:02:56,189 - model.dqn - Training loss: 0.44479647278785706
[DEBUG] 2025-12-10 21:02:56,478 - model.dqn - Training loss: 0.5139831304550171
[DEBUG] 2025-12-10 21:02:56,763 - model.dqn - Training loss: 0.21897044777870178
[DEBUG] 2025-12-10 21:02:57,042 - model.dqn - Training loss: 0.46407490968704224
[DEBUG] 2025-12-10 21:02:57,323 - model.dqn - Training loss: 0.6322901248931885
[DEBUG] 2025-12-10 21:02:57,607 - model.dqn - Training loss: 0.4245384931564331
[DEBUG] 2025-12-10 21:02:57,890 - model.dqn - Training loss: 0.47926342487335205
[DEBUG] 2025-12-10 21:02:58,174 - model.dqn - Training loss: 0.5868567824363708
[DEBUG] 2025-12-10 21:02:58,457 - model.dqn - Training loss: 0.24076810479164124
[DEBUG] 2025-12-10 21:02:58,736 - model.dqn - Training loss: 0.5264940857887268
[DEBUG] 2025-12-10 21:02:59,022 - model.dqn - Training loss: 0.25023409724235535
[DEBUG] 2025-12-10 21:02:59,327 - model.dqn - Training loss: 0.426342248916626
[DEBUG] 2025-12-10 21:02:59,613 - model.dqn - Training loss: 0.22107213735580444
[DEBUG] 2025-12-10 21:02:59,897 - model.dqn - Training loss: 0.4133129417896271
[DEBUG] 2025-12-10 21:03:00,196 - model.dqn - Training loss: 0.533323347568512
[DEBUG] 2025-12-10 21:03:00,480 - model.dqn - Training loss: 0.32204821705818176
[DEBUG] 2025-12-10 21:03:00,761 - model.dqn - Training loss: 0.4853188395500183
[DEBUG] 2025-12-10 21:03:01,041 - model.dqn - Training loss: 0.46587660908699036
[DEBUG] 2025-12-10 21:03:01,325 - model.dqn - Training loss: 0.28990331292152405
[DEBUG] 2025-12-10 21:03:01,609 - model.dqn - Training loss: 0.4601503908634186
[DEBUG] 2025-12-10 21:03:01,923 - model.dqn - Training loss: 0.18213096261024475
[DEBUG] 2025-12-10 21:03:02,203 - model.dqn - Training loss: 0.4835365414619446
[DEBUG] 2025-12-10 21:03:02,511 - model.dqn - Training loss: 0.3012158274650574
[DEBUG] 2025-12-10 21:03:02,795 - model.dqn - Training loss: 0.39137503504753113
[DEBUG] 2025-12-10 21:03:03,076 - model.dqn - Training loss: 0.4949088394641876
[DEBUG] 2025-12-10 21:03:03,358 - model.dqn - Training loss: 0.137580007314682
[DEBUG] 2025-12-10 21:03:03,639 - model.dqn - Training loss: 0.281463623046875
[DEBUG] 2025-12-10 21:03:03,920 - model.dqn - Training loss: 0.7203307151794434
[DEBUG] 2025-12-10 21:03:04,200 - model.dqn - Training loss: 0.25450170040130615
[DEBUG] 2025-12-10 21:03:04,481 - model.dqn - Training loss: 0.30929481983184814
[DEBUG] 2025-12-10 21:03:04,763 - model.dqn - Training loss: 0.496076762676239
[DEBUG] 2025-12-10 21:03:05,040 - model.dqn - Training loss: 0.43309617042541504
[DEBUG] 2025-12-10 21:03:05,324 - model.dqn - Training loss: 0.4711299538612366
[DEBUG] 2025-12-10 21:03:05,603 - model.dqn - Training loss: 0.48117104172706604
[DEBUG] 2025-12-10 21:03:05,886 - model.dqn - Training loss: 0.4625987410545349
[DEBUG] 2025-12-10 21:03:06,168 - model.dqn - Training loss: 0.4085809886455536
[DEBUG] 2025-12-10 21:03:06,451 - model.dqn - Training loss: 0.8616164326667786
[DEBUG] 2025-12-10 21:03:06,734 - model.dqn - Training loss: 0.5301164984703064
[DEBUG] 2025-12-10 21:03:07,019 - model.dqn - Training loss: 0.4727625250816345
[DEBUG] 2025-12-10 21:03:07,300 - model.dqn - Training loss: 0.42459720373153687
[DEBUG] 2025-12-10 21:03:07,581 - model.dqn - Training loss: 0.5301291942596436
[DEBUG] 2025-12-10 21:03:07,864 - model.dqn - Training loss: 0.8088571429252625
[DEBUG] 2025-12-10 21:03:08,147 - model.dqn - Training loss: 0.3558604121208191
[DEBUG] 2025-12-10 21:03:08,429 - model.dqn - Training loss: 0.5544531345367432
[DEBUG] 2025-12-10 21:03:08,709 - model.dqn - Training loss: 0.5473418831825256
[DEBUG] 2025-12-10 21:03:08,988 - model.dqn - Training loss: 0.4237971901893616
[DEBUG] 2025-12-10 21:03:09,266 - model.dqn - Training loss: 0.5921316146850586
[DEBUG] 2025-12-10 21:03:09,548 - model.dqn - Training loss: 0.4524538516998291
[DEBUG] 2025-12-10 21:03:09,827 - model.dqn - Training loss: 1.0031123161315918
[DEBUG] 2025-12-10 21:03:10,101 - model.dqn - Training loss: 0.4797837734222412
[DEBUG] 2025-12-10 21:03:10,378 - model.dqn - Training loss: 0.3651849627494812
[INFO] 2025-12-10 21:03:10,378 - main - Training completed. Move to evaluation phase.
[INFO] 2025-12-10 21:03:10,379 - verifier.verifier - Evaluation for protocol <atomic_commit> completed.
[INFO] 2025-12-10 21:03:10,379 - verifier.verifier - Setting: players=4, rounds=2
[INFO] 2025-12-10 21:03:10,379 - verifier.verifier - Result: 0 failed cases out of 1 total cases.
[INFO] 2025-12-10 21:03:10,379 - verifier.verifier - Accumulated reward: 2
[INFO] 2025-12-10 21:03:10,379 - main - All failed cases passed verification!
[INFO] 2025-12-10 21:03:10,379 - main - Move to final evaluation on all inputs.
[INFO] 2025-12-10 21:03:10,424 - verifier.verifier - Evaluation for protocol <atomic_commit> completed.
[INFO] 2025-12-10 21:03:10,424 - verifier.verifier - Setting: players=4, rounds=2
[INFO] 2025-12-10 21:03:10,424 - verifier.verifier - Result: 35 failed cases out of 69 total cases.
[INFO] 2025-12-10 21:03:10,424 - verifier.verifier - Accumulated reward: -104
[INFO] 2025-12-10 21:03:10,424 - main - 35 failed cases remain after final evaluation.
[INFO] 2025-12-10 21:03:10,424 - main - Epoch 22/100, training on 35 failed cases from last evaluation.
[DEBUG] 2025-12-10 21:03:10,702 - model.dqn - Training loss: 0.5547065138816833
[DEBUG] 2025-12-10 21:03:10,982 - model.dqn - Training loss: 0.7471122145652771
[DEBUG] 2025-12-10 21:03:11,258 - model.dqn - Training loss: 0.8555898070335388
[DEBUG] 2025-12-10 21:03:11,534 - model.dqn - Training loss: 0.7074712514877319
[DEBUG] 2025-12-10 21:03:11,812 - model.dqn - Training loss: 0.7948914766311646
[DEBUG] 2025-12-10 21:03:12,091 - model.dqn - Training loss: 0.6351775527000427
[DEBUG] 2025-12-10 21:03:12,371 - model.dqn - Training loss: 0.8871437311172485
[DEBUG] 2025-12-10 21:03:12,647 - model.dqn - Training loss: 0.8252065777778625
[DEBUG] 2025-12-10 21:03:12,923 - model.dqn - Training loss: 0.9560846090316772
[DEBUG] 2025-12-10 21:03:13,210 - model.dqn - Training loss: 0.7119250893592834
[DEBUG] 2025-12-10 21:03:13,488 - model.dqn - Training loss: 0.8194776177406311
[DEBUG] 2025-12-10 21:03:13,777 - model.dqn - Training loss: 1.2600696086883545
[DEBUG] 2025-12-10 21:03:14,071 - model.dqn - Training loss: 0.9248432517051697
[DEBUG] 2025-12-10 21:03:14,356 - model.dqn - Training loss: 0.6752861142158508
[DEBUG] 2025-12-10 21:03:14,643 - model.dqn - Training loss: 1.0577576160430908
[DEBUG] 2025-12-10 21:03:14,932 - model.dqn - Training loss: 0.8575189709663391
[DEBUG] 2025-12-10 21:03:15,216 - model.dqn - Training loss: 0.9124852418899536
[DEBUG] 2025-12-10 21:03:15,504 - model.dqn - Training loss: 0.8964126706123352
[DEBUG] 2025-12-10 21:03:15,790 - model.dqn - Training loss: 0.8075264096260071
[DEBUG] 2025-12-10 21:03:16,161 - model.dqn - Training loss: 1.29111909866333
[DEBUG] 2025-12-10 21:03:16,462 - model.dqn - Training loss: 0.8028309345245361
[DEBUG] 2025-12-10 21:03:16,751 - model.dqn - Training loss: 0.8675084114074707
[DEBUG] 2025-12-10 21:03:17,038 - model.dqn - Training loss: 0.42854294180870056
[DEBUG] 2025-12-10 21:03:17,322 - model.dqn - Training loss: 0.8187814950942993
[DEBUG] 2025-12-10 21:03:17,604 - model.dqn - Training loss: 1.279620885848999
[DEBUG] 2025-12-10 21:03:17,900 - model.dqn - Training loss: 0.6754910945892334
[DEBUG] 2025-12-10 21:03:18,194 - model.dqn - Training loss: 1.182329535484314
[DEBUG] 2025-12-10 21:03:18,475 - model.dqn - Training loss: 0.9518916010856628
[DEBUG] 2025-12-10 21:03:18,764 - model.dqn - Training loss: 0.8700075745582581
[DEBUG] 2025-12-10 21:03:19,048 - model.dqn - Training loss: 0.5120705366134644
[DEBUG] 2025-12-10 21:03:19,337 - model.dqn - Training loss: 0.8841000199317932
[DEBUG] 2025-12-10 21:03:19,618 - model.dqn - Training loss: 1.099717140197754
[DEBUG] 2025-12-10 21:03:19,902 - model.dqn - Training loss: 1.21923828125
[DEBUG] 2025-12-10 21:03:20,181 - model.dqn - Training loss: 0.9608834385871887
[DEBUG] 2025-12-10 21:03:20,459 - model.dqn - Training loss: 0.8109534978866577
[DEBUG] 2025-12-10 21:03:20,739 - model.dqn - Training loss: 0.7991008162498474
[DEBUG] 2025-12-10 21:03:21,024 - model.dqn - Training loss: 0.9762703776359558
[DEBUG] 2025-12-10 21:03:21,305 - model.dqn - Training loss: 1.1386390924453735
[DEBUG] 2025-12-10 21:03:21,582 - model.dqn - Training loss: 1.2494524717330933
[DEBUG] 2025-12-10 21:03:21,861 - model.dqn - Training loss: 1.160159707069397
[DEBUG] 2025-12-10 21:03:22,137 - model.dqn - Training loss: 1.1338599920272827
[DEBUG] 2025-12-10 21:03:22,411 - model.dqn - Training loss: 1.2384132146835327
[DEBUG] 2025-12-10 21:03:22,688 - model.dqn - Training loss: 1.3080543279647827
[DEBUG] 2025-12-10 21:03:22,967 - model.dqn - Training loss: 1.105565071105957
[DEBUG] 2025-12-10 21:03:23,243 - model.dqn - Training loss: 1.2294107675552368
[DEBUG] 2025-12-10 21:03:23,522 - model.dqn - Training loss: 1.4076972007751465
[DEBUG] 2025-12-10 21:03:23,802 - model.dqn - Training loss: 1.575818657875061
[DEBUG] 2025-12-10 21:03:24,085 - model.dqn - Training loss: 1.3810232877731323
[DEBUG] 2025-12-10 21:03:24,361 - model.dqn - Training loss: 1.0560531616210938
[DEBUG] 2025-12-10 21:03:24,638 - model.dqn - Training loss: 1.5887147188186646
[DEBUG] 2025-12-10 21:03:24,916 - model.dqn - Training loss: 0.9016123414039612
[DEBUG] 2025-12-10 21:03:25,198 - model.dqn - Training loss: 1.0532116889953613
[DEBUG] 2025-12-10 21:03:25,486 - model.dqn - Training loss: 1.9763081073760986
[DEBUG] 2025-12-10 21:03:25,772 - model.dqn - Training loss: 1.1407833099365234
[DEBUG] 2025-12-10 21:03:26,053 - model.dqn - Training loss: 1.540588140487671
[DEBUG] 2025-12-10 21:03:26,333 - model.dqn - Training loss: 1.6151797771453857
[DEBUG] 2025-12-10 21:03:26,612 - model.dqn - Training loss: 1.2568539381027222
[DEBUG] 2025-12-10 21:03:26,888 - model.dqn - Training loss: 1.566593050956726
[DEBUG] 2025-12-10 21:03:27,172 - model.dqn - Training loss: 1.0382039546966553
[DEBUG] 2025-12-10 21:03:27,453 - model.dqn - Training loss: 1.099102258682251
[DEBUG] 2025-12-10 21:03:27,745 - model.dqn - Training loss: 1.4438307285308838
[DEBUG] 2025-12-10 21:03:28,026 - model.dqn - Training loss: 1.2633578777313232
[DEBUG] 2025-12-10 21:03:28,305 - model.dqn - Training loss: 2.0106656551361084
[DEBUG] 2025-12-10 21:03:28,589 - model.dqn - Training loss: 1.3537781238555908
[DEBUG] 2025-12-10 21:03:28,873 - model.dqn - Training loss: 1.4023104906082153
[DEBUG] 2025-12-10 21:03:29,162 - model.dqn - Training loss: 1.1225783824920654
[DEBUG] 2025-12-10 21:03:29,452 - model.dqn - Training loss: 1.0374767780303955
[DEBUG] 2025-12-10 21:03:29,740 - model.dqn - Training loss: 1.4935694932937622
[DEBUG] 2025-12-10 21:03:30,028 - model.dqn - Training loss: 1.624491572380066
[DEBUG] 2025-12-10 21:03:30,312 - model.dqn - Training loss: 1.446266770362854
[DEBUG] 2025-12-10 21:03:30,599 - model.dqn - Training loss: 1.5934463739395142
[DEBUG] 2025-12-10 21:03:30,896 - model.dqn - Training loss: 1.3934125900268555
[DEBUG] 2025-12-10 21:03:31,193 - model.dqn - Training loss: 1.4049805402755737
[DEBUG] 2025-12-10 21:03:31,484 - model.dqn - Training loss: 1.4150258302688599
[DEBUG] 2025-12-10 21:03:31,791 - model.dqn - Training loss: 1.1761088371276855
[DEBUG] 2025-12-10 21:03:32,104 - model.dqn - Training loss: 1.4436649084091187
[DEBUG] 2025-12-10 21:03:32,394 - model.dqn - Training loss: 1.2005324363708496
[DEBUG] 2025-12-10 21:03:32,688 - model.dqn - Training loss: 1.19917893409729
[DEBUG] 2025-12-10 21:03:32,981 - model.dqn - Training loss: 1.5265275239944458
[DEBUG] 2025-12-10 21:03:33,269 - model.dqn - Training loss: 1.8307623863220215
[DEBUG] 2025-12-10 21:03:33,555 - model.dqn - Training loss: 0.8094198107719421
[DEBUG] 2025-12-10 21:03:33,849 - model.dqn - Training loss: 1.4672138690948486
[DEBUG] 2025-12-10 21:03:34,136 - model.dqn - Training loss: 1.7202887535095215
[DEBUG] 2025-12-10 21:03:34,423 - model.dqn - Training loss: 1.6633186340332031
[DEBUG] 2025-12-10 21:03:34,712 - model.dqn - Training loss: 1.2989277839660645
[DEBUG] 2025-12-10 21:03:34,996 - model.dqn - Training loss: 1.4162898063659668
[DEBUG] 2025-12-10 21:03:35,333 - model.dqn - Training loss: 1.4348502159118652
[DEBUG] 2025-12-10 21:03:35,624 - model.dqn - Training loss: 1.4463120698928833
[DEBUG] 2025-12-10 21:03:35,917 - model.dqn - Training loss: 1.4984978437423706
[DEBUG] 2025-12-10 21:03:36,206 - model.dqn - Training loss: 1.368820309638977
[DEBUG] 2025-12-10 21:03:36,490 - model.dqn - Training loss: 1.4479159116744995
[DEBUG] 2025-12-10 21:03:36,778 - model.dqn - Training loss: 1.2515000104904175
[DEBUG] 2025-12-10 21:03:37,060 - model.dqn - Training loss: 1.567366361618042
[DEBUG] 2025-12-10 21:03:37,346 - model.dqn - Training loss: 1.6325615644454956
[DEBUG] 2025-12-10 21:03:37,661 - model.dqn - Training loss: 1.604146957397461
[DEBUG] 2025-12-10 21:03:37,961 - model.dqn - Training loss: 1.2646054029464722
[DEBUG] 2025-12-10 21:03:38,254 - model.dqn - Training loss: 1.51256263256073
[DEBUG] 2025-12-10 21:03:38,551 - model.dqn - Training loss: 1.606719732284546
[DEBUG] 2025-12-10 21:03:38,844 - model.dqn - Training loss: 1.2967720031738281
[DEBUG] 2025-12-10 21:03:39,136 - model.dqn - Training loss: 1.7123721837997437
[INFO] 2025-12-10 21:03:39,136 - main - Training completed. Move to evaluation phase.
[INFO] 2025-12-10 21:03:39,161 - verifier.verifier - Evaluation for protocol <atomic_commit> completed.
[INFO] 2025-12-10 21:03:39,161 - verifier.verifier - Setting: players=4, rounds=2
[INFO] 2025-12-10 21:03:39,161 - verifier.verifier - Result: 35 failed cases out of 35 total cases.
[INFO] 2025-12-10 21:03:39,161 - verifier.verifier - Accumulated reward: -140
[INFO] 2025-12-10 21:03:39,161 - main - Epoch 23/100, training on 35 failed cases from last evaluation.
[DEBUG] 2025-12-10 21:03:39,444 - model.dqn - Training loss: 1.1734899282455444
[DEBUG] 2025-12-10 21:03:39,726 - model.dqn - Training loss: 1.4847962856292725
[DEBUG] 2025-12-10 21:03:40,027 - model.dqn - Training loss: 1.725189208984375
[DEBUG] 2025-12-10 21:03:40,315 - model.dqn - Training loss: 1.1851658821105957
[DEBUG] 2025-12-10 21:03:40,600 - model.dqn - Training loss: 1.1815056800842285
[DEBUG] 2025-12-10 21:03:40,892 - model.dqn - Training loss: 1.1186403036117554
[DEBUG] 2025-12-10 21:03:41,187 - model.dqn - Training loss: 1.2074074745178223
[DEBUG] 2025-12-10 21:03:41,479 - model.dqn - Training loss: 1.0647647380828857
[DEBUG] 2025-12-10 21:03:41,772 - model.dqn - Training loss: 1.473649024963379
[DEBUG] 2025-12-10 21:03:42,065 - model.dqn - Training loss: 0.978887140750885
[DEBUG] 2025-12-10 21:03:42,356 - model.dqn - Training loss: 1.4859752655029297
[DEBUG] 2025-12-10 21:03:42,644 - model.dqn - Training loss: 1.0680075883865356
[DEBUG] 2025-12-10 21:03:42,929 - model.dqn - Training loss: 1.5042811632156372
[DEBUG] 2025-12-10 21:03:43,266 - model.dqn - Training loss: 0.9560675024986267
[DEBUG] 2025-12-10 21:03:43,559 - model.dqn - Training loss: 1.1612554788589478
[DEBUG] 2025-12-10 21:03:43,844 - model.dqn - Training loss: 1.647191047668457
[DEBUG] 2025-12-10 21:03:44,133 - model.dqn - Training loss: 0.9673179984092712
[DEBUG] 2025-12-10 21:03:44,420 - model.dqn - Training loss: 1.2934073209762573
[DEBUG] 2025-12-10 21:03:44,705 - model.dqn - Training loss: 1.0193172693252563
[DEBUG] 2025-12-10 21:03:44,987 - model.dqn - Training loss: 1.0582751035690308
[DEBUG] 2025-12-10 21:03:45,271 - model.dqn - Training loss: 1.236715316772461
[DEBUG] 2025-12-10 21:03:45,556 - model.dqn - Training loss: 1.3401380777359009
[DEBUG] 2025-12-10 21:03:45,844 - model.dqn - Training loss: 0.9537276029586792
[DEBUG] 2025-12-10 21:03:46,122 - model.dqn - Training loss: 1.5033010244369507
[DEBUG] 2025-12-10 21:03:46,401 - model.dqn - Training loss: 0.8994907140731812
[DEBUG] 2025-12-10 21:03:46,696 - model.dqn - Training loss: 0.8384197950363159
[DEBUG] 2025-12-10 21:03:46,986 - model.dqn - Training loss: 1.1053352355957031
[DEBUG] 2025-12-10 21:03:47,276 - model.dqn - Training loss: 0.8009339570999146
[DEBUG] 2025-12-10 21:03:47,565 - model.dqn - Training loss: 1.627288579940796
[DEBUG] 2025-12-10 21:03:47,850 - model.dqn - Training loss: 0.8549054861068726
[DEBUG] 2025-12-10 21:03:48,137 - model.dqn - Training loss: 1.0576573610305786
[DEBUG] 2025-12-10 21:03:48,425 - model.dqn - Training loss: 0.9350958466529846
[DEBUG] 2025-12-10 21:03:48,711 - model.dqn - Training loss: 1.3146741390228271
[DEBUG] 2025-12-10 21:03:49,002 - model.dqn - Training loss: 1.1097208261489868
[DEBUG] 2025-12-10 21:03:49,284 - model.dqn - Training loss: 1.0185532569885254
[DEBUG] 2025-12-10 21:03:49,568 - model.dqn - Training loss: 0.6351319551467896
[DEBUG] 2025-12-10 21:03:49,850 - model.dqn - Training loss: 1.1767019033432007
[DEBUG] 2025-12-10 21:03:50,133 - model.dqn - Training loss: 1.34278404712677
[DEBUG] 2025-12-10 21:03:50,422 - model.dqn - Training loss: 0.7753708958625793
[DEBUG] 2025-12-10 21:03:50,714 - model.dqn - Training loss: 0.9074926972389221
[DEBUG] 2025-12-10 21:03:51,000 - model.dqn - Training loss: 1.0397554636001587
[DEBUG] 2025-12-10 21:03:51,284 - model.dqn - Training loss: 1.017242431640625
[DEBUG] 2025-12-10 21:03:51,565 - model.dqn - Training loss: 1.2334457635879517
[DEBUG] 2025-12-10 21:03:51,841 - model.dqn - Training loss: 0.9855097532272339
[DEBUG] 2025-12-10 21:03:52,119 - model.dqn - Training loss: 1.219950795173645
[DEBUG] 2025-12-10 21:03:52,402 - model.dqn - Training loss: 1.4503090381622314
[DEBUG] 2025-12-10 21:03:52,684 - model.dqn - Training loss: 1.5735113620758057
[DEBUG] 2025-12-10 21:03:52,965 - model.dqn - Training loss: 1.1051995754241943
[DEBUG] 2025-12-10 21:03:53,246 - model.dqn - Training loss: 0.9121272563934326
[DEBUG] 2025-12-10 21:03:53,528 - model.dqn - Training loss: 1.2484207153320312
[DEBUG] 2025-12-10 21:03:53,815 - model.dqn - Training loss: 1.7065696716308594
[DEBUG] 2025-12-10 21:03:54,094 - model.dqn - Training loss: 1.2815765142440796
[DEBUG] 2025-12-10 21:03:54,381 - model.dqn - Training loss: 1.1640663146972656
[DEBUG] 2025-12-10 21:03:54,664 - model.dqn - Training loss: 1.2971131801605225
[DEBUG] 2025-12-10 21:03:54,952 - model.dqn - Training loss: 1.1516709327697754
[DEBUG] 2025-12-10 21:03:55,233 - model.dqn - Training loss: 1.1680482625961304
[DEBUG] 2025-12-10 21:03:55,520 - model.dqn - Training loss: 0.9490684866905212
[DEBUG] 2025-12-10 21:03:55,817 - model.dqn - Training loss: 1.3533756732940674
[DEBUG] 2025-12-10 21:03:56,115 - model.dqn - Training loss: 1.1598016023635864
[DEBUG] 2025-12-10 21:03:56,403 - model.dqn - Training loss: 0.9190737009048462
[DEBUG] 2025-12-10 21:03:56,719 - model.dqn - Training loss: 0.8431075215339661
[DEBUG] 2025-12-10 21:03:57,025 - model.dqn - Training loss: 1.0265007019042969
[DEBUG] 2025-12-10 21:03:57,320 - model.dqn - Training loss: 1.0677406787872314
[DEBUG] 2025-12-10 21:03:57,612 - model.dqn - Training loss: 1.2055442333221436
[DEBUG] 2025-12-10 21:03:57,909 - model.dqn - Training loss: 1.2134027481079102
[DEBUG] 2025-12-10 21:03:58,191 - model.dqn - Training loss: 1.5104042291641235
[DEBUG] 2025-12-10 21:03:58,488 - model.dqn - Training loss: 0.6005242466926575
[DEBUG] 2025-12-10 21:03:58,776 - model.dqn - Training loss: 0.7984122633934021
[DEBUG] 2025-12-10 21:03:59,064 - model.dqn - Training loss: 1.0803773403167725
[DEBUG] 2025-12-10 21:03:59,351 - model.dqn - Training loss: 1.2079049348831177
[DEBUG] 2025-12-10 21:03:59,643 - model.dqn - Training loss: 1.4795093536376953
[DEBUG] 2025-12-10 21:04:00,000 - model.dqn - Training loss: 1.1523381471633911
[DEBUG] 2025-12-10 21:04:00,298 - model.dqn - Training loss: 1.3511055707931519
[DEBUG] 2025-12-10 21:04:00,590 - model.dqn - Training loss: 1.12111234664917
[DEBUG] 2025-12-10 21:04:00,899 - model.dqn - Training loss: 1.2867116928100586
[DEBUG] 2025-12-10 21:04:01,210 - model.dqn - Training loss: 0.7484210729598999
[DEBUG] 2025-12-10 21:04:01,508 - model.dqn - Training loss: 0.9661946296691895
[DEBUG] 2025-12-10 21:04:01,803 - model.dqn - Training loss: 1.486346960067749
[DEBUG] 2025-12-10 21:04:02,100 - model.dqn - Training loss: 0.9061506390571594
[DEBUG] 2025-12-10 21:04:02,386 - model.dqn - Training loss: 1.1466213464736938
[DEBUG] 2025-12-10 21:04:02,673 - model.dqn - Training loss: 0.9408878087997437
[DEBUG] 2025-12-10 21:04:02,964 - model.dqn - Training loss: 1.424725890159607
[DEBUG] 2025-12-10 21:04:03,257 - model.dqn - Training loss: 0.6210980415344238
[DEBUG] 2025-12-10 21:04:03,545 - model.dqn - Training loss: 1.0051382780075073
[DEBUG] 2025-12-10 21:04:03,835 - model.dqn - Training loss: 0.9661670327186584
[DEBUG] 2025-12-10 21:04:04,121 - model.dqn - Training loss: 1.1522833108901978
[DEBUG] 2025-12-10 21:04:04,405 - model.dqn - Training loss: 0.8448970913887024
[DEBUG] 2025-12-10 21:04:04,690 - model.dqn - Training loss: 0.63358473777771
[DEBUG] 2025-12-10 21:04:04,975 - model.dqn - Training loss: 1.0377461910247803
[DEBUG] 2025-12-10 21:04:05,259 - model.dqn - Training loss: 1.1831294298171997
[DEBUG] 2025-12-10 21:04:05,542 - model.dqn - Training loss: 1.2311506271362305
[DEBUG] 2025-12-10 21:04:05,827 - model.dqn - Training loss: 0.9567126035690308
[DEBUG] 2025-12-10 21:04:06,114 - model.dqn - Training loss: 0.7304155826568604
[DEBUG] 2025-12-10 21:04:06,407 - model.dqn - Training loss: 0.7403765916824341
[DEBUG] 2025-12-10 21:04:06,696 - model.dqn - Training loss: 0.8824354410171509
[DEBUG] 2025-12-10 21:04:06,980 - model.dqn - Training loss: 0.9091207385063171
[DEBUG] 2025-12-10 21:04:07,262 - model.dqn - Training loss: 0.47102096676826477
[DEBUG] 2025-12-10 21:04:07,551 - model.dqn - Training loss: 0.7795405387878418
[DEBUG] 2025-12-10 21:04:07,845 - model.dqn - Training loss: 0.7796754240989685
[DEBUG] 2025-12-10 21:04:08,131 - model.dqn - Training loss: 0.8326655626296997
[INFO] 2025-12-10 21:04:08,132 - main - Training completed. Move to evaluation phase.
[INFO] 2025-12-10 21:04:08,156 - verifier.verifier - Evaluation for protocol <atomic_commit> completed.
[INFO] 2025-12-10 21:04:08,156 - verifier.verifier - Setting: players=4, rounds=2
[INFO] 2025-12-10 21:04:08,156 - verifier.verifier - Result: 35 failed cases out of 35 total cases.
[INFO] 2025-12-10 21:04:08,156 - verifier.verifier - Accumulated reward: -140
[INFO] 2025-12-10 21:04:08,156 - main - Epoch 24/100, training on 35 failed cases from last evaluation.
[DEBUG] 2025-12-10 21:04:08,439 - model.dqn - Training loss: 0.8066818714141846
[DEBUG] 2025-12-10 21:04:08,720 - model.dqn - Training loss: 0.8218660354614258
[DEBUG] 2025-12-10 21:04:09,001 - model.dqn - Training loss: 0.9865100383758545
[DEBUG] 2025-12-10 21:04:09,282 - model.dqn - Training loss: 1.1054072380065918
[DEBUG] 2025-12-10 21:04:09,571 - model.dqn - Training loss: 1.3225740194320679
[DEBUG] 2025-12-10 21:04:09,857 - model.dqn - Training loss: 0.9014551043510437
[DEBUG] 2025-12-10 21:04:10,141 - model.dqn - Training loss: 0.6801983118057251
[DEBUG] 2025-12-10 21:04:10,426 - model.dqn - Training loss: 1.0646262168884277
[DEBUG] 2025-12-10 21:04:10,718 - model.dqn - Training loss: 0.4617060422897339
[DEBUG] 2025-12-10 21:04:11,014 - model.dqn - Training loss: 1.09121572971344
[DEBUG] 2025-12-10 21:04:11,310 - model.dqn - Training loss: 0.8125433921813965
[DEBUG] 2025-12-10 21:04:11,599 - model.dqn - Training loss: 0.6216186881065369
[DEBUG] 2025-12-10 21:04:11,884 - model.dqn - Training loss: 0.8564904928207397
[DEBUG] 2025-12-10 21:04:12,161 - model.dqn - Training loss: 0.7545120120048523
[DEBUG] 2025-12-10 21:04:12,441 - model.dqn - Training loss: 0.7928763031959534
[DEBUG] 2025-12-10 21:04:12,723 - model.dqn - Training loss: 1.339579701423645
[DEBUG] 2025-12-10 21:04:13,004 - model.dqn - Training loss: 1.481113076210022
[DEBUG] 2025-12-10 21:04:13,280 - model.dqn - Training loss: 1.2253350019454956
[DEBUG] 2025-12-10 21:04:13,559 - model.dqn - Training loss: 1.3695838451385498
[DEBUG] 2025-12-10 21:04:13,837 - model.dqn - Training loss: 1.0519087314605713
[DEBUG] 2025-12-10 21:04:14,118 - model.dqn - Training loss: 1.0831011533737183
[DEBUG] 2025-12-10 21:04:14,410 - model.dqn - Training loss: 1.1353791952133179
[DEBUG] 2025-12-10 21:04:14,720 - model.dqn - Training loss: 1.1851495504379272
[DEBUG] 2025-12-10 21:04:15,009 - model.dqn - Training loss: 1.1437129974365234
[DEBUG] 2025-12-10 21:04:15,299 - model.dqn - Training loss: 1.1633621454238892
[DEBUG] 2025-12-10 21:04:15,585 - model.dqn - Training loss: 1.0966293811798096
[DEBUG] 2025-12-10 21:04:15,867 - model.dqn - Training loss: 0.9309491515159607
[DEBUG] 2025-12-10 21:04:16,152 - model.dqn - Training loss: 1.61406409740448
[DEBUG] 2025-12-10 21:04:16,436 - model.dqn - Training loss: 1.437420129776001
[DEBUG] 2025-12-10 21:04:16,719 - model.dqn - Training loss: 1.351263165473938
[DEBUG] 2025-12-10 21:04:17,001 - model.dqn - Training loss: 1.1903808116912842
[DEBUG] 2025-12-10 21:04:17,281 - model.dqn - Training loss: 1.1978687047958374
[DEBUG] 2025-12-10 21:04:17,559 - model.dqn - Training loss: 1.1997758150100708
[DEBUG] 2025-12-10 21:04:17,836 - model.dqn - Training loss: 1.6155520677566528
[DEBUG] 2025-12-10 21:04:18,117 - model.dqn - Training loss: 1.3443150520324707
[DEBUG] 2025-12-10 21:04:18,398 - model.dqn - Training loss: 1.2898799180984497
[DEBUG] 2025-12-10 21:04:18,679 - model.dqn - Training loss: 1.165632724761963
[DEBUG] 2025-12-10 21:04:18,960 - model.dqn - Training loss: 1.133732795715332
[DEBUG] 2025-12-10 21:04:19,243 - model.dqn - Training loss: 1.6347545385360718
[DEBUG] 2025-12-10 21:04:19,526 - model.dqn - Training loss: 1.1210238933563232
[DEBUG] 2025-12-10 21:04:19,801 - model.dqn - Training loss: 0.9785820245742798
[DEBUG] 2025-12-10 21:04:20,080 - model.dqn - Training loss: 1.4186878204345703
[DEBUG] 2025-12-10 21:04:20,356 - model.dqn - Training loss: 0.8798162341117859
[DEBUG] 2025-12-10 21:04:20,634 - model.dqn - Training loss: 1.0513215065002441
[DEBUG] 2025-12-10 21:04:20,914 - model.dqn - Training loss: 1.3044440746307373
[DEBUG] 2025-12-10 21:04:21,195 - model.dqn - Training loss: 0.9988015294075012
[DEBUG] 2025-12-10 21:04:21,473 - model.dqn - Training loss: 1.18048894405365
[DEBUG] 2025-12-10 21:04:21,753 - model.dqn - Training loss: 1.156407356262207
[DEBUG] 2025-12-10 21:04:22,055 - model.dqn - Training loss: 1.3415086269378662
[DEBUG] 2025-12-10 21:04:22,349 - model.dqn - Training loss: 1.0971382856369019
[DEBUG] 2025-12-10 21:04:22,641 - model.dqn - Training loss: 1.0891674757003784
[DEBUG] 2025-12-10 21:04:22,926 - model.dqn - Training loss: 1.1672141551971436
[DEBUG] 2025-12-10 21:04:23,226 - model.dqn - Training loss: 1.186592698097229
[DEBUG] 2025-12-10 21:04:23,515 - model.dqn - Training loss: 0.9895210862159729
[DEBUG] 2025-12-10 21:04:23,810 - model.dqn - Training loss: 0.7808123230934143
[DEBUG] 2025-12-10 21:04:24,095 - model.dqn - Training loss: 0.8966904282569885
[DEBUG] 2025-12-10 21:04:24,382 - model.dqn - Training loss: 0.7282757759094238
[DEBUG] 2025-12-10 21:04:24,665 - model.dqn - Training loss: 0.9007236957550049
[DEBUG] 2025-12-10 21:04:24,945 - model.dqn - Training loss: 1.3129496574401855
[DEBUG] 2025-12-10 21:04:25,230 - model.dqn - Training loss: 1.0658072233200073
[DEBUG] 2025-12-10 21:04:25,515 - model.dqn - Training loss: 1.141214370727539
[DEBUG] 2025-12-10 21:04:25,797 - model.dqn - Training loss: 1.0198355913162231
[DEBUG] 2025-12-10 21:04:26,080 - model.dqn - Training loss: 1.1162952184677124
[DEBUG] 2025-12-10 21:04:26,364 - model.dqn - Training loss: 1.3110613822937012
[DEBUG] 2025-12-10 21:04:26,644 - model.dqn - Training loss: 1.2738240957260132
[DEBUG] 2025-12-10 21:04:26,927 - model.dqn - Training loss: 1.3299179077148438
[DEBUG] 2025-12-10 21:04:27,208 - model.dqn - Training loss: 1.4125422239303589
[DEBUG] 2025-12-10 21:04:27,484 - model.dqn - Training loss: 0.9819409251213074
[DEBUG] 2025-12-10 21:04:27,762 - model.dqn - Training loss: 0.9888928532600403
[DEBUG] 2025-12-10 21:04:28,041 - model.dqn - Training loss: 0.9607793092727661
[DEBUG] 2025-12-10 21:04:28,314 - model.dqn - Training loss: 1.0317714214324951
[DEBUG] 2025-12-10 21:04:28,591 - model.dqn - Training loss: 1.293993353843689
[DEBUG] 2025-12-10 21:04:28,937 - model.dqn - Training loss: 1.016352653503418
[DEBUG] 2025-12-10 21:04:29,224 - model.dqn - Training loss: 1.1913888454437256
[DEBUG] 2025-12-10 21:04:29,545 - model.dqn - Training loss: 0.9895414710044861
[DEBUG] 2025-12-10 21:04:29,843 - model.dqn - Training loss: 1.0642777681350708
[DEBUG] 2025-12-10 21:04:30,133 - model.dqn - Training loss: 1.1067625284194946
[DEBUG] 2025-12-10 21:04:30,419 - model.dqn - Training loss: 1.0189623832702637
[DEBUG] 2025-12-10 21:04:30,711 - model.dqn - Training loss: 1.1726596355438232
[DEBUG] 2025-12-10 21:04:30,996 - model.dqn - Training loss: 0.9497214555740356
[DEBUG] 2025-12-10 21:04:31,279 - model.dqn - Training loss: 1.0297808647155762
[DEBUG] 2025-12-10 21:04:31,559 - model.dqn - Training loss: 1.1090463399887085
[DEBUG] 2025-12-10 21:04:31,840 - model.dqn - Training loss: 0.9167672395706177
[DEBUG] 2025-12-10 21:04:32,125 - model.dqn - Training loss: 1.2061744928359985
[DEBUG] 2025-12-10 21:04:32,407 - model.dqn - Training loss: 1.4215419292449951
[DEBUG] 2025-12-10 21:04:32,689 - model.dqn - Training loss: 0.8972977995872498
[DEBUG] 2025-12-10 21:04:32,974 - model.dqn - Training loss: 1.2350980043411255
[DEBUG] 2025-12-10 21:04:33,256 - model.dqn - Training loss: 1.2278156280517578
[DEBUG] 2025-12-10 21:04:33,541 - model.dqn - Training loss: 0.9335774779319763
[DEBUG] 2025-12-10 21:04:33,821 - model.dqn - Training loss: 1.078251600265503
[DEBUG] 2025-12-10 21:04:34,105 - model.dqn - Training loss: 1.086128830909729
[DEBUG] 2025-12-10 21:04:34,394 - model.dqn - Training loss: 1.458794116973877
[DEBUG] 2025-12-10 21:04:34,684 - model.dqn - Training loss: 0.8978545665740967
[DEBUG] 2025-12-10 21:04:34,971 - model.dqn - Training loss: 0.9277094602584839
[DEBUG] 2025-12-10 21:04:35,268 - model.dqn - Training loss: 1.3028115034103394
[DEBUG] 2025-12-10 21:04:35,547 - model.dqn - Training loss: 1.2719342708587646
[DEBUG] 2025-12-10 21:04:35,824 - model.dqn - Training loss: 1.1181846857070923
[DEBUG] 2025-12-10 21:04:36,110 - model.dqn - Training loss: 1.1302589178085327
[DEBUG] 2025-12-10 21:04:36,397 - model.dqn - Training loss: 1.1652672290802002
[DEBUG] 2025-12-10 21:04:36,680 - model.dqn - Training loss: 0.6803321838378906
[INFO] 2025-12-10 21:04:36,681 - main - Training completed. Move to evaluation phase.
[INFO] 2025-12-10 21:04:36,704 - verifier.verifier - Evaluation for protocol <atomic_commit> completed.
[INFO] 2025-12-10 21:04:36,704 - verifier.verifier - Setting: players=4, rounds=2
[INFO] 2025-12-10 21:04:36,704 - verifier.verifier - Result: 0 failed cases out of 35 total cases.
[INFO] 2025-12-10 21:04:36,704 - verifier.verifier - Accumulated reward: 35
[INFO] 2025-12-10 21:04:36,704 - main - All failed cases passed verification!
[INFO] 2025-12-10 21:04:36,704 - main - Move to final evaluation on all inputs.
[INFO] 2025-12-10 21:04:36,748 - verifier.verifier - Evaluation for protocol <atomic_commit> completed.
[INFO] 2025-12-10 21:04:36,748 - verifier.verifier - Setting: players=4, rounds=2
[INFO] 2025-12-10 21:04:36,748 - verifier.verifier - Result: 1 failed cases out of 69 total cases.
[INFO] 2025-12-10 21:04:36,748 - verifier.verifier - Accumulated reward: 64
[INFO] 2025-12-10 21:04:36,748 - main - 1 failed cases remain after final evaluation.
[INFO] 2025-12-10 21:04:36,748 - main - Epoch 25/100, training on 1 failed cases from last evaluation.
[DEBUG] 2025-12-10 21:04:37,024 - model.dqn - Training loss: 1.3032305240631104
[DEBUG] 2025-12-10 21:04:37,307 - model.dqn - Training loss: 1.023098349571228
[DEBUG] 2025-12-10 21:04:37,597 - model.dqn - Training loss: 1.166064739227295
[DEBUG] 2025-12-10 21:04:37,888 - model.dqn - Training loss: 1.3247352838516235
[DEBUG] 2025-12-10 21:04:38,188 - model.dqn - Training loss: 0.9797316193580627
[DEBUG] 2025-12-10 21:04:38,539 - model.dqn - Training loss: 1.0948493480682373
[DEBUG] 2025-12-10 21:04:38,846 - model.dqn - Training loss: 1.3858286142349243
[DEBUG] 2025-12-10 21:04:39,138 - model.dqn - Training loss: 1.2784318923950195
[DEBUG] 2025-12-10 21:04:39,432 - model.dqn - Training loss: 1.2648003101348877
[DEBUG] 2025-12-10 21:04:39,722 - model.dqn - Training loss: 1.4186521768569946
[DEBUG] 2025-12-10 21:04:40,012 - model.dqn - Training loss: 1.442889928817749
[DEBUG] 2025-12-10 21:04:40,294 - model.dqn - Training loss: 1.273335576057434
[DEBUG] 2025-12-10 21:04:40,577 - model.dqn - Training loss: 1.3622931241989136
[DEBUG] 2025-12-10 21:04:40,860 - model.dqn - Training loss: 1.125483512878418
[DEBUG] 2025-12-10 21:04:41,137 - model.dqn - Training loss: 1.621734857559204
[DEBUG] 2025-12-10 21:04:41,424 - model.dqn - Training loss: 1.4287341833114624
[DEBUG] 2025-12-10 21:04:41,705 - model.dqn - Training loss: 1.2233163118362427
[DEBUG] 2025-12-10 21:04:41,989 - model.dqn - Training loss: 1.3420287370681763
[DEBUG] 2025-12-10 21:04:42,266 - model.dqn - Training loss: 1.4193419218063354
[DEBUG] 2025-12-10 21:04:42,543 - model.dqn - Training loss: 1.53187894821167
[DEBUG] 2025-12-10 21:04:42,826 - model.dqn - Training loss: 1.2325960397720337
[DEBUG] 2025-12-10 21:04:43,106 - model.dqn - Training loss: 1.3111523389816284
[DEBUG] 2025-12-10 21:04:43,392 - model.dqn - Training loss: 1.2716064453125
[DEBUG] 2025-12-10 21:04:43,680 - model.dqn - Training loss: 1.1581814289093018
[DEBUG] 2025-12-10 21:04:43,964 - model.dqn - Training loss: 1.056383490562439
[DEBUG] 2025-12-10 21:04:44,257 - model.dqn - Training loss: 1.347665548324585
[DEBUG] 2025-12-10 21:04:44,548 - model.dqn - Training loss: 1.5015239715576172
[DEBUG] 2025-12-10 21:04:44,840 - model.dqn - Training loss: 1.5004875659942627
[DEBUG] 2025-12-10 21:04:45,122 - model.dqn - Training loss: 1.2455118894577026
[DEBUG] 2025-12-10 21:04:45,403 - model.dqn - Training loss: 1.590399146080017
[DEBUG] 2025-12-10 21:04:45,681 - model.dqn - Training loss: 1.2994358539581299
[DEBUG] 2025-12-10 21:04:45,960 - model.dqn - Training loss: 1.4142855405807495
[DEBUG] 2025-12-10 21:04:46,236 - model.dqn - Training loss: 1.2983474731445312
[DEBUG] 2025-12-10 21:04:46,517 - model.dqn - Training loss: 1.4396939277648926
[DEBUG] 2025-12-10 21:04:46,798 - model.dqn - Training loss: 1.3133413791656494
[DEBUG] 2025-12-10 21:04:47,080 - model.dqn - Training loss: 1.4503382444381714
[DEBUG] 2025-12-10 21:04:47,363 - model.dqn - Training loss: 1.5288941860198975
[DEBUG] 2025-12-10 21:04:47,647 - model.dqn - Training loss: 1.1453741788864136
[DEBUG] 2025-12-10 21:04:47,927 - model.dqn - Training loss: 1.1059091091156006
[DEBUG] 2025-12-10 21:04:48,218 - model.dqn - Training loss: 1.3292776346206665
[DEBUG] 2025-12-10 21:04:48,513 - model.dqn - Training loss: 1.1948091983795166
[DEBUG] 2025-12-10 21:04:48,804 - model.dqn - Training loss: 1.2381342649459839
[DEBUG] 2025-12-10 21:04:49,092 - model.dqn - Training loss: 1.3474955558776855
[DEBUG] 2025-12-10 21:04:49,381 - model.dqn - Training loss: 1.334996223449707
[DEBUG] 2025-12-10 21:04:49,665 - model.dqn - Training loss: 1.3642492294311523
[DEBUG] 2025-12-10 21:04:49,958 - model.dqn - Training loss: 1.8238002061843872
[DEBUG] 2025-12-10 21:04:50,254 - model.dqn - Training loss: 1.2685033082962036
[DEBUG] 2025-12-10 21:04:50,557 - model.dqn - Training loss: 1.6269739866256714
[DEBUG] 2025-12-10 21:04:50,843 - model.dqn - Training loss: 1.1145817041397095
[DEBUG] 2025-12-10 21:04:51,126 - model.dqn - Training loss: 1.4183281660079956
[DEBUG] 2025-12-10 21:04:51,416 - model.dqn - Training loss: 0.9708844423294067
[DEBUG] 2025-12-10 21:04:51,705 - model.dqn - Training loss: 1.235507845878601
[DEBUG] 2025-12-10 21:04:51,995 - model.dqn - Training loss: 1.3706775903701782
[DEBUG] 2025-12-10 21:04:52,278 - model.dqn - Training loss: 1.4398249387741089
[DEBUG] 2025-12-10 21:04:52,641 - model.dqn - Training loss: 1.589590072631836
[DEBUG] 2025-12-10 21:04:52,947 - model.dqn - Training loss: 1.2751039266586304
[DEBUG] 2025-12-10 21:04:53,247 - model.dqn - Training loss: 1.1481516361236572
[DEBUG] 2025-12-10 21:04:53,539 - model.dqn - Training loss: 1.722135066986084
[DEBUG] 2025-12-10 21:04:53,829 - model.dqn - Training loss: 1.2894147634506226
[DEBUG] 2025-12-10 21:04:54,122 - model.dqn - Training loss: 1.607079029083252
[DEBUG] 2025-12-10 21:04:54,415 - model.dqn - Training loss: 1.4944984912872314
[DEBUG] 2025-12-10 21:04:54,698 - model.dqn - Training loss: 0.9473435878753662
[DEBUG] 2025-12-10 21:04:54,980 - model.dqn - Training loss: 1.5131964683532715
[DEBUG] 2025-12-10 21:04:55,263 - model.dqn - Training loss: 1.590739130973816
[DEBUG] 2025-12-10 21:04:55,543 - model.dqn - Training loss: 1.461963176727295
[DEBUG] 2025-12-10 21:04:55,824 - model.dqn - Training loss: 1.3312342166900635
[DEBUG] 2025-12-10 21:04:56,104 - model.dqn - Training loss: 1.0207630395889282
[DEBUG] 2025-12-10 21:04:56,384 - model.dqn - Training loss: 1.5760973691940308
[DEBUG] 2025-12-10 21:04:56,660 - model.dqn - Training loss: 1.2428524494171143
[DEBUG] 2025-12-10 21:04:56,943 - model.dqn - Training loss: 0.9356578588485718
[DEBUG] 2025-12-10 21:04:57,224 - model.dqn - Training loss: 1.2135683298110962
[DEBUG] 2025-12-10 21:04:57,508 - model.dqn - Training loss: 1.237870693206787
[DEBUG] 2025-12-10 21:04:57,790 - model.dqn - Training loss: 1.133631944656372
[DEBUG] 2025-12-10 21:04:58,069 - model.dqn - Training loss: 1.3521772623062134
[DEBUG] 2025-12-10 21:04:58,353 - model.dqn - Training loss: 1.314011812210083
[DEBUG] 2025-12-10 21:04:58,632 - model.dqn - Training loss: 1.4387810230255127
[DEBUG] 2025-12-10 21:04:58,911 - model.dqn - Training loss: 1.1253232955932617
[DEBUG] 2025-12-10 21:04:59,190 - model.dqn - Training loss: 0.9500731229782104
[DEBUG] 2025-12-10 21:04:59,468 - model.dqn - Training loss: 1.4213953018188477
[DEBUG] 2025-12-10 21:04:59,750 - model.dqn - Training loss: 1.0620592832565308
[DEBUG] 2025-12-10 21:05:00,032 - model.dqn - Training loss: 1.2977080345153809
[DEBUG] 2025-12-10 21:05:00,309 - model.dqn - Training loss: 1.491530418395996
[DEBUG] 2025-12-10 21:05:00,591 - model.dqn - Training loss: 1.6201494932174683
[DEBUG] 2025-12-10 21:05:00,873 - model.dqn - Training loss: 1.287522554397583
[DEBUG] 2025-12-10 21:05:01,154 - model.dqn - Training loss: 1.530015468597412
[DEBUG] 2025-12-10 21:05:01,437 - model.dqn - Training loss: 1.0715210437774658
[DEBUG] 2025-12-10 21:05:01,718 - model.dqn - Training loss: 1.116268515586853
[DEBUG] 2025-12-10 21:05:02,002 - model.dqn - Training loss: 1.5681259632110596
[DEBUG] 2025-12-10 21:05:02,290 - model.dqn - Training loss: 0.9252170324325562
[DEBUG] 2025-12-10 21:05:02,578 - model.dqn - Training loss: 1.18241548538208
[DEBUG] 2025-12-10 21:05:02,870 - model.dqn - Training loss: 1.0211308002471924
[DEBUG] 2025-12-10 21:05:03,163 - model.dqn - Training loss: 0.9229780435562134
[DEBUG] 2025-12-10 21:05:03,451 - model.dqn - Training loss: 1.2335165739059448
[DEBUG] 2025-12-10 21:05:03,738 - model.dqn - Training loss: 1.1214631795883179
[DEBUG] 2025-12-10 21:05:04,025 - model.dqn - Training loss: 1.189806342124939
[DEBUG] 2025-12-10 21:05:04,308 - model.dqn - Training loss: 0.9678774476051331
[DEBUG] 2025-12-10 21:05:04,598 - model.dqn - Training loss: 1.2579370737075806
[DEBUG] 2025-12-10 21:05:04,879 - model.dqn - Training loss: 1.5245516300201416
[DEBUG] 2025-12-10 21:05:05,159 - model.dqn - Training loss: 1.220605492591858
[DEBUG] 2025-12-10 21:05:05,441 - model.dqn - Training loss: 1.424981713294983
[INFO] 2025-12-10 21:05:05,441 - main - Training completed. Move to evaluation phase.
[INFO] 2025-12-10 21:05:05,442 - verifier.verifier - Evaluation for protocol <atomic_commit> completed.
[INFO] 2025-12-10 21:05:05,442 - verifier.verifier - Setting: players=4, rounds=2
[INFO] 2025-12-10 21:05:05,442 - verifier.verifier - Result: 1 failed cases out of 1 total cases.
[INFO] 2025-12-10 21:05:05,442 - verifier.verifier - Accumulated reward: -4
[INFO] 2025-12-10 21:05:05,442 - main - Epoch 26/100, training on 1 failed cases from last evaluation.
[DEBUG] 2025-12-10 21:05:05,726 - model.dqn - Training loss: 1.7759546041488647
[DEBUG] 2025-12-10 21:05:06,010 - model.dqn - Training loss: 1.5256600379943848
[DEBUG] 2025-12-10 21:05:06,294 - model.dqn - Training loss: 1.39535391330719
[DEBUG] 2025-12-10 21:05:06,573 - model.dqn - Training loss: 1.1684249639511108
[DEBUG] 2025-12-10 21:05:06,851 - model.dqn - Training loss: 1.1525763273239136
[DEBUG] 2025-12-10 21:05:07,129 - model.dqn - Training loss: 1.4445774555206299
[DEBUG] 2025-12-10 21:05:07,404 - model.dqn - Training loss: 1.39567232131958
[DEBUG] 2025-12-10 21:05:07,683 - model.dqn - Training loss: 1.2986305952072144
[DEBUG] 2025-12-10 21:05:07,960 - model.dqn - Training loss: 1.0125391483306885
[DEBUG] 2025-12-10 21:05:08,236 - model.dqn - Training loss: 1.1641758680343628
[DEBUG] 2025-12-10 21:05:08,515 - model.dqn - Training loss: 0.9951932430267334
[DEBUG] 2025-12-10 21:05:08,794 - model.dqn - Training loss: 1.2939693927764893
[DEBUG] 2025-12-10 21:05:09,072 - model.dqn - Training loss: 1.5898749828338623
[DEBUG] 2025-12-10 21:05:09,349 - model.dqn - Training loss: 1.0732848644256592
[DEBUG] 2025-12-10 21:05:09,626 - model.dqn - Training loss: 1.1255886554718018
[DEBUG] 2025-12-10 21:05:09,905 - model.dqn - Training loss: 1.5152690410614014
[DEBUG] 2025-12-10 21:05:10,185 - model.dqn - Training loss: 1.2229286432266235
[DEBUG] 2025-12-10 21:05:10,460 - model.dqn - Training loss: 1.0946483612060547
[DEBUG] 2025-12-10 21:05:10,741 - model.dqn - Training loss: 1.0107932090759277
[DEBUG] 2025-12-10 21:05:11,019 - model.dqn - Training loss: 1.288395643234253
[DEBUG] 2025-12-10 21:05:11,297 - model.dqn - Training loss: 1.1103368997573853
[DEBUG] 2025-12-10 21:05:11,577 - model.dqn - Training loss: 1.1334329843521118
[DEBUG] 2025-12-10 21:05:11,857 - model.dqn - Training loss: 1.3114399909973145
[DEBUG] 2025-12-10 21:05:12,139 - model.dqn - Training loss: 1.6570814847946167
[DEBUG] 2025-12-10 21:05:12,420 - model.dqn - Training loss: 1.0534439086914062
[DEBUG] 2025-12-10 21:05:12,701 - model.dqn - Training loss: 1.3990371227264404
[DEBUG] 2025-12-10 21:05:12,979 - model.dqn - Training loss: 1.4972071647644043
[DEBUG] 2025-12-10 21:05:13,261 - model.dqn - Training loss: 1.1224137544631958
[DEBUG] 2025-12-10 21:05:13,538 - model.dqn - Training loss: 1.2668012380599976
[DEBUG] 2025-12-10 21:05:13,819 - model.dqn - Training loss: 1.2527579069137573
[DEBUG] 2025-12-10 21:05:14,094 - model.dqn - Training loss: 1.0202821493148804
[DEBUG] 2025-12-10 21:05:14,373 - model.dqn - Training loss: 1.2328559160232544
[DEBUG] 2025-12-10 21:05:14,651 - model.dqn - Training loss: 1.0277541875839233
[DEBUG] 2025-12-10 21:05:14,929 - model.dqn - Training loss: 1.2179208993911743
[DEBUG] 2025-12-10 21:05:15,210 - model.dqn - Training loss: 1.6029661893844604
[DEBUG] 2025-12-10 21:05:15,491 - model.dqn - Training loss: 1.2528657913208008
[DEBUG] 2025-12-10 21:05:15,771 - model.dqn - Training loss: 0.8675943613052368
[DEBUG] 2025-12-10 21:05:16,051 - model.dqn - Training loss: 1.0595176219940186
[DEBUG] 2025-12-10 21:05:16,328 - model.dqn - Training loss: 1.3094075918197632
[DEBUG] 2025-12-10 21:05:16,608 - model.dqn - Training loss: 1.5424199104309082
[DEBUG] 2025-12-10 21:05:16,888 - model.dqn - Training loss: 1.3289458751678467
[DEBUG] 2025-12-10 21:05:17,167 - model.dqn - Training loss: 1.3066743612289429
[DEBUG] 2025-12-10 21:05:17,447 - model.dqn - Training loss: 1.0837360620498657
[DEBUG] 2025-12-10 21:05:17,728 - model.dqn - Training loss: 1.194883108139038
[DEBUG] 2025-12-10 21:05:18,009 - model.dqn - Training loss: 1.1397342681884766
[DEBUG] 2025-12-10 21:05:18,288 - model.dqn - Training loss: 1.385796070098877
[DEBUG] 2025-12-10 21:05:18,568 - model.dqn - Training loss: 1.3786576986312866
[DEBUG] 2025-12-10 21:05:18,845 - model.dqn - Training loss: 1.574630856513977
[DEBUG] 2025-12-10 21:05:19,124 - model.dqn - Training loss: 1.2037688493728638
[DEBUG] 2025-12-10 21:05:19,405 - model.dqn - Training loss: 1.019980549812317
[DEBUG] 2025-12-10 21:05:19,686 - model.dqn - Training loss: 1.3007409572601318
[DEBUG] 2025-12-10 21:05:19,970 - model.dqn - Training loss: 1.266299843788147
[DEBUG] 2025-12-10 21:05:20,253 - model.dqn - Training loss: 1.3178585767745972
[DEBUG] 2025-12-10 21:05:20,535 - model.dqn - Training loss: 1.479752779006958
[DEBUG] 2025-12-10 21:05:20,815 - model.dqn - Training loss: 1.0206327438354492
[DEBUG] 2025-12-10 21:05:21,098 - model.dqn - Training loss: 1.3291279077529907
[DEBUG] 2025-12-10 21:05:21,378 - model.dqn - Training loss: 0.9895819425582886
[DEBUG] 2025-12-10 21:05:21,666 - model.dqn - Training loss: 1.2525341510772705
[DEBUG] 2025-12-10 21:05:21,950 - model.dqn - Training loss: 1.2939047813415527
[DEBUG] 2025-12-10 21:05:22,237 - model.dqn - Training loss: 1.0868459939956665
[DEBUG] 2025-12-10 21:05:22,521 - model.dqn - Training loss: 1.164466381072998
[DEBUG] 2025-12-10 21:05:22,803 - model.dqn - Training loss: 1.0417370796203613
[DEBUG] 2025-12-10 21:05:23,088 - model.dqn - Training loss: 1.086889386177063
[DEBUG] 2025-12-10 21:05:23,373 - model.dqn - Training loss: 0.9630953669548035
[DEBUG] 2025-12-10 21:05:23,655 - model.dqn - Training loss: 0.7918227314949036
[DEBUG] 2025-12-10 21:05:23,935 - model.dqn - Training loss: 0.8454651236534119
[DEBUG] 2025-12-10 21:05:24,207 - model.dqn - Training loss: 1.1021640300750732
[DEBUG] 2025-12-10 21:05:24,483 - model.dqn - Training loss: 1.0126365423202515
[DEBUG] 2025-12-10 21:05:24,758 - model.dqn - Training loss: 0.8405106067657471
[DEBUG] 2025-12-10 21:05:25,035 - model.dqn - Training loss: 0.9603044390678406
[DEBUG] 2025-12-10 21:05:25,311 - model.dqn - Training loss: 0.9939172863960266
[DEBUG] 2025-12-10 21:05:25,589 - model.dqn - Training loss: 1.2072043418884277
[DEBUG] 2025-12-10 21:05:25,868 - model.dqn - Training loss: 0.9551984667778015
[DEBUG] 2025-12-10 21:05:26,152 - model.dqn - Training loss: 1.0233756303787231
[DEBUG] 2025-12-10 21:05:26,436 - model.dqn - Training loss: 1.652042269706726
[DEBUG] 2025-12-10 21:05:26,718 - model.dqn - Training loss: 1.0608344078063965
[DEBUG] 2025-12-10 21:05:26,999 - model.dqn - Training loss: 1.3288451433181763
[DEBUG] 2025-12-10 21:05:27,283 - model.dqn - Training loss: 0.8218618035316467
[DEBUG] 2025-12-10 21:05:27,568 - model.dqn - Training loss: 1.2225271463394165
[DEBUG] 2025-12-10 21:05:27,851 - model.dqn - Training loss: 1.2430680990219116
[DEBUG] 2025-12-10 21:05:28,139 - model.dqn - Training loss: 0.8108183145523071
[DEBUG] 2025-12-10 21:05:28,421 - model.dqn - Training loss: 1.08143949508667
[DEBUG] 2025-12-10 21:05:28,708 - model.dqn - Training loss: 1.1168195009231567
[DEBUG] 2025-12-10 21:05:28,994 - model.dqn - Training loss: 0.7519974708557129
[DEBUG] 2025-12-10 21:05:29,274 - model.dqn - Training loss: 0.9431114792823792
[DEBUG] 2025-12-10 21:05:29,562 - model.dqn - Training loss: 0.7849506139755249
[DEBUG] 2025-12-10 21:05:29,853 - model.dqn - Training loss: 1.0702825784683228
[DEBUG] 2025-12-10 21:05:30,144 - model.dqn - Training loss: 0.7670963406562805
[DEBUG] 2025-12-10 21:05:30,431 - model.dqn - Training loss: 0.937506914138794
[DEBUG] 2025-12-10 21:05:30,734 - model.dqn - Training loss: 1.0392533540725708
[DEBUG] 2025-12-10 21:05:31,030 - model.dqn - Training loss: 0.6851695775985718
[DEBUG] 2025-12-10 21:05:31,326 - model.dqn - Training loss: 0.7607437372207642
[DEBUG] 2025-12-10 21:05:31,625 - model.dqn - Training loss: 0.8178067207336426
[DEBUG] 2025-12-10 21:05:31,916 - model.dqn - Training loss: 0.9005946516990662
[DEBUG] 2025-12-10 21:05:32,204 - model.dqn - Training loss: 0.5913404226303101
[DEBUG] 2025-12-10 21:05:32,490 - model.dqn - Training loss: 0.7242766618728638
[DEBUG] 2025-12-10 21:05:32,770 - model.dqn - Training loss: 0.7837099432945251
[DEBUG] 2025-12-10 21:05:33,108 - model.dqn - Training loss: 0.9231328368186951
[DEBUG] 2025-12-10 21:05:33,395 - model.dqn - Training loss: 0.8455069661140442
[DEBUG] 2025-12-10 21:05:33,677 - model.dqn - Training loss: 1.245868444442749
[INFO] 2025-12-10 21:05:33,677 - main - Training completed. Move to evaluation phase.
[INFO] 2025-12-10 21:05:33,678 - verifier.verifier - Evaluation for protocol <atomic_commit> completed.
[INFO] 2025-12-10 21:05:33,678 - verifier.verifier - Setting: players=4, rounds=2
[INFO] 2025-12-10 21:05:33,678 - verifier.verifier - Result: 1 failed cases out of 1 total cases.
[INFO] 2025-12-10 21:05:33,678 - verifier.verifier - Accumulated reward: -4
[INFO] 2025-12-10 21:05:33,678 - main - Epoch 27/100, training on 1 failed cases from last evaluation.
[DEBUG] 2025-12-10 21:05:33,966 - model.dqn - Training loss: 0.47901207208633423
[DEBUG] 2025-12-10 21:05:34,254 - model.dqn - Training loss: 0.6870843768119812
[DEBUG] 2025-12-10 21:05:34,543 - model.dqn - Training loss: 1.1253238916397095
[DEBUG] 2025-12-10 21:05:34,831 - model.dqn - Training loss: 0.848862886428833
[DEBUG] 2025-12-10 21:05:35,116 - model.dqn - Training loss: 1.0908315181732178
[DEBUG] 2025-12-10 21:05:35,404 - model.dqn - Training loss: 0.8511036038398743
[DEBUG] 2025-12-10 21:05:35,687 - model.dqn - Training loss: 0.7473782896995544
[DEBUG] 2025-12-10 21:05:35,970 - model.dqn - Training loss: 0.8340604901313782
[DEBUG] 2025-12-10 21:05:36,258 - model.dqn - Training loss: 0.58562171459198
[DEBUG] 2025-12-10 21:05:36,540 - model.dqn - Training loss: 0.539797842502594
[DEBUG] 2025-12-10 21:05:36,822 - model.dqn - Training loss: 0.501052975654602
[DEBUG] 2025-12-10 21:05:37,103 - model.dqn - Training loss: 1.2692419290542603
[DEBUG] 2025-12-10 21:05:37,382 - model.dqn - Training loss: 0.5146303176879883
[DEBUG] 2025-12-10 21:05:37,672 - model.dqn - Training loss: 0.4582706689834595
[DEBUG] 2025-12-10 21:05:37,954 - model.dqn - Training loss: 0.8890339136123657
[DEBUG] 2025-12-10 21:05:38,237 - model.dqn - Training loss: 0.6702816486358643
[DEBUG] 2025-12-10 21:05:38,522 - model.dqn - Training loss: 0.7456182241439819
[DEBUG] 2025-12-10 21:05:38,806 - model.dqn - Training loss: 0.6611601710319519
[DEBUG] 2025-12-10 21:05:39,089 - model.dqn - Training loss: 0.8385823965072632
[DEBUG] 2025-12-10 21:05:39,381 - model.dqn - Training loss: 0.8643504977226257
[DEBUG] 2025-12-10 21:05:39,670 - model.dqn - Training loss: 0.7541889548301697
[DEBUG] 2025-12-10 21:05:39,963 - model.dqn - Training loss: 1.2453135251998901
[DEBUG] 2025-12-10 21:05:40,251 - model.dqn - Training loss: 0.9341599345207214
[DEBUG] 2025-12-10 21:05:40,542 - model.dqn - Training loss: 0.8250351548194885
[DEBUG] 2025-12-10 21:05:40,831 - model.dqn - Training loss: 0.660342276096344
[DEBUG] 2025-12-10 21:05:41,111 - model.dqn - Training loss: 0.5635991096496582
[DEBUG] 2025-12-10 21:05:41,394 - model.dqn - Training loss: 0.6349093914031982
[DEBUG] 2025-12-10 21:05:41,678 - model.dqn - Training loss: 0.6256846189498901
[DEBUG] 2025-12-10 21:05:41,955 - model.dqn - Training loss: 1.0042628049850464
[DEBUG] 2025-12-10 21:05:42,246 - model.dqn - Training loss: 0.9219269752502441
[DEBUG] 2025-12-10 21:05:42,542 - model.dqn - Training loss: 0.6451848149299622
[DEBUG] 2025-12-10 21:05:42,846 - model.dqn - Training loss: 0.6427009105682373
[DEBUG] 2025-12-10 21:05:43,136 - model.dqn - Training loss: 0.4682401418685913
[DEBUG] 2025-12-10 21:05:43,431 - model.dqn - Training loss: 0.40075358748435974
[DEBUG] 2025-12-10 21:05:43,733 - model.dqn - Training loss: 0.9152877330780029
[DEBUG] 2025-12-10 21:05:44,027 - model.dqn - Training loss: 0.6541787981987
[DEBUG] 2025-12-10 21:05:44,319 - model.dqn - Training loss: 0.7938897609710693
[DEBUG] 2025-12-10 21:05:44,604 - model.dqn - Training loss: 0.9005058407783508
[DEBUG] 2025-12-10 21:05:44,881 - model.dqn - Training loss: 0.9451066851615906
[DEBUG] 2025-12-10 21:05:45,165 - model.dqn - Training loss: 0.3550684154033661
[DEBUG] 2025-12-10 21:05:45,466 - model.dqn - Training loss: 0.4684618413448334
[DEBUG] 2025-12-10 21:05:45,769 - model.dqn - Training loss: 0.5894834995269775
[DEBUG] 2025-12-10 21:05:46,071 - model.dqn - Training loss: 0.6723679304122925
[DEBUG] 2025-12-10 21:05:46,376 - model.dqn - Training loss: 0.6753973960876465
[DEBUG] 2025-12-10 21:05:46,675 - model.dqn - Training loss: 0.6224257349967957
[DEBUG] 2025-12-10 21:05:46,968 - model.dqn - Training loss: 0.4210137128829956
[DEBUG] 2025-12-10 21:05:47,265 - model.dqn - Training loss: 0.24252848327159882
[DEBUG] 2025-12-10 21:05:47,613 - model.dqn - Training loss: 0.858478307723999
[DEBUG] 2025-12-10 21:05:47,914 - model.dqn - Training loss: 0.5952991843223572
[DEBUG] 2025-12-10 21:05:48,220 - model.dqn - Training loss: 0.5161027312278748
[DEBUG] 2025-12-10 21:05:48,528 - model.dqn - Training loss: 0.3166341483592987
[DEBUG] 2025-12-10 21:05:48,886 - model.dqn - Training loss: 0.41892310976982117
[DEBUG] 2025-12-10 21:05:49,245 - model.dqn - Training loss: 0.8182515501976013
[DEBUG] 2025-12-10 21:05:49,550 - model.dqn - Training loss: 0.5450411438941956
[DEBUG] 2025-12-10 21:05:49,844 - model.dqn - Training loss: 0.6009441614151001
[DEBUG] 2025-12-10 21:05:50,131 - model.dqn - Training loss: 0.2726585865020752
[DEBUG] 2025-12-10 21:05:50,434 - model.dqn - Training loss: 0.6605284810066223
[DEBUG] 2025-12-10 21:05:50,744 - model.dqn - Training loss: 0.2663847804069519
[DEBUG] 2025-12-10 21:05:51,074 - model.dqn - Training loss: 0.3393409550189972
[DEBUG] 2025-12-10 21:05:51,383 - model.dqn - Training loss: 0.5648790001869202
[DEBUG] 2025-12-10 21:05:51,686 - model.dqn - Training loss: 0.483935683965683
[DEBUG] 2025-12-10 21:05:52,048 - model.dqn - Training loss: 0.6814433932304382
[DEBUG] 2025-12-10 21:05:52,374 - model.dqn - Training loss: 0.20848989486694336
[DEBUG] 2025-12-10 21:05:52,685 - model.dqn - Training loss: 0.4038817882537842
[DEBUG] 2025-12-10 21:05:52,990 - model.dqn - Training loss: 0.4550347328186035
[DEBUG] 2025-12-10 21:05:53,278 - model.dqn - Training loss: 0.8606346845626831
[DEBUG] 2025-12-10 21:05:53,578 - model.dqn - Training loss: 0.5135026574134827
[DEBUG] 2025-12-10 21:05:53,861 - model.dqn - Training loss: 0.4056028127670288
[DEBUG] 2025-12-10 21:05:54,144 - model.dqn - Training loss: 0.4003903567790985
[DEBUG] 2025-12-10 21:05:54,431 - model.dqn - Training loss: 0.6428842544555664
[DEBUG] 2025-12-10 21:05:54,717 - model.dqn - Training loss: 0.4028952419757843
[DEBUG] 2025-12-10 21:05:55,006 - model.dqn - Training loss: 0.5716148018836975
[DEBUG] 2025-12-10 21:05:55,291 - model.dqn - Training loss: 0.40635496377944946
[DEBUG] 2025-12-10 21:05:55,577 - model.dqn - Training loss: 0.44912591576576233
[DEBUG] 2025-12-10 21:05:55,868 - model.dqn - Training loss: 0.40495043992996216
[DEBUG] 2025-12-10 21:05:56,155 - model.dqn - Training loss: 0.6969132423400879
[DEBUG] 2025-12-10 21:05:56,440 - model.dqn - Training loss: 0.47497108578681946
[DEBUG] 2025-12-10 21:05:56,726 - model.dqn - Training loss: 0.35902875661849976
[DEBUG] 2025-12-10 21:05:57,011 - model.dqn - Training loss: 0.44597527384757996
[DEBUG] 2025-12-10 21:05:57,297 - model.dqn - Training loss: 0.6061660051345825
[DEBUG] 2025-12-10 21:05:57,584 - model.dqn - Training loss: 0.5490353107452393
[DEBUG] 2025-12-10 21:05:57,870 - model.dqn - Training loss: 0.3792276382446289
[DEBUG] 2025-12-10 21:05:58,157 - model.dqn - Training loss: 0.3526970148086548
[DEBUG] 2025-12-10 21:05:58,444 - model.dqn - Training loss: 0.41962891817092896
[DEBUG] 2025-12-10 21:05:58,729 - model.dqn - Training loss: 0.5293059945106506
[DEBUG] 2025-12-10 21:05:59,016 - model.dqn - Training loss: 0.6863163113594055
[DEBUG] 2025-12-10 21:05:59,304 - model.dqn - Training loss: 0.34562039375305176
[DEBUG] 2025-12-10 21:05:59,598 - model.dqn - Training loss: 0.2870503067970276
[DEBUG] 2025-12-10 21:05:59,886 - model.dqn - Training loss: 0.31124335527420044
[DEBUG] 2025-12-10 21:06:00,175 - model.dqn - Training loss: 0.5121183395385742
[DEBUG] 2025-12-10 21:06:00,490 - model.dqn - Training loss: 0.358198344707489
[DEBUG] 2025-12-10 21:06:00,783 - model.dqn - Training loss: 0.13213257491588593
[DEBUG] 2025-12-10 21:06:01,076 - model.dqn - Training loss: 0.3682452440261841
[DEBUG] 2025-12-10 21:06:01,414 - model.dqn - Training loss: 0.44986066222190857
[DEBUG] 2025-12-10 21:06:01,704 - model.dqn - Training loss: 0.3680253326892853
[DEBUG] 2025-12-10 21:06:01,991 - model.dqn - Training loss: 0.5843613743782043
[DEBUG] 2025-12-10 21:06:02,277 - model.dqn - Training loss: 0.22680114209651947
[DEBUG] 2025-12-10 21:06:02,559 - model.dqn - Training loss: 0.7673378586769104
[DEBUG] 2025-12-10 21:06:02,847 - model.dqn - Training loss: 0.5949914455413818
[DEBUG] 2025-12-10 21:06:03,141 - model.dqn - Training loss: 0.4894450902938843
[INFO] 2025-12-10 21:06:03,141 - main - Training completed. Move to evaluation phase.
[INFO] 2025-12-10 21:06:03,142 - verifier.verifier - Evaluation for protocol <atomic_commit> completed.
[INFO] 2025-12-10 21:06:03,142 - verifier.verifier - Setting: players=4, rounds=2
[INFO] 2025-12-10 21:06:03,142 - verifier.verifier - Result: 0 failed cases out of 1 total cases.
[INFO] 2025-12-10 21:06:03,142 - verifier.verifier - Accumulated reward: 2
[INFO] 2025-12-10 21:06:03,142 - main - All failed cases passed verification!
[INFO] 2025-12-10 21:06:03,142 - main - Move to final evaluation on all inputs.
[INFO] 2025-12-10 21:06:03,188 - verifier.verifier - Evaluation for protocol <atomic_commit> completed.
[INFO] 2025-12-10 21:06:03,188 - verifier.verifier - Setting: players=4, rounds=2
[INFO] 2025-12-10 21:06:03,188 - verifier.verifier - Result: 35 failed cases out of 69 total cases.
[INFO] 2025-12-10 21:06:03,188 - verifier.verifier - Accumulated reward: -104
[INFO] 2025-12-10 21:06:03,188 - main - 35 failed cases remain after final evaluation.
[INFO] 2025-12-10 21:06:03,188 - main - Epoch 28/100, training on 35 failed cases from last evaluation.
[DEBUG] 2025-12-10 21:06:03,478 - model.dqn - Training loss: 0.4924517273902893
[DEBUG] 2025-12-10 21:06:03,765 - model.dqn - Training loss: 0.6431270837783813
[DEBUG] 2025-12-10 21:06:04,055 - model.dqn - Training loss: 0.4079251289367676
[DEBUG] 2025-12-10 21:06:04,340 - model.dqn - Training loss: 0.8641613125801086
[DEBUG] 2025-12-10 21:06:04,624 - model.dqn - Training loss: 0.6636829376220703
[DEBUG] 2025-12-10 21:06:04,913 - model.dqn - Training loss: 0.996482253074646
[DEBUG] 2025-12-10 21:06:05,199 - model.dqn - Training loss: 0.8152222633361816
[DEBUG] 2025-12-10 21:06:05,510 - model.dqn - Training loss: 0.5993685722351074
[DEBUG] 2025-12-10 21:06:05,794 - model.dqn - Training loss: 0.5976688265800476
[DEBUG] 2025-12-10 21:06:06,088 - model.dqn - Training loss: 1.3075977563858032
[DEBUG] 2025-12-10 21:06:06,374 - model.dqn - Training loss: 0.9399660229682922
[DEBUG] 2025-12-10 21:06:06,673 - model.dqn - Training loss: 1.3304519653320312
[DEBUG] 2025-12-10 21:06:06,964 - model.dqn - Training loss: 0.7208481431007385
[DEBUG] 2025-12-10 21:06:07,253 - model.dqn - Training loss: 0.7143223881721497
[DEBUG] 2025-12-10 21:06:07,540 - model.dqn - Training loss: 0.865896463394165
[DEBUG] 2025-12-10 21:06:07,822 - model.dqn - Training loss: 0.33922621607780457
[DEBUG] 2025-12-10 21:06:08,126 - model.dqn - Training loss: 0.6827560663223267
[DEBUG] 2025-12-10 21:06:08,424 - model.dqn - Training loss: 0.9188361763954163
[DEBUG] 2025-12-10 21:06:08,719 - model.dqn - Training loss: 0.9275550842285156
[DEBUG] 2025-12-10 21:06:09,011 - model.dqn - Training loss: 0.8396341800689697
[DEBUG] 2025-12-10 21:06:09,306 - model.dqn - Training loss: 0.7973300814628601
[DEBUG] 2025-12-10 21:06:09,604 - model.dqn - Training loss: 0.6951700448989868
[DEBUG] 2025-12-10 21:06:09,894 - model.dqn - Training loss: 0.747840940952301
[DEBUG] 2025-12-10 21:06:10,187 - model.dqn - Training loss: 0.8192772269248962
[DEBUG] 2025-12-10 21:06:10,482 - model.dqn - Training loss: 0.812142550945282
[DEBUG] 2025-12-10 21:06:10,778 - model.dqn - Training loss: 0.9667064547538757
[DEBUG] 2025-12-10 21:06:11,065 - model.dqn - Training loss: 0.37466010451316833
[DEBUG] 2025-12-10 21:06:11,349 - model.dqn - Training loss: 0.5346881747245789
[DEBUG] 2025-12-10 21:06:11,641 - model.dqn - Training loss: 0.8314512372016907
[DEBUG] 2025-12-10 21:06:11,940 - model.dqn - Training loss: 1.2058192491531372
[DEBUG] 2025-12-10 21:06:12,290 - model.dqn - Training loss: 0.9179542660713196
[DEBUG] 2025-12-10 21:06:12,587 - model.dqn - Training loss: 0.963135302066803
[DEBUG] 2025-12-10 21:06:12,874 - model.dqn - Training loss: 0.961126446723938
[DEBUG] 2025-12-10 21:06:13,164 - model.dqn - Training loss: 0.7617319822311401
[DEBUG] 2025-12-10 21:06:13,453 - model.dqn - Training loss: 0.7572251558303833
[DEBUG] 2025-12-10 21:06:13,754 - model.dqn - Training loss: 0.765897274017334
[DEBUG] 2025-12-10 21:06:14,050 - model.dqn - Training loss: 1.144811987876892
[DEBUG] 2025-12-10 21:06:14,341 - model.dqn - Training loss: 1.1011494398117065
[DEBUG] 2025-12-10 21:06:14,624 - model.dqn - Training loss: 1.1333054304122925
[DEBUG] 2025-12-10 21:06:14,915 - model.dqn - Training loss: 1.070472240447998
[DEBUG] 2025-12-10 21:06:15,204 - model.dqn - Training loss: 1.2829203605651855
[DEBUG] 2025-12-10 21:06:15,490 - model.dqn - Training loss: 0.7154470086097717
[DEBUG] 2025-12-10 21:06:15,772 - model.dqn - Training loss: 1.8708786964416504
[DEBUG] 2025-12-10 21:06:16,056 - model.dqn - Training loss: 1.3371076583862305
[DEBUG] 2025-12-10 21:06:16,339 - model.dqn - Training loss: 1.246631383895874
[DEBUG] 2025-12-10 21:06:16,619 - model.dqn - Training loss: 1.325791835784912
[DEBUG] 2025-12-10 21:06:16,901 - model.dqn - Training loss: 1.5476287603378296
[DEBUG] 2025-12-10 21:06:17,192 - model.dqn - Training loss: 1.2470738887786865
[DEBUG] 2025-12-10 21:06:17,476 - model.dqn - Training loss: 0.9841300249099731
[DEBUG] 2025-12-10 21:06:17,758 - model.dqn - Training loss: 1.0008423328399658
[DEBUG] 2025-12-10 21:06:18,037 - model.dqn - Training loss: 1.219254732131958
[DEBUG] 2025-12-10 21:06:18,320 - model.dqn - Training loss: 1.395290732383728
[DEBUG] 2025-12-10 21:06:18,602 - model.dqn - Training loss: 1.4176921844482422
[DEBUG] 2025-12-10 21:06:18,886 - model.dqn - Training loss: 0.8977051973342896
[DEBUG] 2025-12-10 21:06:19,162 - model.dqn - Training loss: 0.859932005405426
[DEBUG] 2025-12-10 21:06:19,443 - model.dqn - Training loss: 1.4524409770965576
[DEBUG] 2025-12-10 21:06:19,724 - model.dqn - Training loss: 1.6220048666000366
[DEBUG] 2025-12-10 21:06:20,004 - model.dqn - Training loss: 1.2706924676895142
[DEBUG] 2025-12-10 21:06:20,285 - model.dqn - Training loss: 1.6643439531326294
[DEBUG] 2025-12-10 21:06:20,574 - model.dqn - Training loss: 1.1713892221450806
[DEBUG] 2025-12-10 21:06:20,864 - model.dqn - Training loss: 1.3377577066421509
[DEBUG] 2025-12-10 21:06:21,167 - model.dqn - Training loss: 1.011017918586731
[DEBUG] 2025-12-10 21:06:21,452 - model.dqn - Training loss: 1.3479113578796387
[DEBUG] 2025-12-10 21:06:21,744 - model.dqn - Training loss: 1.1204476356506348
[DEBUG] 2025-12-10 21:06:22,040 - model.dqn - Training loss: 1.0464203357696533
[DEBUG] 2025-12-10 21:06:22,335 - model.dqn - Training loss: 1.2403846979141235
[DEBUG] 2025-12-10 21:06:22,630 - model.dqn - Training loss: 1.142640233039856
[DEBUG] 2025-12-10 21:06:22,923 - model.dqn - Training loss: 1.3262840509414673
[DEBUG] 2025-12-10 21:06:23,219 - model.dqn - Training loss: 1.2295536994934082
[DEBUG] 2025-12-10 21:06:23,514 - model.dqn - Training loss: 1.1454237699508667
[DEBUG] 2025-12-10 21:06:23,809 - model.dqn - Training loss: 1.271215796470642
[DEBUG] 2025-12-10 21:06:24,098 - model.dqn - Training loss: 1.313564658164978
[DEBUG] 2025-12-10 21:06:24,392 - model.dqn - Training loss: 1.6685134172439575
[DEBUG] 2025-12-10 21:06:24,686 - model.dqn - Training loss: 1.3345478773117065
[DEBUG] 2025-12-10 21:06:24,983 - model.dqn - Training loss: 1.0072177648544312
[DEBUG] 2025-12-10 21:06:25,273 - model.dqn - Training loss: 1.2491649389266968
[DEBUG] 2025-12-10 21:06:25,559 - model.dqn - Training loss: 1.1609939336776733
[DEBUG] 2025-12-10 21:06:25,841 - model.dqn - Training loss: 1.073322057723999
[DEBUG] 2025-12-10 21:06:26,117 - model.dqn - Training loss: 1.5853149890899658
[DEBUG] 2025-12-10 21:06:26,402 - model.dqn - Training loss: 1.5061570405960083
[DEBUG] 2025-12-10 21:06:26,697 - model.dqn - Training loss: 1.3373727798461914
[DEBUG] 2025-12-10 21:06:27,045 - model.dqn - Training loss: 1.3192013502120972
[DEBUG] 2025-12-10 21:06:27,328 - model.dqn - Training loss: 1.1516743898391724
[DEBUG] 2025-12-10 21:06:27,610 - model.dqn - Training loss: 1.3154566287994385
[DEBUG] 2025-12-10 21:06:27,907 - model.dqn - Training loss: 1.0782158374786377
[DEBUG] 2025-12-10 21:06:28,198 - model.dqn - Training loss: 1.0816757678985596
[DEBUG] 2025-12-10 21:06:28,482 - model.dqn - Training loss: 1.0730760097503662
[DEBUG] 2025-12-10 21:06:28,760 - model.dqn - Training loss: 1.5031572580337524
[DEBUG] 2025-12-10 21:06:29,043 - model.dqn - Training loss: 1.5085723400115967
[DEBUG] 2025-12-10 21:06:29,330 - model.dqn - Training loss: 1.7168282270431519
[DEBUG] 2025-12-10 21:06:29,615 - model.dqn - Training loss: 1.236868143081665
[DEBUG] 2025-12-10 21:06:29,901 - model.dqn - Training loss: 1.8653452396392822
[DEBUG] 2025-12-10 21:06:30,190 - model.dqn - Training loss: 1.1579278707504272
[DEBUG] 2025-12-10 21:06:30,474 - model.dqn - Training loss: 1.3310964107513428
[DEBUG] 2025-12-10 21:06:30,754 - model.dqn - Training loss: 1.6004414558410645
[DEBUG] 2025-12-10 21:06:31,041 - model.dqn - Training loss: 1.5202726125717163
[DEBUG] 2025-12-10 21:06:31,327 - model.dqn - Training loss: 1.5978388786315918
[DEBUG] 2025-12-10 21:06:31,617 - model.dqn - Training loss: 1.4489672183990479
[DEBUG] 2025-12-10 21:06:31,913 - model.dqn - Training loss: 1.4698983430862427
[DEBUG] 2025-12-10 21:06:32,202 - model.dqn - Training loss: 1.3394379615783691
[INFO] 2025-12-10 21:06:32,202 - main - Training completed. Move to evaluation phase.
[INFO] 2025-12-10 21:06:32,226 - verifier.verifier - Evaluation for protocol <atomic_commit> completed.
[INFO] 2025-12-10 21:06:32,226 - verifier.verifier - Setting: players=4, rounds=2
[INFO] 2025-12-10 21:06:32,226 - verifier.verifier - Result: 35 failed cases out of 35 total cases.
[INFO] 2025-12-10 21:06:32,226 - verifier.verifier - Accumulated reward: -140
[INFO] 2025-12-10 21:06:32,226 - main - Epoch 29/100, training on 35 failed cases from last evaluation.
[DEBUG] 2025-12-10 21:06:32,509 - model.dqn - Training loss: 1.8020676374435425
[DEBUG] 2025-12-10 21:06:32,790 - model.dqn - Training loss: 1.130050539970398
[DEBUG] 2025-12-10 21:06:33,080 - model.dqn - Training loss: 1.4698208570480347
[DEBUG] 2025-12-10 21:06:33,370 - model.dqn - Training loss: 1.2330995798110962
[DEBUG] 2025-12-10 21:06:33,660 - model.dqn - Training loss: 1.1334643363952637
[DEBUG] 2025-12-10 21:06:33,960 - model.dqn - Training loss: 1.219551682472229
[DEBUG] 2025-12-10 21:06:34,254 - model.dqn - Training loss: 1.6026723384857178
[DEBUG] 2025-12-10 21:06:34,535 - model.dqn - Training loss: 1.1791342496871948
[DEBUG] 2025-12-10 21:06:34,816 - model.dqn - Training loss: 1.143045425415039
[DEBUG] 2025-12-10 21:06:35,106 - model.dqn - Training loss: 1.1704938411712646
[DEBUG] 2025-12-10 21:06:35,409 - model.dqn - Training loss: 1.2145869731903076
[DEBUG] 2025-12-10 21:06:35,700 - model.dqn - Training loss: 1.288830041885376
[DEBUG] 2025-12-10 21:06:35,994 - model.dqn - Training loss: 1.5943256616592407
[DEBUG] 2025-12-10 21:06:36,282 - model.dqn - Training loss: 1.46631920337677
[DEBUG] 2025-12-10 21:06:36,572 - model.dqn - Training loss: 1.2952998876571655
[DEBUG] 2025-12-10 21:06:36,862 - model.dqn - Training loss: 1.3663727045059204
[DEBUG] 2025-12-10 21:06:37,161 - model.dqn - Training loss: 1.3390213251113892
[DEBUG] 2025-12-10 21:06:37,462 - model.dqn - Training loss: 1.0048713684082031
[DEBUG] 2025-12-10 21:06:37,755 - model.dqn - Training loss: 1.0912381410598755
[DEBUG] 2025-12-10 21:06:38,040 - model.dqn - Training loss: 1.1530705690383911
[DEBUG] 2025-12-10 21:06:38,326 - model.dqn - Training loss: 1.114522099494934
[DEBUG] 2025-12-10 21:06:38,613 - model.dqn - Training loss: 1.4275593757629395
[DEBUG] 2025-12-10 21:06:38,911 - model.dqn - Training loss: 0.7013551592826843
[DEBUG] 2025-12-10 21:06:39,201 - model.dqn - Training loss: 0.5627333521842957
[DEBUG] 2025-12-10 21:06:39,497 - model.dqn - Training loss: 1.2664885520935059
[DEBUG] 2025-12-10 21:06:39,793 - model.dqn - Training loss: 0.8397467136383057
[DEBUG] 2025-12-10 21:06:40,106 - model.dqn - Training loss: 0.8867396116256714
[DEBUG] 2025-12-10 21:06:40,482 - model.dqn - Training loss: 0.8830682039260864
[DEBUG] 2025-12-10 21:06:40,842 - model.dqn - Training loss: 1.1043603420257568
[DEBUG] 2025-12-10 21:06:41,253 - model.dqn - Training loss: 0.864348828792572
[DEBUG] 2025-12-10 21:06:41,621 - model.dqn - Training loss: 1.0043120384216309
[DEBUG] 2025-12-10 21:06:41,952 - model.dqn - Training loss: 1.0877195596694946
[DEBUG] 2025-12-10 21:06:42,291 - model.dqn - Training loss: 1.3305038213729858
[DEBUG] 2025-12-10 21:06:42,631 - model.dqn - Training loss: 0.6478403210639954
[DEBUG] 2025-12-10 21:06:42,967 - model.dqn - Training loss: 0.8080520033836365
[DEBUG] 2025-12-10 21:06:43,361 - model.dqn - Training loss: 1.123555302619934
[DEBUG] 2025-12-10 21:06:43,784 - model.dqn - Training loss: 1.5183552503585815
[DEBUG] 2025-12-10 21:06:44,170 - model.dqn - Training loss: 0.7245009541511536
[DEBUG] 2025-12-10 21:06:44,573 - model.dqn - Training loss: 1.4435110092163086
[DEBUG] 2025-12-10 21:06:44,991 - model.dqn - Training loss: 1.1597329378128052
[DEBUG] 2025-12-10 21:06:45,350 - model.dqn - Training loss: 0.9140871167182922
[DEBUG] 2025-12-10 21:06:45,706 - model.dqn - Training loss: 1.2757673263549805
[DEBUG] 2025-12-10 21:06:46,056 - model.dqn - Training loss: 1.1038711071014404
[DEBUG] 2025-12-10 21:06:46,350 - model.dqn - Training loss: 0.687249481678009
[DEBUG] 2025-12-10 21:06:46,649 - model.dqn - Training loss: 0.9485539197921753
[DEBUG] 2025-12-10 21:06:46,940 - model.dqn - Training loss: 0.6623875498771667
[DEBUG] 2025-12-10 21:06:47,239 - model.dqn - Training loss: 1.174372911453247
[DEBUG] 2025-12-10 21:06:47,538 - model.dqn - Training loss: 0.7252224087715149
[DEBUG] 2025-12-10 21:06:47,832 - model.dqn - Training loss: 1.0976024866104126
[DEBUG] 2025-12-10 21:06:48,144 - model.dqn - Training loss: 0.804161787033081
[DEBUG] 2025-12-10 21:06:48,440 - model.dqn - Training loss: 0.9065622687339783
[DEBUG] 2025-12-10 21:06:48,810 - model.dqn - Training loss: 1.0098042488098145
[DEBUG] 2025-12-10 21:06:49,130 - model.dqn - Training loss: 1.2740074396133423
[DEBUG] 2025-12-10 21:06:49,435 - model.dqn - Training loss: 0.950370728969574
[DEBUG] 2025-12-10 21:06:49,742 - model.dqn - Training loss: 0.77593994140625
[DEBUG] 2025-12-10 21:06:50,043 - model.dqn - Training loss: 0.9093731045722961
[DEBUG] 2025-12-10 21:06:50,335 - model.dqn - Training loss: 1.1026042699813843
[DEBUG] 2025-12-10 21:06:50,625 - model.dqn - Training loss: 0.759023129940033
[DEBUG] 2025-12-10 21:06:50,920 - model.dqn - Training loss: 1.2658458948135376
[DEBUG] 2025-12-10 21:06:51,204 - model.dqn - Training loss: 0.6132634878158569
[DEBUG] 2025-12-10 21:06:51,483 - model.dqn - Training loss: 1.2327086925506592
[DEBUG] 2025-12-10 21:06:51,777 - model.dqn - Training loss: 1.0225101709365845
[DEBUG] 2025-12-10 21:06:52,066 - model.dqn - Training loss: 1.1348730325698853
[DEBUG] 2025-12-10 21:06:52,362 - model.dqn - Training loss: 0.6873244643211365
[DEBUG] 2025-12-10 21:06:52,660 - model.dqn - Training loss: 0.8887838125228882
[DEBUG] 2025-12-10 21:06:52,956 - model.dqn - Training loss: 1.2045600414276123
[DEBUG] 2025-12-10 21:06:53,242 - model.dqn - Training loss: 0.7425493001937866
[DEBUG] 2025-12-10 21:06:53,531 - model.dqn - Training loss: 1.1631580591201782
[DEBUG] 2025-12-10 21:06:53,823 - model.dqn - Training loss: 0.8004950284957886
[DEBUG] 2025-12-10 21:06:54,115 - model.dqn - Training loss: 1.2721059322357178
[DEBUG] 2025-12-10 21:06:54,407 - model.dqn - Training loss: 0.8143588900566101
[DEBUG] 2025-12-10 21:06:54,696 - model.dqn - Training loss: 1.10001802444458
[DEBUG] 2025-12-10 21:06:54,982 - model.dqn - Training loss: 0.9015238285064697
[DEBUG] 2025-12-10 21:06:55,271 - model.dqn - Training loss: 1.303688406944275
[DEBUG] 2025-12-10 21:06:55,558 - model.dqn - Training loss: 1.1264574527740479
[DEBUG] 2025-12-10 21:06:55,844 - model.dqn - Training loss: 1.0991885662078857
[DEBUG] 2025-12-10 21:06:56,131 - model.dqn - Training loss: 1.0252524614334106
[DEBUG] 2025-12-10 21:06:56,414 - model.dqn - Training loss: 0.8231414556503296
[DEBUG] 2025-12-10 21:06:56,696 - model.dqn - Training loss: 0.740062415599823
[DEBUG] 2025-12-10 21:06:56,975 - model.dqn - Training loss: 1.1047488451004028
[DEBUG] 2025-12-10 21:06:57,255 - model.dqn - Training loss: 1.1071953773498535
[DEBUG] 2025-12-10 21:06:57,532 - model.dqn - Training loss: 1.1595486402511597
[DEBUG] 2025-12-10 21:06:57,816 - model.dqn - Training loss: 0.9415069818496704
[DEBUG] 2025-12-10 21:06:58,097 - model.dqn - Training loss: 0.9213423132896423
[DEBUG] 2025-12-10 21:06:58,383 - model.dqn - Training loss: 0.9459843039512634
[DEBUG] 2025-12-10 21:06:58,666 - model.dqn - Training loss: 1.080731987953186
[DEBUG] 2025-12-10 21:06:58,949 - model.dqn - Training loss: 0.862666666507721
[DEBUG] 2025-12-10 21:06:59,241 - model.dqn - Training loss: 0.9135283827781677
[DEBUG] 2025-12-10 21:06:59,557 - model.dqn - Training loss: 0.8236455321311951
[DEBUG] 2025-12-10 21:06:59,847 - model.dqn - Training loss: 0.7106243371963501
[DEBUG] 2025-12-10 21:07:00,156 - model.dqn - Training loss: 0.645840585231781
[DEBUG] 2025-12-10 21:07:00,445 - model.dqn - Training loss: 1.134972333908081
[DEBUG] 2025-12-10 21:07:00,807 - model.dqn - Training loss: 0.5726572871208191
[DEBUG] 2025-12-10 21:07:01,102 - model.dqn - Training loss: 0.6688938140869141
[DEBUG] 2025-12-10 21:07:01,396 - model.dqn - Training loss: 0.83812415599823
[DEBUG] 2025-12-10 21:07:01,693 - model.dqn - Training loss: 0.9911369681358337
[DEBUG] 2025-12-10 21:07:01,977 - model.dqn - Training loss: 0.9242478609085083
[DEBUG] 2025-12-10 21:07:02,257 - model.dqn - Training loss: 0.9964019656181335
[DEBUG] 2025-12-10 21:07:02,570 - model.dqn - Training loss: 0.8324646949768066
[DEBUG] 2025-12-10 21:07:02,849 - model.dqn - Training loss: 0.9910516738891602
[INFO] 2025-12-10 21:07:02,849 - main - Training completed. Move to evaluation phase.
[INFO] 2025-12-10 21:07:02,873 - verifier.verifier - Evaluation for protocol <atomic_commit> completed.
[INFO] 2025-12-10 21:07:02,873 - verifier.verifier - Setting: players=4, rounds=2
[INFO] 2025-12-10 21:07:02,873 - verifier.verifier - Result: 0 failed cases out of 35 total cases.
[INFO] 2025-12-10 21:07:02,873 - verifier.verifier - Accumulated reward: 35
[INFO] 2025-12-10 21:07:02,873 - main - All failed cases passed verification!
[INFO] 2025-12-10 21:07:02,873 - main - Move to final evaluation on all inputs.
[INFO] 2025-12-10 21:07:02,916 - verifier.verifier - Evaluation for protocol <atomic_commit> completed.
[INFO] 2025-12-10 21:07:02,916 - verifier.verifier - Setting: players=4, rounds=2
[INFO] 2025-12-10 21:07:02,916 - verifier.verifier - Result: 1 failed cases out of 69 total cases.
[INFO] 2025-12-10 21:07:02,916 - verifier.verifier - Accumulated reward: 64
[INFO] 2025-12-10 21:07:02,916 - main - 1 failed cases remain after final evaluation.
[INFO] 2025-12-10 21:07:02,916 - main - Epoch 30/100, training on 1 failed cases from last evaluation.
[DEBUG] 2025-12-10 21:07:03,223 - model.dqn - Training loss: 1.0048747062683105
[DEBUG] 2025-12-10 21:07:03,504 - model.dqn - Training loss: 0.7974644899368286
[DEBUG] 2025-12-10 21:07:03,786 - model.dqn - Training loss: 1.1622525453567505
[DEBUG] 2025-12-10 21:07:04,069 - model.dqn - Training loss: 1.070039987564087
[DEBUG] 2025-12-10 21:07:04,353 - model.dqn - Training loss: 1.0024112462997437
[DEBUG] 2025-12-10 21:07:04,637 - model.dqn - Training loss: 0.7528455257415771
[DEBUG] 2025-12-10 21:07:04,922 - model.dqn - Training loss: 0.6952927112579346
[DEBUG] 2025-12-10 21:07:05,205 - model.dqn - Training loss: 1.0632202625274658
[DEBUG] 2025-12-10 21:07:05,485 - model.dqn - Training loss: 0.8762947916984558
[DEBUG] 2025-12-10 21:07:05,766 - model.dqn - Training loss: 1.034327745437622
[DEBUG] 2025-12-10 21:07:06,047 - model.dqn - Training loss: 0.9449253678321838
[DEBUG] 2025-12-10 21:07:06,333 - model.dqn - Training loss: 0.9695106744766235
[DEBUG] 2025-12-10 21:07:06,610 - model.dqn - Training loss: 0.4640122056007385
[DEBUG] 2025-12-10 21:07:06,886 - model.dqn - Training loss: 0.8007797598838806
[DEBUG] 2025-12-10 21:07:07,168 - model.dqn - Training loss: 1.1627602577209473
[DEBUG] 2025-12-10 21:07:07,452 - model.dqn - Training loss: 0.4516611099243164
[DEBUG] 2025-12-10 21:07:07,736 - model.dqn - Training loss: 0.46681714057922363
[DEBUG] 2025-12-10 21:07:08,020 - model.dqn - Training loss: 0.7538050413131714
[DEBUG] 2025-12-10 21:07:08,300 - model.dqn - Training loss: 0.8622639179229736
[DEBUG] 2025-12-10 21:07:08,583 - model.dqn - Training loss: 0.8319678902626038
[DEBUG] 2025-12-10 21:07:08,865 - model.dqn - Training loss: 0.6341959834098816
[DEBUG] 2025-12-10 21:07:09,149 - model.dqn - Training loss: 0.4815255403518677
[DEBUG] 2025-12-10 21:07:09,433 - model.dqn - Training loss: 0.45635518431663513
[DEBUG] 2025-12-10 21:07:09,716 - model.dqn - Training loss: 0.7127456665039062
[DEBUG] 2025-12-10 21:07:09,996 - model.dqn - Training loss: 0.3719462752342224
[DEBUG] 2025-12-10 21:07:10,275 - model.dqn - Training loss: 1.0341038703918457
[DEBUG] 2025-12-10 21:07:10,557 - model.dqn - Training loss: 0.6520503163337708
[DEBUG] 2025-12-10 21:07:10,840 - model.dqn - Training loss: 0.4405781924724579
[DEBUG] 2025-12-10 21:07:11,120 - model.dqn - Training loss: 0.569890558719635
[DEBUG] 2025-12-10 21:07:11,405 - model.dqn - Training loss: 0.6230616569519043
[DEBUG] 2025-12-10 21:07:11,689 - model.dqn - Training loss: 0.8092188239097595
[DEBUG] 2025-12-10 21:07:11,969 - model.dqn - Training loss: 0.7629157304763794
[DEBUG] 2025-12-10 21:07:12,251 - model.dqn - Training loss: 0.9627085328102112
[DEBUG] 2025-12-10 21:07:12,538 - model.dqn - Training loss: 0.6232430934906006
[DEBUG] 2025-12-10 21:07:12,822 - model.dqn - Training loss: 0.687494695186615
[DEBUG] 2025-12-10 21:07:13,106 - model.dqn - Training loss: 0.7523274421691895
[DEBUG] 2025-12-10 21:07:13,390 - model.dqn - Training loss: 0.8605836629867554
[DEBUG] 2025-12-10 21:07:13,675 - model.dqn - Training loss: 0.39173734188079834
[DEBUG] 2025-12-10 21:07:13,956 - model.dqn - Training loss: 0.5986537337303162
[DEBUG] 2025-12-10 21:07:14,239 - model.dqn - Training loss: 0.79541015625
[DEBUG] 2025-12-10 21:07:14,522 - model.dqn - Training loss: 0.7319803237915039
[DEBUG] 2025-12-10 21:07:14,805 - model.dqn - Training loss: 0.5998353362083435
[DEBUG] 2025-12-10 21:07:15,090 - model.dqn - Training loss: 0.33557355403900146
[DEBUG] 2025-12-10 21:07:15,374 - model.dqn - Training loss: 0.6556012630462646
[DEBUG] 2025-12-10 21:07:15,656 - model.dqn - Training loss: 1.0391534566879272
[DEBUG] 2025-12-10 21:07:15,935 - model.dqn - Training loss: 0.6578108668327332
[DEBUG] 2025-12-10 21:07:16,218 - model.dqn - Training loss: 0.2788031995296478
[DEBUG] 2025-12-10 21:07:16,498 - model.dqn - Training loss: 0.8241024017333984
[DEBUG] 2025-12-10 21:07:16,781 - model.dqn - Training loss: 0.6085640788078308
[DEBUG] 2025-12-10 21:07:17,059 - model.dqn - Training loss: 0.713196873664856
[DEBUG] 2025-12-10 21:07:17,339 - model.dqn - Training loss: 0.34925663471221924
[DEBUG] 2025-12-10 21:07:17,626 - model.dqn - Training loss: 0.5748860836029053
[DEBUG] 2025-12-10 21:07:17,911 - model.dqn - Training loss: 0.38779160380363464
[DEBUG] 2025-12-10 21:07:18,197 - model.dqn - Training loss: 0.6401265859603882
[DEBUG] 2025-12-10 21:07:18,477 - model.dqn - Training loss: 0.8369465470314026
[DEBUG] 2025-12-10 21:07:18,754 - model.dqn - Training loss: 0.5096755623817444
[DEBUG] 2025-12-10 21:07:19,033 - model.dqn - Training loss: 0.39131513237953186
[DEBUG] 2025-12-10 21:07:19,315 - model.dqn - Training loss: 0.44371020793914795
[DEBUG] 2025-12-10 21:07:19,595 - model.dqn - Training loss: 0.6314080357551575
[DEBUG] 2025-12-10 21:07:19,875 - model.dqn - Training loss: 0.5765582323074341
[DEBUG] 2025-12-10 21:07:20,157 - model.dqn - Training loss: 0.5560311675071716
[DEBUG] 2025-12-10 21:07:20,438 - model.dqn - Training loss: 0.5614936351776123
[DEBUG] 2025-12-10 21:07:20,721 - model.dqn - Training loss: 0.5084566473960876
[DEBUG] 2025-12-10 21:07:20,999 - model.dqn - Training loss: 0.5503606200218201
[DEBUG] 2025-12-10 21:07:21,280 - model.dqn - Training loss: 0.3350147604942322
[DEBUG] 2025-12-10 21:07:21,560 - model.dqn - Training loss: 0.5678238272666931
[DEBUG] 2025-12-10 21:07:21,837 - model.dqn - Training loss: 0.5668298602104187
[DEBUG] 2025-12-10 21:07:22,114 - model.dqn - Training loss: 0.7331901788711548
[DEBUG] 2025-12-10 21:07:22,390 - model.dqn - Training loss: 0.5077882409095764
[DEBUG] 2025-12-10 21:07:22,670 - model.dqn - Training loss: 0.8275746703147888
[DEBUG] 2025-12-10 21:07:22,948 - model.dqn - Training loss: 0.4557008445262909
[DEBUG] 2025-12-10 21:07:23,229 - model.dqn - Training loss: 0.24300171434879303
[DEBUG] 2025-12-10 21:07:23,521 - model.dqn - Training loss: 0.501314640045166
[DEBUG] 2025-12-10 21:07:23,813 - model.dqn - Training loss: 0.4892145097255707
[DEBUG] 2025-12-10 21:07:24,107 - model.dqn - Training loss: 0.5513609647750854
[DEBUG] 2025-12-10 21:07:24,402 - model.dqn - Training loss: 0.7811246514320374
[DEBUG] 2025-12-10 21:07:24,690 - model.dqn - Training loss: 0.5794064998626709
[DEBUG] 2025-12-10 21:07:24,977 - model.dqn - Training loss: 0.7823847532272339
[DEBUG] 2025-12-10 21:07:25,266 - model.dqn - Training loss: 0.6183806657791138
[DEBUG] 2025-12-10 21:07:25,548 - model.dqn - Training loss: 0.5319716930389404
[DEBUG] 2025-12-10 21:07:25,831 - model.dqn - Training loss: 0.3361556828022003
[DEBUG] 2025-12-10 21:07:26,114 - model.dqn - Training loss: 0.6153320074081421
[DEBUG] 2025-12-10 21:07:26,398 - model.dqn - Training loss: 0.7862054705619812
[DEBUG] 2025-12-10 21:07:26,680 - model.dqn - Training loss: 0.4443438947200775
[DEBUG] 2025-12-10 21:07:26,965 - model.dqn - Training loss: 0.6690354347229004
[DEBUG] 2025-12-10 21:07:27,247 - model.dqn - Training loss: 0.5087078213691711
[DEBUG] 2025-12-10 21:07:27,529 - model.dqn - Training loss: 0.6020300984382629
[DEBUG] 2025-12-10 21:07:27,812 - model.dqn - Training loss: 0.6207282543182373
[DEBUG] 2025-12-10 21:07:28,101 - model.dqn - Training loss: 0.6269838213920593
[DEBUG] 2025-12-10 21:07:28,400 - model.dqn - Training loss: 0.9203979969024658
[DEBUG] 2025-12-10 21:07:28,694 - model.dqn - Training loss: 0.21613867580890656
[DEBUG] 2025-12-10 21:07:28,982 - model.dqn - Training loss: 0.8325927257537842
[DEBUG] 2025-12-10 21:07:29,277 - model.dqn - Training loss: 0.7730262279510498
[DEBUG] 2025-12-10 21:07:29,569 - model.dqn - Training loss: 0.9957966208457947
[DEBUG] 2025-12-10 21:07:29,865 - model.dqn - Training loss: 1.1732898950576782
[DEBUG] 2025-12-10 21:07:30,159 - model.dqn - Training loss: 0.9711402654647827
[DEBUG] 2025-12-10 21:07:30,454 - model.dqn - Training loss: 0.7935097813606262
[DEBUG] 2025-12-10 21:07:30,747 - model.dqn - Training loss: 0.8922550678253174
[DEBUG] 2025-12-10 21:07:31,035 - model.dqn - Training loss: 0.8507446050643921
[DEBUG] 2025-12-10 21:07:31,342 - model.dqn - Training loss: 0.8314915299415588
[INFO] 2025-12-10 21:07:31,342 - main - Training completed. Move to evaluation phase.
[INFO] 2025-12-10 21:07:31,343 - verifier.verifier - Evaluation for protocol <atomic_commit> completed.
[INFO] 2025-12-10 21:07:31,343 - verifier.verifier - Setting: players=4, rounds=2
[INFO] 2025-12-10 21:07:31,343 - verifier.verifier - Result: 1 failed cases out of 1 total cases.
[INFO] 2025-12-10 21:07:31,343 - verifier.verifier - Accumulated reward: -4
[INFO] 2025-12-10 21:07:31,343 - main - Epoch 31/100, training on 1 failed cases from last evaluation.
[DEBUG] 2025-12-10 21:07:31,641 - model.dqn - Training loss: 0.9954473972320557
[DEBUG] 2025-12-10 21:07:31,932 - model.dqn - Training loss: 0.9503141641616821
[DEBUG] 2025-12-10 21:07:32,220 - model.dqn - Training loss: 0.5587409734725952
[DEBUG] 2025-12-10 21:07:32,505 - model.dqn - Training loss: 0.7274020910263062
[DEBUG] 2025-12-10 21:07:32,787 - model.dqn - Training loss: 0.5789405703544617
[DEBUG] 2025-12-10 21:07:33,068 - model.dqn - Training loss: 0.6143057942390442
[DEBUG] 2025-12-10 21:07:33,353 - model.dqn - Training loss: 0.5883301496505737
[DEBUG] 2025-12-10 21:07:33,636 - model.dqn - Training loss: 0.7055582404136658
[DEBUG] 2025-12-10 21:07:33,923 - model.dqn - Training loss: 0.8893182277679443
[DEBUG] 2025-12-10 21:07:34,207 - model.dqn - Training loss: 0.8089619278907776
[DEBUG] 2025-12-10 21:07:34,551 - model.dqn - Training loss: 0.9433277249336243
[DEBUG] 2025-12-10 21:07:34,839 - model.dqn - Training loss: 0.9496806859970093
[DEBUG] 2025-12-10 21:07:35,128 - model.dqn - Training loss: 0.6265798807144165
[DEBUG] 2025-12-10 21:07:35,412 - model.dqn - Training loss: 1.3715733289718628
[DEBUG] 2025-12-10 21:07:35,707 - model.dqn - Training loss: 0.7630959749221802
[DEBUG] 2025-12-10 21:07:36,004 - model.dqn - Training loss: 0.6715255975723267
[DEBUG] 2025-12-10 21:07:36,296 - model.dqn - Training loss: 0.6245521306991577
[DEBUG] 2025-12-10 21:07:36,595 - model.dqn - Training loss: 0.6500393152236938
[DEBUG] 2025-12-10 21:07:36,919 - model.dqn - Training loss: 0.8299799561500549
[DEBUG] 2025-12-10 21:07:37,215 - model.dqn - Training loss: 0.89028400182724
[DEBUG] 2025-12-10 21:07:37,514 - model.dqn - Training loss: 0.9570947289466858
[DEBUG] 2025-12-10 21:07:37,810 - model.dqn - Training loss: 0.9993966221809387
[DEBUG] 2025-12-10 21:07:38,097 - model.dqn - Training loss: 0.828536868095398
[DEBUG] 2025-12-10 21:07:38,388 - model.dqn - Training loss: 0.6719766855239868
[DEBUG] 2025-12-10 21:07:38,674 - model.dqn - Training loss: 0.6773190498352051
[DEBUG] 2025-12-10 21:07:38,956 - model.dqn - Training loss: 1.2700378894805908
[DEBUG] 2025-12-10 21:07:39,240 - model.dqn - Training loss: 1.2946271896362305
[DEBUG] 2025-12-10 21:07:39,522 - model.dqn - Training loss: 0.9400678277015686
[DEBUG] 2025-12-10 21:07:39,803 - model.dqn - Training loss: 1.0827713012695312
[DEBUG] 2025-12-10 21:07:40,099 - model.dqn - Training loss: 1.2812190055847168
[DEBUG] 2025-12-10 21:07:40,437 - model.dqn - Training loss: 0.7753480672836304
[DEBUG] 2025-12-10 21:07:40,743 - model.dqn - Training loss: 0.8673581480979919
[DEBUG] 2025-12-10 21:07:41,063 - model.dqn - Training loss: 1.26567804813385
[DEBUG] 2025-12-10 21:07:41,370 - model.dqn - Training loss: 0.8650968074798584
[DEBUG] 2025-12-10 21:07:41,695 - model.dqn - Training loss: 0.840297520160675
[DEBUG] 2025-12-10 21:07:42,023 - model.dqn - Training loss: 1.2273143529891968
[DEBUG] 2025-12-10 21:07:42,350 - model.dqn - Training loss: 0.6563887000083923
[DEBUG] 2025-12-10 21:07:42,687 - model.dqn - Training loss: 0.7735499143600464
[DEBUG] 2025-12-10 21:07:43,008 - model.dqn - Training loss: 0.837749183177948
[DEBUG] 2025-12-10 21:07:43,418 - model.dqn - Training loss: 0.9068090319633484
[DEBUG] 2025-12-10 21:07:43,852 - model.dqn - Training loss: 0.9358299374580383
[DEBUG] 2025-12-10 21:07:44,242 - model.dqn - Training loss: 0.55743008852005
[DEBUG] 2025-12-10 21:07:44,589 - model.dqn - Training loss: 0.7523293495178223
[DEBUG] 2025-12-10 21:07:45,002 - model.dqn - Training loss: 1.2073829174041748
[DEBUG] 2025-12-10 21:07:45,405 - model.dqn - Training loss: 1.1377625465393066
[DEBUG] 2025-12-10 21:07:45,741 - model.dqn - Training loss: 1.0267250537872314
[DEBUG] 2025-12-10 21:07:46,060 - model.dqn - Training loss: 1.0500702857971191
[DEBUG] 2025-12-10 21:07:46,350 - model.dqn - Training loss: 0.8879575133323669
[DEBUG] 2025-12-10 21:07:46,631 - model.dqn - Training loss: 1.0724190473556519
[DEBUG] 2025-12-10 21:07:46,914 - model.dqn - Training loss: 1.1151796579360962
[DEBUG] 2025-12-10 21:07:47,190 - model.dqn - Training loss: 0.8140431642532349
[DEBUG] 2025-12-10 21:07:47,469 - model.dqn - Training loss: 0.6962974667549133
[DEBUG] 2025-12-10 21:07:47,747 - model.dqn - Training loss: 1.105964183807373
[DEBUG] 2025-12-10 21:07:48,026 - model.dqn - Training loss: 0.9108631014823914
[DEBUG] 2025-12-10 21:07:48,308 - model.dqn - Training loss: 1.086646318435669
[DEBUG] 2025-12-10 21:07:48,585 - model.dqn - Training loss: 1.054947853088379
[DEBUG] 2025-12-10 21:07:48,863 - model.dqn - Training loss: 0.6997230648994446
[DEBUG] 2025-12-10 21:07:49,157 - model.dqn - Training loss: 1.0531140565872192
[DEBUG] 2025-12-10 21:07:49,452 - model.dqn - Training loss: 0.9190883636474609
[DEBUG] 2025-12-10 21:07:49,737 - model.dqn - Training loss: 1.3336583375930786
[DEBUG] 2025-12-10 21:07:50,022 - model.dqn - Training loss: 1.0013476610183716
[DEBUG] 2025-12-10 21:07:50,308 - model.dqn - Training loss: 1.3359686136245728
[DEBUG] 2025-12-10 21:07:50,588 - model.dqn - Training loss: 0.8086720705032349
[DEBUG] 2025-12-10 21:07:50,869 - model.dqn - Training loss: 1.227847933769226
[DEBUG] 2025-12-10 21:07:51,146 - model.dqn - Training loss: 0.7707681059837341
[DEBUG] 2025-12-10 21:07:51,426 - model.dqn - Training loss: 1.1071903705596924
[DEBUG] 2025-12-10 21:07:51,711 - model.dqn - Training loss: 1.0840308666229248
[DEBUG] 2025-12-10 21:07:51,988 - model.dqn - Training loss: 0.8716199398040771
[DEBUG] 2025-12-10 21:07:52,270 - model.dqn - Training loss: 0.8101023435592651
[DEBUG] 2025-12-10 21:07:52,549 - model.dqn - Training loss: 0.9553444385528564
[DEBUG] 2025-12-10 21:07:52,828 - model.dqn - Training loss: 0.998823344707489
[DEBUG] 2025-12-10 21:07:53,109 - model.dqn - Training loss: 1.3961735963821411
[DEBUG] 2025-12-10 21:07:53,387 - model.dqn - Training loss: 0.7281850576400757
[DEBUG] 2025-12-10 21:07:53,664 - model.dqn - Training loss: 0.8006753325462341
[DEBUG] 2025-12-10 21:07:53,939 - model.dqn - Training loss: 0.9206996560096741
[DEBUG] 2025-12-10 21:07:54,216 - model.dqn - Training loss: 1.7152392864227295
[DEBUG] 2025-12-10 21:07:54,494 - model.dqn - Training loss: 1.1322778463363647
[DEBUG] 2025-12-10 21:07:54,777 - model.dqn - Training loss: 1.1480838060379028
[DEBUG] 2025-12-10 21:07:55,055 - model.dqn - Training loss: 1.2409189939498901
[DEBUG] 2025-12-10 21:07:55,337 - model.dqn - Training loss: 0.9855262637138367
[DEBUG] 2025-12-10 21:07:55,617 - model.dqn - Training loss: 0.9514040350914001
[DEBUG] 2025-12-10 21:07:55,893 - model.dqn - Training loss: 1.2222265005111694
[DEBUG] 2025-12-10 21:07:56,180 - model.dqn - Training loss: 1.030914068222046
[DEBUG] 2025-12-10 21:07:56,463 - model.dqn - Training loss: 0.8421570062637329
[DEBUG] 2025-12-10 21:07:56,744 - model.dqn - Training loss: 0.8810944557189941
[DEBUG] 2025-12-10 21:07:57,028 - model.dqn - Training loss: 0.9405072927474976
[DEBUG] 2025-12-10 21:07:57,307 - model.dqn - Training loss: 1.0396411418914795
[DEBUG] 2025-12-10 21:07:57,598 - model.dqn - Training loss: 1.401594877243042
[DEBUG] 2025-12-10 21:07:57,875 - model.dqn - Training loss: 1.292500615119934
[DEBUG] 2025-12-10 21:07:58,157 - model.dqn - Training loss: 1.048006296157837
[DEBUG] 2025-12-10 21:07:58,443 - model.dqn - Training loss: 0.9601721167564392
[DEBUG] 2025-12-10 21:07:58,725 - model.dqn - Training loss: 0.8403934836387634
[DEBUG] 2025-12-10 21:07:59,007 - model.dqn - Training loss: 1.1980661153793335
[DEBUG] 2025-12-10 21:07:59,288 - model.dqn - Training loss: 1.2240532636642456
[DEBUG] 2025-12-10 21:07:59,595 - model.dqn - Training loss: 0.9013766050338745
[DEBUG] 2025-12-10 21:07:59,886 - model.dqn - Training loss: 0.7716386318206787
[DEBUG] 2025-12-10 21:08:00,188 - model.dqn - Training loss: 0.9937554597854614
[DEBUG] 2025-12-10 21:08:00,471 - model.dqn - Training loss: 1.1539231538772583
[DEBUG] 2025-12-10 21:08:00,755 - model.dqn - Training loss: 1.135725498199463
[DEBUG] 2025-12-10 21:08:01,051 - model.dqn - Training loss: 0.804705023765564
[INFO] 2025-12-10 21:08:01,051 - main - Training completed. Move to evaluation phase.
[INFO] 2025-12-10 21:08:01,052 - verifier.verifier - Evaluation for protocol <atomic_commit> completed.
[INFO] 2025-12-10 21:08:01,052 - verifier.verifier - Setting: players=4, rounds=2
[INFO] 2025-12-10 21:08:01,052 - verifier.verifier - Result: 0 failed cases out of 1 total cases.
[INFO] 2025-12-10 21:08:01,052 - verifier.verifier - Accumulated reward: 2
[INFO] 2025-12-10 21:08:01,052 - main - All failed cases passed verification!
[INFO] 2025-12-10 21:08:01,052 - main - Move to final evaluation on all inputs.
[INFO] 2025-12-10 21:08:01,099 - verifier.verifier - Evaluation for protocol <atomic_commit> completed.
[INFO] 2025-12-10 21:08:01,100 - verifier.verifier - Setting: players=4, rounds=2
[INFO] 2025-12-10 21:08:01,100 - verifier.verifier - Result: 35 failed cases out of 69 total cases.
[INFO] 2025-12-10 21:08:01,100 - verifier.verifier - Accumulated reward: -104
[INFO] 2025-12-10 21:08:01,100 - main - 35 failed cases remain after final evaluation.
[INFO] 2025-12-10 21:08:01,100 - main - Epoch 32/100, training on 35 failed cases from last evaluation.
[DEBUG] 2025-12-10 21:08:01,393 - model.dqn - Training loss: 1.1870397329330444
[DEBUG] 2025-12-10 21:08:01,684 - model.dqn - Training loss: 1.4450279474258423
[DEBUG] 2025-12-10 21:08:01,965 - model.dqn - Training loss: 1.1176599264144897
[DEBUG] 2025-12-10 21:08:02,274 - model.dqn - Training loss: 1.5111390352249146
[DEBUG] 2025-12-10 21:08:02,560 - model.dqn - Training loss: 1.5990608930587769
[DEBUG] 2025-12-10 21:08:02,842 - model.dqn - Training loss: 1.4407947063446045
[DEBUG] 2025-12-10 21:08:03,150 - model.dqn - Training loss: 1.1939350366592407
[DEBUG] 2025-12-10 21:08:03,430 - model.dqn - Training loss: 1.6111178398132324
[DEBUG] 2025-12-10 21:08:03,707 - model.dqn - Training loss: 1.2490687370300293
[DEBUG] 2025-12-10 21:08:03,988 - model.dqn - Training loss: 1.8486533164978027
[DEBUG] 2025-12-10 21:08:04,272 - model.dqn - Training loss: 1.0323377847671509
[DEBUG] 2025-12-10 21:08:04,562 - model.dqn - Training loss: 1.3553169965744019
[DEBUG] 2025-12-10 21:08:04,851 - model.dqn - Training loss: 1.1978400945663452
[DEBUG] 2025-12-10 21:08:05,132 - model.dqn - Training loss: 1.1639044284820557
[DEBUG] 2025-12-10 21:08:05,422 - model.dqn - Training loss: 1.267651915550232
[DEBUG] 2025-12-10 21:08:05,705 - model.dqn - Training loss: 1.354735016822815
[DEBUG] 2025-12-10 21:08:05,985 - model.dqn - Training loss: 1.004874587059021
[DEBUG] 2025-12-10 21:08:06,278 - model.dqn - Training loss: 1.5619901418685913
[DEBUG] 2025-12-10 21:08:06,567 - model.dqn - Training loss: 1.309085488319397
[DEBUG] 2025-12-10 21:08:06,855 - model.dqn - Training loss: 1.5250529050827026
[DEBUG] 2025-12-10 21:08:07,140 - model.dqn - Training loss: 1.484061598777771
[DEBUG] 2025-12-10 21:08:07,424 - model.dqn - Training loss: 1.4441810846328735
[DEBUG] 2025-12-10 21:08:07,715 - model.dqn - Training loss: 1.3110566139221191
[DEBUG] 2025-12-10 21:08:08,001 - model.dqn - Training loss: 1.2276134490966797
[DEBUG] 2025-12-10 21:08:08,291 - model.dqn - Training loss: 1.101951241493225
[DEBUG] 2025-12-10 21:08:08,577 - model.dqn - Training loss: 1.8577163219451904
[DEBUG] 2025-12-10 21:08:08,871 - model.dqn - Training loss: 1.6490103006362915
[DEBUG] 2025-12-10 21:08:09,216 - model.dqn - Training loss: 1.3361512422561646
[DEBUG] 2025-12-10 21:08:09,511 - model.dqn - Training loss: 1.2743815183639526
[DEBUG] 2025-12-10 21:08:09,808 - model.dqn - Training loss: 1.6932473182678223
[DEBUG] 2025-12-10 21:08:10,099 - model.dqn - Training loss: 1.8703621625900269
[DEBUG] 2025-12-10 21:08:10,393 - model.dqn - Training loss: 1.3117763996124268
[DEBUG] 2025-12-10 21:08:10,685 - model.dqn - Training loss: 1.356736421585083
[DEBUG] 2025-12-10 21:08:10,975 - model.dqn - Training loss: 1.102935552597046
[DEBUG] 2025-12-10 21:08:11,265 - model.dqn - Training loss: 1.4027594327926636
[DEBUG] 2025-12-10 21:08:11,553 - model.dqn - Training loss: 1.3128840923309326
[DEBUG] 2025-12-10 21:08:11,864 - model.dqn - Training loss: 2.015092372894287
[DEBUG] 2025-12-10 21:08:12,160 - model.dqn - Training loss: 1.8334472179412842
[DEBUG] 2025-12-10 21:08:12,447 - model.dqn - Training loss: 1.4065312147140503
[DEBUG] 2025-12-10 21:08:12,735 - model.dqn - Training loss: 1.603269100189209
[DEBUG] 2025-12-10 21:08:13,025 - model.dqn - Training loss: 1.3423985242843628
[DEBUG] 2025-12-10 21:08:13,318 - model.dqn - Training loss: 1.4235373735427856
[DEBUG] 2025-12-10 21:08:13,608 - model.dqn - Training loss: 1.3070616722106934
[DEBUG] 2025-12-10 21:08:13,895 - model.dqn - Training loss: 1.777659296989441
[DEBUG] 2025-12-10 21:08:14,183 - model.dqn - Training loss: 1.5704560279846191
[DEBUG] 2025-12-10 21:08:14,472 - model.dqn - Training loss: 1.4226235151290894
[DEBUG] 2025-12-10 21:08:14,762 - model.dqn - Training loss: 1.1937472820281982
[DEBUG] 2025-12-10 21:08:15,050 - model.dqn - Training loss: 1.885311245918274
[DEBUG] 2025-12-10 21:08:15,332 - model.dqn - Training loss: 1.706719160079956
[DEBUG] 2025-12-10 21:08:15,628 - model.dqn - Training loss: 1.4867160320281982
[DEBUG] 2025-12-10 21:08:15,919 - model.dqn - Training loss: 1.6361184120178223
[DEBUG] 2025-12-10 21:08:16,201 - model.dqn - Training loss: 1.5232748985290527
[DEBUG] 2025-12-10 21:08:16,486 - model.dqn - Training loss: 1.3757013082504272
[DEBUG] 2025-12-10 21:08:16,778 - model.dqn - Training loss: 1.4360418319702148
[DEBUG] 2025-12-10 21:08:17,070 - model.dqn - Training loss: 1.2145323753356934
[DEBUG] 2025-12-10 21:08:17,412 - model.dqn - Training loss: 1.8164082765579224
[DEBUG] 2025-12-10 21:08:17,698 - model.dqn - Training loss: 1.3509563207626343
[DEBUG] 2025-12-10 21:08:17,983 - model.dqn - Training loss: 1.584822177886963
[DEBUG] 2025-12-10 21:08:18,269 - model.dqn - Training loss: 1.081799030303955
[DEBUG] 2025-12-10 21:08:18,562 - model.dqn - Training loss: 2.075761318206787
[DEBUG] 2025-12-10 21:08:18,848 - model.dqn - Training loss: 1.6853525638580322
[DEBUG] 2025-12-10 21:08:19,134 - model.dqn - Training loss: 1.857340931892395
[DEBUG] 2025-12-10 21:08:19,419 - model.dqn - Training loss: 1.5495326519012451
[DEBUG] 2025-12-10 21:08:19,701 - model.dqn - Training loss: 1.5793360471725464
[DEBUG] 2025-12-10 21:08:19,998 - model.dqn - Training loss: 1.8373593091964722
[DEBUG] 2025-12-10 21:08:20,300 - model.dqn - Training loss: 1.3234491348266602
[DEBUG] 2025-12-10 21:08:20,594 - model.dqn - Training loss: 1.6781560182571411
[DEBUG] 2025-12-10 21:08:20,892 - model.dqn - Training loss: 1.7146352529525757
[DEBUG] 2025-12-10 21:08:21,184 - model.dqn - Training loss: 1.7068307399749756
[DEBUG] 2025-12-10 21:08:21,490 - model.dqn - Training loss: 1.173361897468567
[DEBUG] 2025-12-10 21:08:21,795 - model.dqn - Training loss: 1.8642858266830444
[DEBUG] 2025-12-10 21:08:22,094 - model.dqn - Training loss: 1.783672571182251
[DEBUG] 2025-12-10 21:08:22,389 - model.dqn - Training loss: 1.52488112449646
[DEBUG] 2025-12-10 21:08:22,681 - model.dqn - Training loss: 1.7004095315933228
[DEBUG] 2025-12-10 21:08:22,968 - model.dqn - Training loss: 1.4873961210250854
[DEBUG] 2025-12-10 21:08:23,258 - model.dqn - Training loss: 1.7923181056976318
[DEBUG] 2025-12-10 21:08:23,550 - model.dqn - Training loss: 1.9019826650619507
[DEBUG] 2025-12-10 21:08:23,840 - model.dqn - Training loss: 1.7297009229660034
[DEBUG] 2025-12-10 21:08:24,127 - model.dqn - Training loss: 1.2360132932662964
[DEBUG] 2025-12-10 21:08:24,475 - model.dqn - Training loss: 1.8300347328186035
[DEBUG] 2025-12-10 21:08:24,766 - model.dqn - Training loss: 1.0856417417526245
[DEBUG] 2025-12-10 21:08:25,058 - model.dqn - Training loss: 1.8012924194335938
[DEBUG] 2025-12-10 21:08:25,345 - model.dqn - Training loss: 1.5398374795913696
[DEBUG] 2025-12-10 21:08:25,632 - model.dqn - Training loss: 1.360550045967102
[DEBUG] 2025-12-10 21:08:25,922 - model.dqn - Training loss: 1.5718415975570679
[DEBUG] 2025-12-10 21:08:26,220 - model.dqn - Training loss: 1.7147839069366455
[DEBUG] 2025-12-10 21:08:26,517 - model.dqn - Training loss: 1.9307291507720947
[DEBUG] 2025-12-10 21:08:26,806 - model.dqn - Training loss: 1.5343995094299316
[DEBUG] 2025-12-10 21:08:27,091 - model.dqn - Training loss: 1.7144535779953003
[DEBUG] 2025-12-10 21:08:27,372 - model.dqn - Training loss: 1.9588711261749268
[DEBUG] 2025-12-10 21:08:27,652 - model.dqn - Training loss: 1.3468480110168457
[DEBUG] 2025-12-10 21:08:27,933 - model.dqn - Training loss: 1.8180526494979858
[DEBUG] 2025-12-10 21:08:28,212 - model.dqn - Training loss: 1.6505975723266602
[DEBUG] 2025-12-10 21:08:28,501 - model.dqn - Training loss: 1.973700761795044
[DEBUG] 2025-12-10 21:08:28,779 - model.dqn - Training loss: 0.9723269939422607
[DEBUG] 2025-12-10 21:08:29,062 - model.dqn - Training loss: 2.0449490547180176
[DEBUG] 2025-12-10 21:08:29,351 - model.dqn - Training loss: 1.4376304149627686
[DEBUG] 2025-12-10 21:08:29,635 - model.dqn - Training loss: 1.2409694194793701
[DEBUG] 2025-12-10 21:08:29,920 - model.dqn - Training loss: 1.5843759775161743
[DEBUG] 2025-12-10 21:08:30,205 - model.dqn - Training loss: 1.8034148216247559
[INFO] 2025-12-10 21:08:30,206 - main - Training completed. Move to evaluation phase.
[INFO] 2025-12-10 21:08:30,230 - verifier.verifier - Evaluation for protocol <atomic_commit> completed.
[INFO] 2025-12-10 21:08:30,230 - verifier.verifier - Setting: players=4, rounds=2
[INFO] 2025-12-10 21:08:30,230 - verifier.verifier - Result: 35 failed cases out of 35 total cases.
[INFO] 2025-12-10 21:08:30,230 - verifier.verifier - Accumulated reward: -140
[INFO] 2025-12-10 21:08:30,230 - main - Epoch 33/100, training on 35 failed cases from last evaluation.
[DEBUG] 2025-12-10 21:08:30,513 - model.dqn - Training loss: 1.5059677362442017
[DEBUG] 2025-12-10 21:08:30,796 - model.dqn - Training loss: 1.3479028940200806
[DEBUG] 2025-12-10 21:08:31,077 - model.dqn - Training loss: 1.7007688283920288
[DEBUG] 2025-12-10 21:08:31,354 - model.dqn - Training loss: 1.720278263092041
[DEBUG] 2025-12-10 21:08:31,635 - model.dqn - Training loss: 1.5192818641662598
[DEBUG] 2025-12-10 21:08:31,919 - model.dqn - Training loss: 1.1232295036315918
[DEBUG] 2025-12-10 21:08:32,222 - model.dqn - Training loss: 1.5457695722579956
[DEBUG] 2025-12-10 21:08:32,517 - model.dqn - Training loss: 1.6512994766235352
[DEBUG] 2025-12-10 21:08:32,804 - model.dqn - Training loss: 1.3633451461791992
[DEBUG] 2025-12-10 21:08:33,094 - model.dqn - Training loss: 1.3742969036102295
[DEBUG] 2025-12-10 21:08:33,377 - model.dqn - Training loss: 1.788562536239624
[DEBUG] 2025-12-10 21:08:33,664 - model.dqn - Training loss: 1.093009352684021
[DEBUG] 2025-12-10 21:08:33,949 - model.dqn - Training loss: 1.5982624292373657
[DEBUG] 2025-12-10 21:08:34,226 - model.dqn - Training loss: 1.7905876636505127
[DEBUG] 2025-12-10 21:08:34,508 - model.dqn - Training loss: 1.6397703886032104
[DEBUG] 2025-12-10 21:08:34,791 - model.dqn - Training loss: 1.5667473077774048
[DEBUG] 2025-12-10 21:08:35,072 - model.dqn - Training loss: 1.5800879001617432
[DEBUG] 2025-12-10 21:08:35,358 - model.dqn - Training loss: 1.464274287223816
[DEBUG] 2025-12-10 21:08:35,641 - model.dqn - Training loss: 1.1342211961746216
[DEBUG] 2025-12-10 21:08:35,930 - model.dqn - Training loss: 1.33536958694458
[DEBUG] 2025-12-10 21:08:36,221 - model.dqn - Training loss: 1.1418380737304688
[DEBUG] 2025-12-10 21:08:36,520 - model.dqn - Training loss: 1.2814966440200806
[DEBUG] 2025-12-10 21:08:36,814 - model.dqn - Training loss: 1.4384591579437256
[DEBUG] 2025-12-10 21:08:37,108 - model.dqn - Training loss: 1.6100846529006958
[DEBUG] 2025-12-10 21:08:37,408 - model.dqn - Training loss: 1.4334123134613037
[DEBUG] 2025-12-10 21:08:37,703 - model.dqn - Training loss: 1.3308171033859253
[DEBUG] 2025-12-10 21:08:37,993 - model.dqn - Training loss: 1.9729769229888916
[DEBUG] 2025-12-10 21:08:38,296 - model.dqn - Training loss: 1.2326161861419678
[DEBUG] 2025-12-10 21:08:38,586 - model.dqn - Training loss: 1.3634487390518188
[DEBUG] 2025-12-10 21:08:38,876 - model.dqn - Training loss: 1.2674925327301025
[DEBUG] 2025-12-10 21:08:39,161 - model.dqn - Training loss: 1.438471794128418
[DEBUG] 2025-12-10 21:08:39,443 - model.dqn - Training loss: 1.73353910446167
[DEBUG] 2025-12-10 21:08:39,725 - model.dqn - Training loss: 1.4670988321304321
[DEBUG] 2025-12-10 21:08:40,028 - model.dqn - Training loss: 1.0088655948638916
[DEBUG] 2025-12-10 21:08:40,312 - model.dqn - Training loss: 1.3776739835739136
[DEBUG] 2025-12-10 21:08:40,598 - model.dqn - Training loss: 1.1303024291992188
[DEBUG] 2025-12-10 21:08:40,880 - model.dqn - Training loss: 1.4186139106750488
[DEBUG] 2025-12-10 21:08:41,165 - model.dqn - Training loss: 1.5465264320373535
[DEBUG] 2025-12-10 21:08:41,449 - model.dqn - Training loss: 1.2294553518295288
[DEBUG] 2025-12-10 21:08:41,736 - model.dqn - Training loss: 0.9352790117263794
[DEBUG] 2025-12-10 21:08:42,028 - model.dqn - Training loss: 0.9792364835739136
[DEBUG] 2025-12-10 21:08:42,318 - model.dqn - Training loss: 1.4564286470413208
[DEBUG] 2025-12-10 21:08:42,605 - model.dqn - Training loss: 0.9636068344116211
[DEBUG] 2025-12-10 21:08:42,891 - model.dqn - Training loss: 1.3624327182769775
[DEBUG] 2025-12-10 21:08:43,173 - model.dqn - Training loss: 0.788982093334198
[DEBUG] 2025-12-10 21:08:43,453 - model.dqn - Training loss: 1.1791704893112183
[DEBUG] 2025-12-10 21:08:43,735 - model.dqn - Training loss: 1.1509394645690918
[DEBUG] 2025-12-10 21:08:44,028 - model.dqn - Training loss: 1.5368667840957642
[DEBUG] 2025-12-10 21:08:44,323 - model.dqn - Training loss: 1.22877836227417
[DEBUG] 2025-12-10 21:08:44,617 - model.dqn - Training loss: 0.8012382388114929
[DEBUG] 2025-12-10 21:08:44,910 - model.dqn - Training loss: 0.9251375198364258
[DEBUG] 2025-12-10 21:08:45,212 - model.dqn - Training loss: 0.9096969962120056
[DEBUG] 2025-12-10 21:08:45,521 - model.dqn - Training loss: 1.1181554794311523
[DEBUG] 2025-12-10 21:08:45,826 - model.dqn - Training loss: 1.1862022876739502
[DEBUG] 2025-12-10 21:08:46,123 - model.dqn - Training loss: 1.4864485263824463
[DEBUG] 2025-12-10 21:08:46,417 - model.dqn - Training loss: 1.3497018814086914
[DEBUG] 2025-12-10 21:08:46,705 - model.dqn - Training loss: 0.48890918493270874
[DEBUG] 2025-12-10 21:08:46,987 - model.dqn - Training loss: 0.7571730613708496
[DEBUG] 2025-12-10 21:08:47,274 - model.dqn - Training loss: 0.9545748829841614
[DEBUG] 2025-12-10 21:08:47,558 - model.dqn - Training loss: 1.1031934022903442
[DEBUG] 2025-12-10 21:08:47,845 - model.dqn - Training loss: 1.5256707668304443
[DEBUG] 2025-12-10 21:08:48,140 - model.dqn - Training loss: 0.7782073020935059
[DEBUG] 2025-12-10 21:08:48,431 - model.dqn - Training loss: 0.702728807926178
[DEBUG] 2025-12-10 21:08:48,723 - model.dqn - Training loss: 0.703541100025177
[DEBUG] 2025-12-10 21:08:49,004 - model.dqn - Training loss: 1.0015469789505005
[DEBUG] 2025-12-10 21:08:49,287 - model.dqn - Training loss: 0.8412060737609863
[DEBUG] 2025-12-10 21:08:49,570 - model.dqn - Training loss: 0.9532278180122375
[DEBUG] 2025-12-10 21:08:49,855 - model.dqn - Training loss: 0.8199198842048645
[DEBUG] 2025-12-10 21:08:50,136 - model.dqn - Training loss: 1.0279823541641235
[DEBUG] 2025-12-10 21:08:50,421 - model.dqn - Training loss: 0.9120021462440491
[DEBUG] 2025-12-10 21:08:50,703 - model.dqn - Training loss: 0.8678557276725769
[DEBUG] 2025-12-10 21:08:50,989 - model.dqn - Training loss: 0.7887477278709412
[DEBUG] 2025-12-10 21:08:51,272 - model.dqn - Training loss: 0.9892979860305786
[DEBUG] 2025-12-10 21:08:51,553 - model.dqn - Training loss: 0.7525333166122437
[DEBUG] 2025-12-10 21:08:51,832 - model.dqn - Training loss: 0.8258295655250549
[DEBUG] 2025-12-10 21:08:52,112 - model.dqn - Training loss: 0.9424598813056946
[DEBUG] 2025-12-10 21:08:52,395 - model.dqn - Training loss: 0.8487864136695862
[DEBUG] 2025-12-10 21:08:52,677 - model.dqn - Training loss: 0.7988386154174805
[DEBUG] 2025-12-10 21:08:52,954 - model.dqn - Training loss: 1.3394358158111572
[DEBUG] 2025-12-10 21:08:53,235 - model.dqn - Training loss: 1.1486881971359253
[DEBUG] 2025-12-10 21:08:53,519 - model.dqn - Training loss: 1.496714472770691
[DEBUG] 2025-12-10 21:08:53,800 - model.dqn - Training loss: 1.5859456062316895
[DEBUG] 2025-12-10 21:08:54,081 - model.dqn - Training loss: 0.7759920358657837
[DEBUG] 2025-12-10 21:08:54,365 - model.dqn - Training loss: 0.8686291575431824
[DEBUG] 2025-12-10 21:08:54,645 - model.dqn - Training loss: 0.840371310710907
[DEBUG] 2025-12-10 21:08:54,925 - model.dqn - Training loss: 1.2092992067337036
[DEBUG] 2025-12-10 21:08:55,206 - model.dqn - Training loss: 0.4333213269710541
[DEBUG] 2025-12-10 21:08:55,485 - model.dqn - Training loss: 0.9226800799369812
[DEBUG] 2025-12-10 21:08:55,762 - model.dqn - Training loss: 1.2880483865737915
[DEBUG] 2025-12-10 21:08:56,045 - model.dqn - Training loss: 0.967819333076477
[DEBUG] 2025-12-10 21:08:56,329 - model.dqn - Training loss: 0.9356303811073303
[DEBUG] 2025-12-10 21:08:56,612 - model.dqn - Training loss: 0.6668773293495178
[DEBUG] 2025-12-10 21:08:56,893 - model.dqn - Training loss: 0.6920052170753479
[DEBUG] 2025-12-10 21:08:57,172 - model.dqn - Training loss: 0.8883878588676453
[DEBUG] 2025-12-10 21:08:57,451 - model.dqn - Training loss: 1.0214811563491821
[DEBUG] 2025-12-10 21:08:57,732 - model.dqn - Training loss: 0.4910846948623657
[DEBUG] 2025-12-10 21:08:58,010 - model.dqn - Training loss: 0.7631754875183105
[DEBUG] 2025-12-10 21:08:58,290 - model.dqn - Training loss: 0.9721457958221436
[DEBUG] 2025-12-10 21:08:58,574 - model.dqn - Training loss: 0.6263858675956726
[DEBUG] 2025-12-10 21:08:58,858 - model.dqn - Training loss: 0.926429271697998
[INFO] 2025-12-10 21:08:58,858 - main - Training completed. Move to evaluation phase.
[INFO] 2025-12-10 21:08:58,883 - verifier.verifier - Evaluation for protocol <atomic_commit> completed.
[INFO] 2025-12-10 21:08:58,883 - verifier.verifier - Setting: players=4, rounds=2
[INFO] 2025-12-10 21:08:58,883 - verifier.verifier - Result: 35 failed cases out of 35 total cases.
[INFO] 2025-12-10 21:08:58,883 - verifier.verifier - Accumulated reward: -140
[INFO] 2025-12-10 21:08:58,883 - main - Epoch 34/100, training on 35 failed cases from last evaluation.
[DEBUG] 2025-12-10 21:08:59,164 - model.dqn - Training loss: 0.8408427238464355
[DEBUG] 2025-12-10 21:08:59,447 - model.dqn - Training loss: 0.7973429560661316
[DEBUG] 2025-12-10 21:08:59,732 - model.dqn - Training loss: 1.1471577882766724
[DEBUG] 2025-12-10 21:09:00,016 - model.dqn - Training loss: 0.35492995381355286
[DEBUG] 2025-12-10 21:09:00,303 - model.dqn - Training loss: 0.6072802543640137
[DEBUG] 2025-12-10 21:09:00,584 - model.dqn - Training loss: 0.572425365447998
[DEBUG] 2025-12-10 21:09:00,869 - model.dqn - Training loss: 0.7523401975631714
[DEBUG] 2025-12-10 21:09:01,152 - model.dqn - Training loss: 0.8281822800636292
[DEBUG] 2025-12-10 21:09:01,440 - model.dqn - Training loss: 0.5590130090713501
[DEBUG] 2025-12-10 21:09:01,726 - model.dqn - Training loss: 0.5516456365585327
[DEBUG] 2025-12-10 21:09:02,009 - model.dqn - Training loss: 0.939390242099762
[DEBUG] 2025-12-10 21:09:02,292 - model.dqn - Training loss: 1.1344900131225586
[DEBUG] 2025-12-10 21:09:02,576 - model.dqn - Training loss: 0.7197572588920593
[DEBUG] 2025-12-10 21:09:02,863 - model.dqn - Training loss: 1.1766034364700317
[DEBUG] 2025-12-10 21:09:03,146 - model.dqn - Training loss: 0.9257611632347107
[DEBUG] 2025-12-10 21:09:03,429 - model.dqn - Training loss: 0.2368776798248291
[DEBUG] 2025-12-10 21:09:03,714 - model.dqn - Training loss: 0.8029511570930481
[DEBUG] 2025-12-10 21:09:03,997 - model.dqn - Training loss: 0.6906722784042358
[DEBUG] 2025-12-10 21:09:04,283 - model.dqn - Training loss: 0.782569944858551
[DEBUG] 2025-12-10 21:09:04,568 - model.dqn - Training loss: 0.5090188980102539
[DEBUG] 2025-12-10 21:09:04,849 - model.dqn - Training loss: 0.8688298463821411
[DEBUG] 2025-12-10 21:09:05,131 - model.dqn - Training loss: 0.6877350211143494
[DEBUG] 2025-12-10 21:09:05,414 - model.dqn - Training loss: 0.6831819415092468
[DEBUG] 2025-12-10 21:09:05,696 - model.dqn - Training loss: 0.4190842807292938
[DEBUG] 2025-12-10 21:09:05,978 - model.dqn - Training loss: 0.8714463710784912
[DEBUG] 2025-12-10 21:09:06,262 - model.dqn - Training loss: 0.5850319266319275
[DEBUG] 2025-12-10 21:09:06,544 - model.dqn - Training loss: 0.5463310480117798
[DEBUG] 2025-12-10 21:09:06,824 - model.dqn - Training loss: 0.5147616267204285
[DEBUG] 2025-12-10 21:09:07,104 - model.dqn - Training loss: 0.4816227853298187
[DEBUG] 2025-12-10 21:09:07,385 - model.dqn - Training loss: 0.9366012811660767
[DEBUG] 2025-12-10 21:09:07,669 - model.dqn - Training loss: 0.8284940123558044
[DEBUG] 2025-12-10 21:09:07,952 - model.dqn - Training loss: 0.7268463969230652
[DEBUG] 2025-12-10 21:09:08,236 - model.dqn - Training loss: 0.5937892198562622
[DEBUG] 2025-12-10 21:09:08,516 - model.dqn - Training loss: 0.9035236835479736
[DEBUG] 2025-12-10 21:09:08,796 - model.dqn - Training loss: 0.45303815603256226
[DEBUG] 2025-12-10 21:09:09,072 - model.dqn - Training loss: 0.3430121839046478
[DEBUG] 2025-12-10 21:09:09,355 - model.dqn - Training loss: 0.3033175766468048
[DEBUG] 2025-12-10 21:09:09,634 - model.dqn - Training loss: 0.6586126685142517
[DEBUG] 2025-12-10 21:09:09,916 - model.dqn - Training loss: 0.6148467063903809
[DEBUG] 2025-12-10 21:09:10,201 - model.dqn - Training loss: 0.5590605735778809
[DEBUG] 2025-12-10 21:09:10,482 - model.dqn - Training loss: 0.3292243182659149
[DEBUG] 2025-12-10 21:09:10,764 - model.dqn - Training loss: 0.19066284596920013
[DEBUG] 2025-12-10 21:09:11,041 - model.dqn - Training loss: 0.41410985589027405
[DEBUG] 2025-12-10 21:09:11,322 - model.dqn - Training loss: 0.4050544500350952
[DEBUG] 2025-12-10 21:09:11,601 - model.dqn - Training loss: 0.4110117256641388
[DEBUG] 2025-12-10 21:09:11,878 - model.dqn - Training loss: 0.40065473318099976
[DEBUG] 2025-12-10 21:09:12,157 - model.dqn - Training loss: 0.1720212697982788
[DEBUG] 2025-12-10 21:09:12,433 - model.dqn - Training loss: 0.2965530753135681
[DEBUG] 2025-12-10 21:09:12,716 - model.dqn - Training loss: 0.22477830946445465
[DEBUG] 2025-12-10 21:09:12,994 - model.dqn - Training loss: 0.17721973359584808
[DEBUG] 2025-12-10 21:09:13,274 - model.dqn - Training loss: 0.3859795033931732
[DEBUG] 2025-12-10 21:09:13,555 - model.dqn - Training loss: 0.1632688045501709
[DEBUG] 2025-12-10 21:09:13,837 - model.dqn - Training loss: 0.477683424949646
[DEBUG] 2025-12-10 21:09:14,117 - model.dqn - Training loss: 0.5373303890228271
[DEBUG] 2025-12-10 21:09:14,396 - model.dqn - Training loss: 0.2828409671783447
[DEBUG] 2025-12-10 21:09:14,677 - model.dqn - Training loss: 0.3655424118041992
[DEBUG] 2025-12-10 21:09:14,955 - model.dqn - Training loss: 0.15819622576236725
[DEBUG] 2025-12-10 21:09:15,232 - model.dqn - Training loss: 0.0935736671090126
[DEBUG] 2025-12-10 21:09:15,509 - model.dqn - Training loss: 0.24856600165367126
[DEBUG] 2025-12-10 21:09:15,788 - model.dqn - Training loss: 0.3334289789199829
[DEBUG] 2025-12-10 21:09:16,062 - model.dqn - Training loss: 0.5208998322486877
[DEBUG] 2025-12-10 21:09:16,342 - model.dqn - Training loss: 0.2076876312494278
[DEBUG] 2025-12-10 21:09:16,620 - model.dqn - Training loss: 0.30155661702156067
[DEBUG] 2025-12-10 21:09:16,901 - model.dqn - Training loss: 0.31198790669441223
[DEBUG] 2025-12-10 21:09:17,179 - model.dqn - Training loss: 0.257315456867218
[DEBUG] 2025-12-10 21:09:17,454 - model.dqn - Training loss: 0.16943548619747162
[DEBUG] 2025-12-10 21:09:17,730 - model.dqn - Training loss: 0.4465063810348511
[DEBUG] 2025-12-10 21:09:18,004 - model.dqn - Training loss: 0.38496601581573486
[DEBUG] 2025-12-10 21:09:18,283 - model.dqn - Training loss: 0.34581223130226135
[DEBUG] 2025-12-10 21:09:18,560 - model.dqn - Training loss: 0.1722126454114914
[DEBUG] 2025-12-10 21:09:18,837 - model.dqn - Training loss: 0.2879524827003479
[DEBUG] 2025-12-10 21:09:19,113 - model.dqn - Training loss: 0.5581773519515991
[DEBUG] 2025-12-10 21:09:19,392 - model.dqn - Training loss: 0.14699651300907135
[DEBUG] 2025-12-10 21:09:19,671 - model.dqn - Training loss: 0.3665253818035126
[DEBUG] 2025-12-10 21:09:19,952 - model.dqn - Training loss: 0.4467158615589142
[DEBUG] 2025-12-10 21:09:20,233 - model.dqn - Training loss: 0.16796113550662994
[DEBUG] 2025-12-10 21:09:20,515 - model.dqn - Training loss: 0.3896653354167938
[DEBUG] 2025-12-10 21:09:20,797 - model.dqn - Training loss: 0.1692264974117279
[DEBUG] 2025-12-10 21:09:21,077 - model.dqn - Training loss: 0.24782943725585938
[DEBUG] 2025-12-10 21:09:21,358 - model.dqn - Training loss: 0.35949191451072693
[DEBUG] 2025-12-10 21:09:21,638 - model.dqn - Training loss: 0.09947817027568817
[DEBUG] 2025-12-10 21:09:21,918 - model.dqn - Training loss: 0.40507566928863525
[DEBUG] 2025-12-10 21:09:22,200 - model.dqn - Training loss: 0.513786792755127
[DEBUG] 2025-12-10 21:09:22,478 - model.dqn - Training loss: 0.5398349761962891
[DEBUG] 2025-12-10 21:09:22,757 - model.dqn - Training loss: 0.101258285343647
[DEBUG] 2025-12-10 21:09:23,033 - model.dqn - Training loss: 0.25371089577674866
[DEBUG] 2025-12-10 21:09:23,313 - model.dqn - Training loss: 0.2317124605178833
[DEBUG] 2025-12-10 21:09:23,591 - model.dqn - Training loss: 0.3231261074542999
[DEBUG] 2025-12-10 21:09:23,872 - model.dqn - Training loss: 0.5074177384376526
[DEBUG] 2025-12-10 21:09:24,147 - model.dqn - Training loss: 0.3208993375301361
[DEBUG] 2025-12-10 21:09:24,431 - model.dqn - Training loss: 0.3752692937850952
[DEBUG] 2025-12-10 21:09:24,708 - model.dqn - Training loss: 0.5014622807502747
[DEBUG] 2025-12-10 21:09:24,986 - model.dqn - Training loss: 0.2154240906238556
[DEBUG] 2025-12-10 21:09:25,267 - model.dqn - Training loss: 0.5731959342956543
[DEBUG] 2025-12-10 21:09:25,544 - model.dqn - Training loss: 0.6043156385421753
[DEBUG] 2025-12-10 21:09:25,826 - model.dqn - Training loss: 0.5701683759689331
[DEBUG] 2025-12-10 21:09:26,107 - model.dqn - Training loss: 1.1366565227508545
[DEBUG] 2025-12-10 21:09:26,389 - model.dqn - Training loss: 0.6645057201385498
[DEBUG] 2025-12-10 21:09:26,670 - model.dqn - Training loss: 1.1730155944824219
[DEBUG] 2025-12-10 21:09:26,949 - model.dqn - Training loss: 0.7697324156761169
[INFO] 2025-12-10 21:09:26,949 - main - Training completed. Move to evaluation phase.
[INFO] 2025-12-10 21:09:26,973 - verifier.verifier - Evaluation for protocol <atomic_commit> completed.
[INFO] 2025-12-10 21:09:26,973 - verifier.verifier - Setting: players=4, rounds=2
[INFO] 2025-12-10 21:09:26,973 - verifier.verifier - Result: 0 failed cases out of 35 total cases.
[INFO] 2025-12-10 21:09:26,973 - verifier.verifier - Accumulated reward: 35
[INFO] 2025-12-10 21:09:26,973 - main - All failed cases passed verification!
[INFO] 2025-12-10 21:09:26,973 - main - Move to final evaluation on all inputs.
[INFO] 2025-12-10 21:09:27,016 - verifier.verifier - Evaluation for protocol <atomic_commit> completed.
[INFO] 2025-12-10 21:09:27,016 - verifier.verifier - Setting: players=4, rounds=2
[INFO] 2025-12-10 21:09:27,016 - verifier.verifier - Result: 1 failed cases out of 69 total cases.
[INFO] 2025-12-10 21:09:27,016 - verifier.verifier - Accumulated reward: 64
[INFO] 2025-12-10 21:09:27,016 - main - 1 failed cases remain after final evaluation.
[INFO] 2025-12-10 21:09:27,016 - main - Epoch 35/100, training on 1 failed cases from last evaluation.
[DEBUG] 2025-12-10 21:09:27,296 - model.dqn - Training loss: 0.9756072163581848
[DEBUG] 2025-12-10 21:09:27,578 - model.dqn - Training loss: 0.7442110180854797
[DEBUG] 2025-12-10 21:09:27,856 - model.dqn - Training loss: 1.068735122680664
[DEBUG] 2025-12-10 21:09:28,135 - model.dqn - Training loss: 1.043139100074768
[DEBUG] 2025-12-10 21:09:28,412 - model.dqn - Training loss: 1.0158982276916504
[DEBUG] 2025-12-10 21:09:28,692 - model.dqn - Training loss: 1.1261221170425415
[DEBUG] 2025-12-10 21:09:28,970 - model.dqn - Training loss: 0.7285097241401672
[DEBUG] 2025-12-10 21:09:29,253 - model.dqn - Training loss: 0.9857538938522339
[DEBUG] 2025-12-10 21:09:29,531 - model.dqn - Training loss: 0.949619472026825
[DEBUG] 2025-12-10 21:09:29,811 - model.dqn - Training loss: 0.8740160465240479
[DEBUG] 2025-12-10 21:09:30,092 - model.dqn - Training loss: 1.1507587432861328
[DEBUG] 2025-12-10 21:09:30,373 - model.dqn - Training loss: 0.7493411898612976
[DEBUG] 2025-12-10 21:09:30,650 - model.dqn - Training loss: 0.3734053373336792
[DEBUG] 2025-12-10 21:09:30,928 - model.dqn - Training loss: 0.45827585458755493
[DEBUG] 2025-12-10 21:09:31,207 - model.dqn - Training loss: 0.7745229005813599
[DEBUG] 2025-12-10 21:09:31,486 - model.dqn - Training loss: 0.6495910882949829
[DEBUG] 2025-12-10 21:09:31,770 - model.dqn - Training loss: 0.6298063397407532
[DEBUG] 2025-12-10 21:09:32,055 - model.dqn - Training loss: 0.9678298234939575
[DEBUG] 2025-12-10 21:09:32,357 - model.dqn - Training loss: 1.0228359699249268
[DEBUG] 2025-12-10 21:09:32,708 - model.dqn - Training loss: 0.6803243160247803
[DEBUG] 2025-12-10 21:09:33,020 - model.dqn - Training loss: 1.2959094047546387
[DEBUG] 2025-12-10 21:09:33,334 - model.dqn - Training loss: 0.5364298224449158
[DEBUG] 2025-12-10 21:09:33,633 - model.dqn - Training loss: 0.6628982424736023
[DEBUG] 2025-12-10 21:09:33,977 - model.dqn - Training loss: 0.6039716005325317
[DEBUG] 2025-12-10 21:09:34,266 - model.dqn - Training loss: 0.8068006634712219
[DEBUG] 2025-12-10 21:09:34,557 - model.dqn - Training loss: 0.9897018671035767
[DEBUG] 2025-12-10 21:09:34,849 - model.dqn - Training loss: 0.4164300262928009
[DEBUG] 2025-12-10 21:09:35,154 - model.dqn - Training loss: 0.6001006960868835
[DEBUG] 2025-12-10 21:09:35,447 - model.dqn - Training loss: 0.4846005141735077
[DEBUG] 2025-12-10 21:09:35,739 - model.dqn - Training loss: 1.0415762662887573
[DEBUG] 2025-12-10 21:09:36,029 - model.dqn - Training loss: 0.6914026141166687
[DEBUG] 2025-12-10 21:09:36,316 - model.dqn - Training loss: 0.7107741832733154
[DEBUG] 2025-12-10 21:09:36,598 - model.dqn - Training loss: 0.526077151298523
[DEBUG] 2025-12-10 21:09:36,881 - model.dqn - Training loss: 0.7226808667182922
[DEBUG] 2025-12-10 21:09:37,168 - model.dqn - Training loss: 0.3197392225265503
[DEBUG] 2025-12-10 21:09:37,453 - model.dqn - Training loss: 0.4495503306388855
[DEBUG] 2025-12-10 21:09:37,737 - model.dqn - Training loss: 0.7637719511985779
[DEBUG] 2025-12-10 21:09:38,019 - model.dqn - Training loss: 0.6327669620513916
[DEBUG] 2025-12-10 21:09:38,305 - model.dqn - Training loss: 0.9452051520347595
[DEBUG] 2025-12-10 21:09:38,588 - model.dqn - Training loss: 0.6419580578804016
[DEBUG] 2025-12-10 21:09:38,873 - model.dqn - Training loss: 1.0126700401306152
[DEBUG] 2025-12-10 21:09:39,153 - model.dqn - Training loss: 0.6957105994224548
[DEBUG] 2025-12-10 21:09:39,433 - model.dqn - Training loss: 0.6939635872840881
[DEBUG] 2025-12-10 21:09:39,714 - model.dqn - Training loss: 0.6474894285202026
[DEBUG] 2025-12-10 21:09:39,995 - model.dqn - Training loss: 0.4212782680988312
[DEBUG] 2025-12-10 21:09:40,277 - model.dqn - Training loss: 0.7228540778160095
[DEBUG] 2025-12-10 21:09:40,559 - model.dqn - Training loss: 0.8261979818344116
[DEBUG] 2025-12-10 21:09:40,842 - model.dqn - Training loss: 0.2896702289581299
[DEBUG] 2025-12-10 21:09:41,124 - model.dqn - Training loss: 0.4565027356147766
[DEBUG] 2025-12-10 21:09:41,404 - model.dqn - Training loss: 0.5725347995758057
[DEBUG] 2025-12-10 21:09:41,681 - model.dqn - Training loss: 0.7567474246025085
[DEBUG] 2025-12-10 21:09:41,958 - model.dqn - Training loss: 0.26998406648635864
[DEBUG] 2025-12-10 21:09:42,238 - model.dqn - Training loss: 0.5006716847419739
[DEBUG] 2025-12-10 21:09:42,521 - model.dqn - Training loss: 0.7885431051254272
[DEBUG] 2025-12-10 21:09:42,807 - model.dqn - Training loss: 0.7960951924324036
[DEBUG] 2025-12-10 21:09:43,091 - model.dqn - Training loss: 0.5919620394706726
[DEBUG] 2025-12-10 21:09:43,369 - model.dqn - Training loss: 0.866641640663147
[DEBUG] 2025-12-10 21:09:43,647 - model.dqn - Training loss: 0.6058066487312317
[DEBUG] 2025-12-10 21:09:43,926 - model.dqn - Training loss: 0.6915645003318787
[DEBUG] 2025-12-10 21:09:44,207 - model.dqn - Training loss: 0.827413022518158
[DEBUG] 2025-12-10 21:09:44,488 - model.dqn - Training loss: 0.6955180168151855
[DEBUG] 2025-12-10 21:09:44,770 - model.dqn - Training loss: 0.28260940313339233
[DEBUG] 2025-12-10 21:09:45,053 - model.dqn - Training loss: 0.7230100035667419
[DEBUG] 2025-12-10 21:09:45,337 - model.dqn - Training loss: 1.0000617504119873
[DEBUG] 2025-12-10 21:09:45,623 - model.dqn - Training loss: 0.8368961811065674
[DEBUG] 2025-12-10 21:09:45,908 - model.dqn - Training loss: 0.9479748010635376
[DEBUG] 2025-12-10 21:09:46,195 - model.dqn - Training loss: 1.0469872951507568
[DEBUG] 2025-12-10 21:09:46,481 - model.dqn - Training loss: 1.1318402290344238
[DEBUG] 2025-12-10 21:09:46,763 - model.dqn - Training loss: 0.5093646049499512
[DEBUG] 2025-12-10 21:09:47,045 - model.dqn - Training loss: 0.6102732419967651
[DEBUG] 2025-12-10 21:09:47,328 - model.dqn - Training loss: 0.42455896735191345
[DEBUG] 2025-12-10 21:09:47,607 - model.dqn - Training loss: 0.7346799969673157
[DEBUG] 2025-12-10 21:09:47,885 - model.dqn - Training loss: 1.0082329511642456
[DEBUG] 2025-12-10 21:09:48,170 - model.dqn - Training loss: 0.5475391745567322
[DEBUG] 2025-12-10 21:09:48,454 - model.dqn - Training loss: 1.3589810132980347
[DEBUG] 2025-12-10 21:09:48,732 - model.dqn - Training loss: 0.67928546667099
[DEBUG] 2025-12-10 21:09:49,010 - model.dqn - Training loss: 0.5335589051246643
[DEBUG] 2025-12-10 21:09:49,292 - model.dqn - Training loss: 1.3342193365097046
[DEBUG] 2025-12-10 21:09:49,574 - model.dqn - Training loss: 0.6584449410438538
[DEBUG] 2025-12-10 21:09:49,853 - model.dqn - Training loss: 0.8079116344451904
[DEBUG] 2025-12-10 21:09:50,133 - model.dqn - Training loss: 0.5852475166320801
[DEBUG] 2025-12-10 21:09:50,409 - model.dqn - Training loss: 0.9978366494178772
[DEBUG] 2025-12-10 21:09:50,689 - model.dqn - Training loss: 0.6519997715950012
[DEBUG] 2025-12-10 21:09:50,972 - model.dqn - Training loss: 0.6411246061325073
[DEBUG] 2025-12-10 21:09:51,249 - model.dqn - Training loss: 0.8628097772598267
[DEBUG] 2025-12-10 21:09:51,530 - model.dqn - Training loss: 0.5494322180747986
[DEBUG] 2025-12-10 21:09:51,809 - model.dqn - Training loss: 0.6575446128845215
[DEBUG] 2025-12-10 21:09:52,089 - model.dqn - Training loss: 1.082854986190796
[DEBUG] 2025-12-10 21:09:52,374 - model.dqn - Training loss: 0.9587319493293762
[DEBUG] 2025-12-10 21:09:52,654 - model.dqn - Training loss: 1.048818826675415
[DEBUG] 2025-12-10 21:09:52,934 - model.dqn - Training loss: 0.6913180351257324
[DEBUG] 2025-12-10 21:09:53,213 - model.dqn - Training loss: 1.15969979763031
[DEBUG] 2025-12-10 21:09:53,493 - model.dqn - Training loss: 0.8842156529426575
[DEBUG] 2025-12-10 21:09:53,773 - model.dqn - Training loss: 0.8254426121711731
[DEBUG] 2025-12-10 21:09:54,050 - model.dqn - Training loss: 0.856687605381012
[DEBUG] 2025-12-10 21:09:54,328 - model.dqn - Training loss: 0.964548647403717
[DEBUG] 2025-12-10 21:09:54,606 - model.dqn - Training loss: 0.9399736523628235
[DEBUG] 2025-12-10 21:09:54,884 - model.dqn - Training loss: 0.7112744450569153
[DEBUG] 2025-12-10 21:09:55,160 - model.dqn - Training loss: 0.8561525940895081
[DEBUG] 2025-12-10 21:09:55,443 - model.dqn - Training loss: 0.45654118061065674
[INFO] 2025-12-10 21:09:55,443 - main - Training completed. Move to evaluation phase.
[INFO] 2025-12-10 21:09:55,443 - verifier.verifier - Evaluation for protocol <atomic_commit> completed.
[INFO] 2025-12-10 21:09:55,443 - verifier.verifier - Setting: players=4, rounds=2
[INFO] 2025-12-10 21:09:55,443 - verifier.verifier - Result: 1 failed cases out of 1 total cases.
[INFO] 2025-12-10 21:09:55,443 - verifier.verifier - Accumulated reward: -4
[INFO] 2025-12-10 21:09:55,443 - main - Epoch 36/100, training on 1 failed cases from last evaluation.
[DEBUG] 2025-12-10 21:09:55,724 - model.dqn - Training loss: 0.39043712615966797
[DEBUG] 2025-12-10 21:09:56,005 - model.dqn - Training loss: 0.6087080240249634
[DEBUG] 2025-12-10 21:09:56,284 - model.dqn - Training loss: 0.910773754119873
[DEBUG] 2025-12-10 21:09:56,567 - model.dqn - Training loss: 1.077236533164978
[DEBUG] 2025-12-10 21:09:56,851 - model.dqn - Training loss: 0.604104220867157
[DEBUG] 2025-12-10 21:09:57,132 - model.dqn - Training loss: 0.6393218040466309
[DEBUG] 2025-12-10 21:09:57,414 - model.dqn - Training loss: 0.6814091205596924
[DEBUG] 2025-12-10 21:09:57,694 - model.dqn - Training loss: 0.9591761827468872
[DEBUG] 2025-12-10 21:09:57,974 - model.dqn - Training loss: 0.766085147857666
[DEBUG] 2025-12-10 21:09:58,256 - model.dqn - Training loss: 0.8053829669952393
[DEBUG] 2025-12-10 21:09:58,535 - model.dqn - Training loss: 0.8392053246498108
[DEBUG] 2025-12-10 21:09:58,820 - model.dqn - Training loss: 0.4034823179244995
[DEBUG] 2025-12-10 21:09:59,105 - model.dqn - Training loss: 0.7188652753829956
[DEBUG] 2025-12-10 21:09:59,387 - model.dqn - Training loss: 0.6336159110069275
[DEBUG] 2025-12-10 21:09:59,668 - model.dqn - Training loss: 0.79203861951828
[DEBUG] 2025-12-10 21:09:59,948 - model.dqn - Training loss: 0.8713434338569641
[DEBUG] 2025-12-10 21:10:00,228 - model.dqn - Training loss: 0.5870763063430786
[DEBUG] 2025-12-10 21:10:00,506 - model.dqn - Training loss: 0.7194802761077881
[DEBUG] 2025-12-10 21:10:00,785 - model.dqn - Training loss: 0.9856317639350891
[DEBUG] 2025-12-10 21:10:01,066 - model.dqn - Training loss: 0.8774415850639343
[DEBUG] 2025-12-10 21:10:01,347 - model.dqn - Training loss: 0.6057939529418945
[DEBUG] 2025-12-10 21:10:01,628 - model.dqn - Training loss: 1.1782935857772827
[DEBUG] 2025-12-10 21:10:01,907 - model.dqn - Training loss: 0.7216652631759644
[DEBUG] 2025-12-10 21:10:02,185 - model.dqn - Training loss: 0.8338727951049805
[DEBUG] 2025-12-10 21:10:02,467 - model.dqn - Training loss: 0.6272944808006287
[DEBUG] 2025-12-10 21:10:02,748 - model.dqn - Training loss: 0.7170998454093933
[DEBUG] 2025-12-10 21:10:03,031 - model.dqn - Training loss: 0.7228153944015503
[DEBUG] 2025-12-10 21:10:03,314 - model.dqn - Training loss: 0.5623096823692322
[DEBUG] 2025-12-10 21:10:03,597 - model.dqn - Training loss: 1.045104742050171
[DEBUG] 2025-12-10 21:10:03,874 - model.dqn - Training loss: 0.5939626097679138
[DEBUG] 2025-12-10 21:10:04,153 - model.dqn - Training loss: 0.9736604690551758
[DEBUG] 2025-12-10 21:10:04,433 - model.dqn - Training loss: 0.5811588168144226
[DEBUG] 2025-12-10 21:10:04,716 - model.dqn - Training loss: 0.7414332628250122
[DEBUG] 2025-12-10 21:10:04,993 - model.dqn - Training loss: 0.7886618375778198
[DEBUG] 2025-12-10 21:10:05,269 - model.dqn - Training loss: 0.6058109998703003
[DEBUG] 2025-12-10 21:10:05,547 - model.dqn - Training loss: 0.6740480661392212
[DEBUG] 2025-12-10 21:10:05,827 - model.dqn - Training loss: 0.7769773006439209
[DEBUG] 2025-12-10 21:10:06,109 - model.dqn - Training loss: 0.7404011487960815
[DEBUG] 2025-12-10 21:10:06,388 - model.dqn - Training loss: 0.5331088900566101
[DEBUG] 2025-12-10 21:10:06,665 - model.dqn - Training loss: 0.7654132843017578
[DEBUG] 2025-12-10 21:10:06,943 - model.dqn - Training loss: 0.8339292407035828
[DEBUG] 2025-12-10 21:10:07,223 - model.dqn - Training loss: 0.7949793338775635
[DEBUG] 2025-12-10 21:10:07,501 - model.dqn - Training loss: 0.4575885236263275
[DEBUG] 2025-12-10 21:10:07,780 - model.dqn - Training loss: 0.8281750082969666
[DEBUG] 2025-12-10 21:10:08,057 - model.dqn - Training loss: 0.4711255431175232
[DEBUG] 2025-12-10 21:10:08,337 - model.dqn - Training loss: 0.45680975914001465
[DEBUG] 2025-12-10 21:10:08,612 - model.dqn - Training loss: 0.7119818329811096
[DEBUG] 2025-12-10 21:10:08,891 - model.dqn - Training loss: 0.7056320309638977
[DEBUG] 2025-12-10 21:10:09,172 - model.dqn - Training loss: 1.0282211303710938
[DEBUG] 2025-12-10 21:10:09,451 - model.dqn - Training loss: 0.78669673204422
[DEBUG] 2025-12-10 21:10:09,732 - model.dqn - Training loss: 0.8941596746444702
[DEBUG] 2025-12-10 21:10:10,013 - model.dqn - Training loss: 0.8952924609184265
[DEBUG] 2025-12-10 21:10:10,291 - model.dqn - Training loss: 0.7067245841026306
[DEBUG] 2025-12-10 21:10:10,569 - model.dqn - Training loss: 0.7562597393989563
[DEBUG] 2025-12-10 21:10:10,845 - model.dqn - Training loss: 0.7208523154258728
[DEBUG] 2025-12-10 21:10:11,121 - model.dqn - Training loss: 0.7044556140899658
[DEBUG] 2025-12-10 21:10:11,397 - model.dqn - Training loss: 0.71470046043396
[DEBUG] 2025-12-10 21:10:11,674 - model.dqn - Training loss: 0.7390860319137573
[DEBUG] 2025-12-10 21:10:11,950 - model.dqn - Training loss: 0.49836188554763794
[DEBUG] 2025-12-10 21:10:12,227 - model.dqn - Training loss: 0.8379240036010742
[DEBUG] 2025-12-10 21:10:12,504 - model.dqn - Training loss: 0.5537243485450745
[DEBUG] 2025-12-10 21:10:12,779 - model.dqn - Training loss: 0.7664616703987122
[DEBUG] 2025-12-10 21:10:13,060 - model.dqn - Training loss: 1.038152813911438
[DEBUG] 2025-12-10 21:10:13,336 - model.dqn - Training loss: 0.5756702423095703
[DEBUG] 2025-12-10 21:10:13,617 - model.dqn - Training loss: 0.7136343121528625
[DEBUG] 2025-12-10 21:10:13,896 - model.dqn - Training loss: 1.075498342514038
[DEBUG] 2025-12-10 21:10:14,175 - model.dqn - Training loss: 0.7579012513160706
[DEBUG] 2025-12-10 21:10:14,455 - model.dqn - Training loss: 1.028301477432251
[DEBUG] 2025-12-10 21:10:14,734 - model.dqn - Training loss: 0.8753758668899536
[DEBUG] 2025-12-10 21:10:15,014 - model.dqn - Training loss: 0.4790112376213074
[DEBUG] 2025-12-10 21:10:15,296 - model.dqn - Training loss: 0.6710365414619446
[DEBUG] 2025-12-10 21:10:15,575 - model.dqn - Training loss: 0.7564277648925781
[DEBUG] 2025-12-10 21:10:15,855 - model.dqn - Training loss: 0.6505233645439148
[DEBUG] 2025-12-10 21:10:16,137 - model.dqn - Training loss: 0.6140846014022827
[DEBUG] 2025-12-10 21:10:16,417 - model.dqn - Training loss: 1.0210480690002441
[DEBUG] 2025-12-10 21:10:16,695 - model.dqn - Training loss: 0.5930202603340149
[DEBUG] 2025-12-10 21:10:16,973 - model.dqn - Training loss: 0.89351886510849
[DEBUG] 2025-12-10 21:10:17,252 - model.dqn - Training loss: 0.688511848449707
[DEBUG] 2025-12-10 21:10:17,530 - model.dqn - Training loss: 0.7629173994064331
[DEBUG] 2025-12-10 21:10:17,808 - model.dqn - Training loss: 0.7809881567955017
[DEBUG] 2025-12-10 21:10:18,086 - model.dqn - Training loss: 0.9989945292472839
[DEBUG] 2025-12-10 21:10:18,365 - model.dqn - Training loss: 0.7918525338172913
[DEBUG] 2025-12-10 21:10:18,641 - model.dqn - Training loss: 0.9070170521736145
[DEBUG] 2025-12-10 21:10:18,924 - model.dqn - Training loss: 0.6615138649940491
[DEBUG] 2025-12-10 21:10:19,204 - model.dqn - Training loss: 0.8887696266174316
[DEBUG] 2025-12-10 21:10:19,484 - model.dqn - Training loss: 0.723590612411499
[DEBUG] 2025-12-10 21:10:19,760 - model.dqn - Training loss: 0.5542921423912048
[DEBUG] 2025-12-10 21:10:20,036 - model.dqn - Training loss: 0.8824641108512878
[DEBUG] 2025-12-10 21:10:20,315 - model.dqn - Training loss: 0.7697954177856445
[DEBUG] 2025-12-10 21:10:20,594 - model.dqn - Training loss: 0.5231888294219971
[DEBUG] 2025-12-10 21:10:20,875 - model.dqn - Training loss: 0.5162151455879211
[DEBUG] 2025-12-10 21:10:21,154 - model.dqn - Training loss: 0.8932323455810547
[DEBUG] 2025-12-10 21:10:21,433 - model.dqn - Training loss: 0.8745856285095215
[DEBUG] 2025-12-10 21:10:21,714 - model.dqn - Training loss: 0.588831901550293
[DEBUG] 2025-12-10 21:10:22,003 - model.dqn - Training loss: 1.159072995185852
[DEBUG] 2025-12-10 21:10:22,299 - model.dqn - Training loss: 0.5251436829566956
[DEBUG] 2025-12-10 21:10:22,584 - model.dqn - Training loss: 0.35833343863487244
[DEBUG] 2025-12-10 21:10:22,873 - model.dqn - Training loss: 0.7115535140037537
[DEBUG] 2025-12-10 21:10:23,153 - model.dqn - Training loss: 0.7658416032791138
[DEBUG] 2025-12-10 21:10:23,431 - model.dqn - Training loss: 0.5964575409889221
[INFO] 2025-12-10 21:10:23,431 - main - Training completed. Move to evaluation phase.
[INFO] 2025-12-10 21:10:23,432 - verifier.verifier - Evaluation for protocol <atomic_commit> completed.
[INFO] 2025-12-10 21:10:23,432 - verifier.verifier - Setting: players=4, rounds=2
[INFO] 2025-12-10 21:10:23,432 - verifier.verifier - Result: 1 failed cases out of 1 total cases.
[INFO] 2025-12-10 21:10:23,432 - verifier.verifier - Accumulated reward: -4
[INFO] 2025-12-10 21:10:23,432 - main - Epoch 37/100, training on 1 failed cases from last evaluation.
[DEBUG] 2025-12-10 21:10:23,707 - model.dqn - Training loss: 0.7280397415161133
[DEBUG] 2025-12-10 21:10:23,987 - model.dqn - Training loss: 0.5643323063850403
[DEBUG] 2025-12-10 21:10:24,265 - model.dqn - Training loss: 0.8001368045806885
[DEBUG] 2025-12-10 21:10:24,541 - model.dqn - Training loss: 0.7398949861526489
[DEBUG] 2025-12-10 21:10:24,816 - model.dqn - Training loss: 0.8035986423492432
[DEBUG] 2025-12-10 21:10:25,093 - model.dqn - Training loss: 0.7953118681907654
[DEBUG] 2025-12-10 21:10:25,371 - model.dqn - Training loss: 0.6847401857376099
[DEBUG] 2025-12-10 21:10:25,647 - model.dqn - Training loss: 0.7865220904350281
[DEBUG] 2025-12-10 21:10:25,924 - model.dqn - Training loss: 0.6310517191886902
[DEBUG] 2025-12-10 21:10:26,202 - model.dqn - Training loss: 1.07282292842865
[DEBUG] 2025-12-10 21:10:26,482 - model.dqn - Training loss: 0.6347323656082153
[DEBUG] 2025-12-10 21:10:26,759 - model.dqn - Training loss: 0.6640833616256714
[DEBUG] 2025-12-10 21:10:27,037 - model.dqn - Training loss: 0.5009724497795105
[DEBUG] 2025-12-10 21:10:27,316 - model.dqn - Training loss: 0.8711921572685242
[DEBUG] 2025-12-10 21:10:27,593 - model.dqn - Training loss: 0.7278792858123779
[DEBUG] 2025-12-10 21:10:27,870 - model.dqn - Training loss: 0.45135921239852905
[DEBUG] 2025-12-10 21:10:28,152 - model.dqn - Training loss: 0.6872019171714783
[DEBUG] 2025-12-10 21:10:28,428 - model.dqn - Training loss: 0.5776432156562805
[DEBUG] 2025-12-10 21:10:28,703 - model.dqn - Training loss: 0.542365312576294
[DEBUG] 2025-12-10 21:10:28,981 - model.dqn - Training loss: 0.6521821022033691
[DEBUG] 2025-12-10 21:10:29,262 - model.dqn - Training loss: 0.4415004253387451
[DEBUG] 2025-12-10 21:10:29,537 - model.dqn - Training loss: 0.5133767127990723
[DEBUG] 2025-12-10 21:10:29,812 - model.dqn - Training loss: 0.4471408724784851
[DEBUG] 2025-12-10 21:10:30,089 - model.dqn - Training loss: 0.3569662570953369
[DEBUG] 2025-12-10 21:10:30,365 - model.dqn - Training loss: 0.5952214598655701
[DEBUG] 2025-12-10 21:10:30,641 - model.dqn - Training loss: 1.003710389137268
[DEBUG] 2025-12-10 21:10:30,922 - model.dqn - Training loss: 0.8404327034950256
[DEBUG] 2025-12-10 21:10:31,200 - model.dqn - Training loss: 0.5917041897773743
[DEBUG] 2025-12-10 21:10:31,480 - model.dqn - Training loss: 0.679712176322937
[DEBUG] 2025-12-10 21:10:31,759 - model.dqn - Training loss: 0.4750686287879944
[DEBUG] 2025-12-10 21:10:32,042 - model.dqn - Training loss: 0.5584784150123596
[DEBUG] 2025-12-10 21:10:32,321 - model.dqn - Training loss: 0.5108024477958679
[DEBUG] 2025-12-10 21:10:32,596 - model.dqn - Training loss: 0.45652419328689575
[DEBUG] 2025-12-10 21:10:32,874 - model.dqn - Training loss: 0.5191583633422852
[DEBUG] 2025-12-10 21:10:33,156 - model.dqn - Training loss: 0.6539244651794434
[DEBUG] 2025-12-10 21:10:33,434 - model.dqn - Training loss: 0.479436993598938
[DEBUG] 2025-12-10 21:10:33,711 - model.dqn - Training loss: 0.2711856961250305
[DEBUG] 2025-12-10 21:10:33,989 - model.dqn - Training loss: 0.559553861618042
[DEBUG] 2025-12-10 21:10:34,266 - model.dqn - Training loss: 0.6075927019119263
[DEBUG] 2025-12-10 21:10:34,544 - model.dqn - Training loss: 0.6336013078689575
[DEBUG] 2025-12-10 21:10:34,823 - model.dqn - Training loss: 0.6091465950012207
[DEBUG] 2025-12-10 21:10:35,100 - model.dqn - Training loss: 0.33875131607055664
[DEBUG] 2025-12-10 21:10:35,377 - model.dqn - Training loss: 0.37881940603256226
[DEBUG] 2025-12-10 21:10:35,658 - model.dqn - Training loss: 0.49138543009757996
[DEBUG] 2025-12-10 21:10:35,939 - model.dqn - Training loss: 0.356730580329895
[DEBUG] 2025-12-10 21:10:36,222 - model.dqn - Training loss: 0.424407958984375
[DEBUG] 2025-12-10 21:10:36,504 - model.dqn - Training loss: 0.47896793484687805
[DEBUG] 2025-12-10 21:10:36,788 - model.dqn - Training loss: 0.42325401306152344
[DEBUG] 2025-12-10 21:10:37,074 - model.dqn - Training loss: 0.5879034996032715
[DEBUG] 2025-12-10 21:10:37,357 - model.dqn - Training loss: 0.49889224767684937
[DEBUG] 2025-12-10 21:10:37,639 - model.dqn - Training loss: 0.33411484956741333
[DEBUG] 2025-12-10 21:10:37,916 - model.dqn - Training loss: 0.31467774510383606
[DEBUG] 2025-12-10 21:10:38,197 - model.dqn - Training loss: 0.49463072419166565
[DEBUG] 2025-12-10 21:10:38,472 - model.dqn - Training loss: 0.5960504412651062
[DEBUG] 2025-12-10 21:10:38,754 - model.dqn - Training loss: 0.3975938558578491
[DEBUG] 2025-12-10 21:10:39,033 - model.dqn - Training loss: 0.35549837350845337
[DEBUG] 2025-12-10 21:10:39,310 - model.dqn - Training loss: 0.5822706818580627
[DEBUG] 2025-12-10 21:10:39,587 - model.dqn - Training loss: 0.5870552062988281
[DEBUG] 2025-12-10 21:10:39,870 - model.dqn - Training loss: 0.4294138252735138
[DEBUG] 2025-12-10 21:10:40,148 - model.dqn - Training loss: 0.472115695476532
[DEBUG] 2025-12-10 21:10:40,427 - model.dqn - Training loss: 0.34464412927627563
[DEBUG] 2025-12-10 21:10:40,700 - model.dqn - Training loss: 0.2663251459598541
[DEBUG] 2025-12-10 21:10:40,976 - model.dqn - Training loss: 0.3394547998905182
[DEBUG] 2025-12-10 21:10:41,254 - model.dqn - Training loss: 0.3162897825241089
[DEBUG] 2025-12-10 21:10:41,533 - model.dqn - Training loss: 0.4417073726654053
[DEBUG] 2025-12-10 21:10:41,813 - model.dqn - Training loss: 0.3239153325557709
[DEBUG] 2025-12-10 21:10:42,092 - model.dqn - Training loss: 0.569831371307373
[DEBUG] 2025-12-10 21:10:42,374 - model.dqn - Training loss: 0.3903571665287018
[DEBUG] 2025-12-10 21:10:42,658 - model.dqn - Training loss: 0.31155890226364136
[DEBUG] 2025-12-10 21:10:42,938 - model.dqn - Training loss: 0.3498312532901764
[DEBUG] 2025-12-10 21:10:43,217 - model.dqn - Training loss: 0.6526059508323669
[DEBUG] 2025-12-10 21:10:43,495 - model.dqn - Training loss: 0.36210188269615173
[DEBUG] 2025-12-10 21:10:43,773 - model.dqn - Training loss: 0.25362175703048706
[DEBUG] 2025-12-10 21:10:44,049 - model.dqn - Training loss: 0.5035140514373779
[DEBUG] 2025-12-10 21:10:44,325 - model.dqn - Training loss: 0.4167362451553345
[DEBUG] 2025-12-10 21:10:44,601 - model.dqn - Training loss: 0.29771214723587036
[DEBUG] 2025-12-10 21:10:44,880 - model.dqn - Training loss: 0.5337440967559814
[DEBUG] 2025-12-10 21:10:45,157 - model.dqn - Training loss: 0.362355500459671
[DEBUG] 2025-12-10 21:10:45,432 - model.dqn - Training loss: 0.1720731556415558
[DEBUG] 2025-12-10 21:10:45,707 - model.dqn - Training loss: 0.3983768820762634
[DEBUG] 2025-12-10 21:10:45,984 - model.dqn - Training loss: 0.6476588845252991
[DEBUG] 2025-12-10 21:10:46,258 - model.dqn - Training loss: 0.29118651151657104
[DEBUG] 2025-12-10 21:10:46,538 - model.dqn - Training loss: 0.6629377603530884
[DEBUG] 2025-12-10 21:10:46,819 - model.dqn - Training loss: 0.5090214610099792
[DEBUG] 2025-12-10 21:10:47,096 - model.dqn - Training loss: 0.5263102054595947
[DEBUG] 2025-12-10 21:10:47,374 - model.dqn - Training loss: 0.4602361023426056
[DEBUG] 2025-12-10 21:10:47,654 - model.dqn - Training loss: 0.3615909218788147
[DEBUG] 2025-12-10 21:10:47,932 - model.dqn - Training loss: 0.5506919622421265
[DEBUG] 2025-12-10 21:10:48,210 - model.dqn - Training loss: 0.6044702529907227
[DEBUG] 2025-12-10 21:10:48,490 - model.dqn - Training loss: 0.7175692319869995
[DEBUG] 2025-12-10 21:10:48,771 - model.dqn - Training loss: 0.39583060145378113
[DEBUG] 2025-12-10 21:10:49,053 - model.dqn - Training loss: 0.5816143155097961
[DEBUG] 2025-12-10 21:10:49,335 - model.dqn - Training loss: 0.3634836971759796
[DEBUG] 2025-12-10 21:10:49,613 - model.dqn - Training loss: 0.4741673171520233
[DEBUG] 2025-12-10 21:10:49,893 - model.dqn - Training loss: 0.208308607339859
[DEBUG] 2025-12-10 21:10:50,174 - model.dqn - Training loss: 0.46283555030822754
[DEBUG] 2025-12-10 21:10:50,453 - model.dqn - Training loss: 0.4560319781303406
[DEBUG] 2025-12-10 21:10:50,732 - model.dqn - Training loss: 0.44361090660095215
[DEBUG] 2025-12-10 21:10:51,013 - model.dqn - Training loss: 0.31113797426223755
[DEBUG] 2025-12-10 21:10:51,297 - model.dqn - Training loss: 0.4057355225086212
[INFO] 2025-12-10 21:10:51,297 - main - Training completed. Move to evaluation phase.
[INFO] 2025-12-10 21:10:51,298 - verifier.verifier - Evaluation for protocol <atomic_commit> completed.
[INFO] 2025-12-10 21:10:51,298 - verifier.verifier - Setting: players=4, rounds=2
[INFO] 2025-12-10 21:10:51,298 - verifier.verifier - Result: 1 failed cases out of 1 total cases.
[INFO] 2025-12-10 21:10:51,298 - verifier.verifier - Accumulated reward: -4
[INFO] 2025-12-10 21:10:51,298 - main - Epoch 38/100, training on 1 failed cases from last evaluation.
[DEBUG] 2025-12-10 21:10:51,578 - model.dqn - Training loss: 0.3445607125759125
[DEBUG] 2025-12-10 21:10:51,859 - model.dqn - Training loss: 0.5697070956230164
[DEBUG] 2025-12-10 21:10:52,141 - model.dqn - Training loss: 0.37009817361831665
[DEBUG] 2025-12-10 21:10:52,425 - model.dqn - Training loss: 0.39320436120033264
[DEBUG] 2025-12-10 21:10:52,704 - model.dqn - Training loss: 0.4955657124519348
[DEBUG] 2025-12-10 21:10:52,981 - model.dqn - Training loss: 0.5681147575378418
[DEBUG] 2025-12-10 21:10:53,262 - model.dqn - Training loss: 0.3492627739906311
[DEBUG] 2025-12-10 21:10:53,540 - model.dqn - Training loss: 0.2520867586135864
[DEBUG] 2025-12-10 21:10:53,819 - model.dqn - Training loss: 0.3672177791595459
[DEBUG] 2025-12-10 21:10:54,097 - model.dqn - Training loss: 0.19358840584754944
[DEBUG] 2025-12-10 21:10:54,378 - model.dqn - Training loss: 0.46819376945495605
[DEBUG] 2025-12-10 21:10:54,655 - model.dqn - Training loss: 0.5886427760124207
[DEBUG] 2025-12-10 21:10:54,937 - model.dqn - Training loss: 0.8711204528808594
[DEBUG] 2025-12-10 21:10:55,216 - model.dqn - Training loss: 0.5798659920692444
[DEBUG] 2025-12-10 21:10:55,496 - model.dqn - Training loss: 0.5008265972137451
[DEBUG] 2025-12-10 21:10:55,774 - model.dqn - Training loss: 0.3169351816177368
[DEBUG] 2025-12-10 21:10:56,052 - model.dqn - Training loss: 0.450580358505249
[DEBUG] 2025-12-10 21:10:56,333 - model.dqn - Training loss: 0.728148341178894
[DEBUG] 2025-12-10 21:10:56,612 - model.dqn - Training loss: 0.6205508708953857
[DEBUG] 2025-12-10 21:10:56,893 - model.dqn - Training loss: 0.4353577494621277
[DEBUG] 2025-12-10 21:10:57,173 - model.dqn - Training loss: 0.36568397283554077
[DEBUG] 2025-12-10 21:10:57,454 - model.dqn - Training loss: 0.567641019821167
[DEBUG] 2025-12-10 21:10:57,736 - model.dqn - Training loss: 0.7249324321746826
[DEBUG] 2025-12-10 21:10:58,018 - model.dqn - Training loss: 0.31817418336868286
[DEBUG] 2025-12-10 21:10:58,302 - model.dqn - Training loss: 0.49498167634010315
[DEBUG] 2025-12-10 21:10:58,586 - model.dqn - Training loss: 0.2915995419025421
[DEBUG] 2025-12-10 21:10:58,872 - model.dqn - Training loss: 0.6060941815376282
[DEBUG] 2025-12-10 21:10:59,151 - model.dqn - Training loss: 0.34160536527633667
[DEBUG] 2025-12-10 21:10:59,433 - model.dqn - Training loss: 0.4760422110557556
[DEBUG] 2025-12-10 21:10:59,717 - model.dqn - Training loss: 0.33719390630722046
[DEBUG] 2025-12-10 21:11:00,000 - model.dqn - Training loss: 0.5334690809249878
[DEBUG] 2025-12-10 21:11:00,284 - model.dqn - Training loss: 0.5148799419403076
[DEBUG] 2025-12-10 21:11:00,566 - model.dqn - Training loss: 0.5781395435333252
[DEBUG] 2025-12-10 21:11:00,847 - model.dqn - Training loss: 0.504087507724762
[DEBUG] 2025-12-10 21:11:01,128 - model.dqn - Training loss: 0.42876875400543213
[DEBUG] 2025-12-10 21:11:01,408 - model.dqn - Training loss: 0.45639291405677795
[DEBUG] 2025-12-10 21:11:01,690 - model.dqn - Training loss: 0.358432412147522
[DEBUG] 2025-12-10 21:11:01,965 - model.dqn - Training loss: 0.2557586431503296
[DEBUG] 2025-12-10 21:11:02,247 - model.dqn - Training loss: 0.44663962721824646
[DEBUG] 2025-12-10 21:11:02,528 - model.dqn - Training loss: 0.8282440304756165
[DEBUG] 2025-12-10 21:11:02,808 - model.dqn - Training loss: 0.4375942349433899
[DEBUG] 2025-12-10 21:11:03,089 - model.dqn - Training loss: 0.5478417873382568
[DEBUG] 2025-12-10 21:11:03,369 - model.dqn - Training loss: 0.5732765793800354
[DEBUG] 2025-12-10 21:11:03,646 - model.dqn - Training loss: 0.5938823819160461
[DEBUG] 2025-12-10 21:11:03,927 - model.dqn - Training loss: 0.6955585479736328
[DEBUG] 2025-12-10 21:11:04,206 - model.dqn - Training loss: 0.7936090230941772
[DEBUG] 2025-12-10 21:11:04,485 - model.dqn - Training loss: 0.2984500229358673
[DEBUG] 2025-12-10 21:11:04,765 - model.dqn - Training loss: 0.4066246747970581
[DEBUG] 2025-12-10 21:11:05,043 - model.dqn - Training loss: 0.40237870812416077
[DEBUG] 2025-12-10 21:11:05,320 - model.dqn - Training loss: 0.5738969445228577
[DEBUG] 2025-12-10 21:11:05,600 - model.dqn - Training loss: 0.74410080909729
[DEBUG] 2025-12-10 21:11:05,882 - model.dqn - Training loss: 0.24998876452445984
[DEBUG] 2025-12-10 21:11:06,166 - model.dqn - Training loss: 0.5353651642799377
[DEBUG] 2025-12-10 21:11:06,451 - model.dqn - Training loss: 0.3707085847854614
[DEBUG] 2025-12-10 21:11:06,727 - model.dqn - Training loss: 0.4203505218029022
[DEBUG] 2025-12-10 21:11:07,007 - model.dqn - Training loss: 0.555282711982727
[DEBUG] 2025-12-10 21:11:07,290 - model.dqn - Training loss: 0.7493160367012024
[DEBUG] 2025-12-10 21:11:07,569 - model.dqn - Training loss: 0.5679711699485779
[DEBUG] 2025-12-10 21:11:07,846 - model.dqn - Training loss: 0.43914148211479187
[DEBUG] 2025-12-10 21:11:08,127 - model.dqn - Training loss: 0.9381060600280762
[DEBUG] 2025-12-10 21:11:08,411 - model.dqn - Training loss: 0.5267199873924255
[DEBUG] 2025-12-10 21:11:08,692 - model.dqn - Training loss: 0.4638063311576843
[DEBUG] 2025-12-10 21:11:08,970 - model.dqn - Training loss: 0.5792421102523804
[DEBUG] 2025-12-10 21:11:09,251 - model.dqn - Training loss: 0.7015256285667419
[DEBUG] 2025-12-10 21:11:09,531 - model.dqn - Training loss: 0.4008307456970215
[DEBUG] 2025-12-10 21:11:09,811 - model.dqn - Training loss: 0.7443816661834717
[DEBUG] 2025-12-10 21:11:10,089 - model.dqn - Training loss: 0.5299193859100342
[DEBUG] 2025-12-10 21:11:10,371 - model.dqn - Training loss: 0.8294788599014282
[DEBUG] 2025-12-10 21:11:10,651 - model.dqn - Training loss: 0.2846924960613251
[DEBUG] 2025-12-10 21:11:10,930 - model.dqn - Training loss: 0.6628108024597168
[DEBUG] 2025-12-10 21:11:11,212 - model.dqn - Training loss: 0.13726966083049774
[DEBUG] 2025-12-10 21:11:11,491 - model.dqn - Training loss: 0.4625495374202728
[DEBUG] 2025-12-10 21:11:11,774 - model.dqn - Training loss: 0.38348808884620667
[DEBUG] 2025-12-10 21:11:12,054 - model.dqn - Training loss: 0.6753519177436829
[DEBUG] 2025-12-10 21:11:12,335 - model.dqn - Training loss: 0.7880925536155701
[DEBUG] 2025-12-10 21:11:12,616 - model.dqn - Training loss: 0.46195733547210693
[DEBUG] 2025-12-10 21:11:12,895 - model.dqn - Training loss: 0.26842164993286133
[DEBUG] 2025-12-10 21:11:13,174 - model.dqn - Training loss: 0.6990036368370056
[DEBUG] 2025-12-10 21:11:13,455 - model.dqn - Training loss: 1.1259796619415283
[DEBUG] 2025-12-10 21:11:13,738 - model.dqn - Training loss: 0.6073760986328125
[DEBUG] 2025-12-10 21:11:14,019 - model.dqn - Training loss: 0.5675215721130371
[DEBUG] 2025-12-10 21:11:14,297 - model.dqn - Training loss: 0.8673933148384094
[DEBUG] 2025-12-10 21:11:14,576 - model.dqn - Training loss: 0.4989330768585205
[DEBUG] 2025-12-10 21:11:14,859 - model.dqn - Training loss: 0.5511724948883057
[DEBUG] 2025-12-10 21:11:15,141 - model.dqn - Training loss: 0.47293800115585327
[DEBUG] 2025-12-10 21:11:15,425 - model.dqn - Training loss: 0.8998019099235535
[DEBUG] 2025-12-10 21:11:15,706 - model.dqn - Training loss: 0.8577642440795898
[DEBUG] 2025-12-10 21:11:15,986 - model.dqn - Training loss: 0.8374496102333069
[DEBUG] 2025-12-10 21:11:16,275 - model.dqn - Training loss: 0.47015947103500366
[DEBUG] 2025-12-10 21:11:16,562 - model.dqn - Training loss: 0.43358978629112244
[DEBUG] 2025-12-10 21:11:16,843 - model.dqn - Training loss: 0.8310186862945557
[DEBUG] 2025-12-10 21:11:17,123 - model.dqn - Training loss: 0.6066493391990662
[DEBUG] 2025-12-10 21:11:17,406 - model.dqn - Training loss: 0.43521764874458313
[DEBUG] 2025-12-10 21:11:17,691 - model.dqn - Training loss: 0.6004027128219604
[DEBUG] 2025-12-10 21:11:17,972 - model.dqn - Training loss: 0.37182527780532837
[DEBUG] 2025-12-10 21:11:18,252 - model.dqn - Training loss: 0.8624182939529419
[DEBUG] 2025-12-10 21:11:18,533 - model.dqn - Training loss: 0.6463795304298401
[DEBUG] 2025-12-10 21:11:18,812 - model.dqn - Training loss: 0.7887409329414368
[DEBUG] 2025-12-10 21:11:19,093 - model.dqn - Training loss: 0.7914830446243286
[DEBUG] 2025-12-10 21:11:19,373 - model.dqn - Training loss: 1.0018848180770874
[INFO] 2025-12-10 21:11:19,373 - main - Training completed. Move to evaluation phase.
[INFO] 2025-12-10 21:11:19,374 - verifier.verifier - Evaluation for protocol <atomic_commit> completed.
[INFO] 2025-12-10 21:11:19,374 - verifier.verifier - Setting: players=4, rounds=2
[INFO] 2025-12-10 21:11:19,374 - verifier.verifier - Result: 0 failed cases out of 1 total cases.
[INFO] 2025-12-10 21:11:19,374 - verifier.verifier - Accumulated reward: 2
[INFO] 2025-12-10 21:11:19,374 - main - All failed cases passed verification!
[INFO] 2025-12-10 21:11:19,374 - main - Move to final evaluation on all inputs.
[INFO] 2025-12-10 21:11:19,419 - verifier.verifier - Evaluation for protocol <atomic_commit> completed.
[INFO] 2025-12-10 21:11:19,419 - verifier.verifier - Setting: players=4, rounds=2
[INFO] 2025-12-10 21:11:19,419 - verifier.verifier - Result: 35 failed cases out of 69 total cases.
[INFO] 2025-12-10 21:11:19,419 - verifier.verifier - Accumulated reward: -104
[INFO] 2025-12-10 21:11:19,419 - main - 35 failed cases remain after final evaluation.
[INFO] 2025-12-10 21:11:19,419 - main - Epoch 39/100, training on 35 failed cases from last evaluation.
[DEBUG] 2025-12-10 21:11:19,699 - model.dqn - Training loss: 0.7886484861373901
[DEBUG] 2025-12-10 21:11:19,983 - model.dqn - Training loss: 1.1904977560043335
[DEBUG] 2025-12-10 21:11:20,265 - model.dqn - Training loss: 0.7999986410140991
[DEBUG] 2025-12-10 21:11:20,546 - model.dqn - Training loss: 1.0131759643554688
[DEBUG] 2025-12-10 21:11:20,829 - model.dqn - Training loss: 1.0823047161102295
[DEBUG] 2025-12-10 21:11:21,113 - model.dqn - Training loss: 1.1830432415008545
[DEBUG] 2025-12-10 21:11:21,396 - model.dqn - Training loss: 1.1759324073791504
[DEBUG] 2025-12-10 21:11:21,679 - model.dqn - Training loss: 0.932935357093811
[DEBUG] 2025-12-10 21:11:21,961 - model.dqn - Training loss: 1.2318111658096313
[DEBUG] 2025-12-10 21:11:22,243 - model.dqn - Training loss: 0.8742193579673767
[DEBUG] 2025-12-10 21:11:22,530 - model.dqn - Training loss: 0.8040013313293457
[DEBUG] 2025-12-10 21:11:22,815 - model.dqn - Training loss: 1.2326948642730713
[DEBUG] 2025-12-10 21:11:23,103 - model.dqn - Training loss: 1.1615477800369263
[DEBUG] 2025-12-10 21:11:23,388 - model.dqn - Training loss: 0.9069228768348694
[DEBUG] 2025-12-10 21:11:23,667 - model.dqn - Training loss: 0.980437159538269
[DEBUG] 2025-12-10 21:11:23,948 - model.dqn - Training loss: 1.074235200881958
[DEBUG] 2025-12-10 21:11:24,228 - model.dqn - Training loss: 1.385223627090454
[DEBUG] 2025-12-10 21:11:24,512 - model.dqn - Training loss: 1.168074369430542
[DEBUG] 2025-12-10 21:11:24,796 - model.dqn - Training loss: 0.7385209798812866
[DEBUG] 2025-12-10 21:11:25,076 - model.dqn - Training loss: 1.2922611236572266
[DEBUG] 2025-12-10 21:11:25,359 - model.dqn - Training loss: 1.3887150287628174
[DEBUG] 2025-12-10 21:11:25,638 - model.dqn - Training loss: 0.9083957076072693
[DEBUG] 2025-12-10 21:11:25,920 - model.dqn - Training loss: 1.1258554458618164
[DEBUG] 2025-12-10 21:11:26,201 - model.dqn - Training loss: 1.2033122777938843
[DEBUG] 2025-12-10 21:11:26,480 - model.dqn - Training loss: 0.9461333751678467
[DEBUG] 2025-12-10 21:11:26,759 - model.dqn - Training loss: 1.5606721639633179
[DEBUG] 2025-12-10 21:11:27,041 - model.dqn - Training loss: 1.3283519744873047
[DEBUG] 2025-12-10 21:11:27,321 - model.dqn - Training loss: 1.1527299880981445
[DEBUG] 2025-12-10 21:11:27,597 - model.dqn - Training loss: 1.194688081741333
[DEBUG] 2025-12-10 21:11:27,877 - model.dqn - Training loss: 1.100090742111206
[DEBUG] 2025-12-10 21:11:28,157 - model.dqn - Training loss: 0.8333989381790161
[DEBUG] 2025-12-10 21:11:28,436 - model.dqn - Training loss: 1.5005924701690674
[DEBUG] 2025-12-10 21:11:28,717 - model.dqn - Training loss: 1.4302061796188354
[DEBUG] 2025-12-10 21:11:29,000 - model.dqn - Training loss: 1.2432817220687866
[DEBUG] 2025-12-10 21:11:29,279 - model.dqn - Training loss: 1.0531891584396362
[DEBUG] 2025-12-10 21:11:29,560 - model.dqn - Training loss: 1.4319000244140625
[DEBUG] 2025-12-10 21:11:29,840 - model.dqn - Training loss: 1.0826177597045898
[DEBUG] 2025-12-10 21:11:30,124 - model.dqn - Training loss: 1.007837176322937
[DEBUG] 2025-12-10 21:11:30,403 - model.dqn - Training loss: 1.363170862197876
[DEBUG] 2025-12-10 21:11:30,685 - model.dqn - Training loss: 1.0149208307266235
[DEBUG] 2025-12-10 21:11:30,967 - model.dqn - Training loss: 1.3273760080337524
[DEBUG] 2025-12-10 21:11:31,247 - model.dqn - Training loss: 1.1924463510513306
[DEBUG] 2025-12-10 21:11:31,527 - model.dqn - Training loss: 0.8023386001586914
[DEBUG] 2025-12-10 21:11:31,808 - model.dqn - Training loss: 0.9304474592208862
[DEBUG] 2025-12-10 21:11:32,087 - model.dqn - Training loss: 1.336509346961975
[DEBUG] 2025-12-10 21:11:32,367 - model.dqn - Training loss: 0.9392444491386414
[DEBUG] 2025-12-10 21:11:32,646 - model.dqn - Training loss: 1.2716763019561768
[DEBUG] 2025-12-10 21:11:32,929 - model.dqn - Training loss: 1.1098114252090454
[DEBUG] 2025-12-10 21:11:33,211 - model.dqn - Training loss: 1.1702748537063599
[DEBUG] 2025-12-10 21:11:33,496 - model.dqn - Training loss: 1.1659369468688965
[DEBUG] 2025-12-10 21:11:33,776 - model.dqn - Training loss: 1.3512306213378906
[DEBUG] 2025-12-10 21:11:34,058 - model.dqn - Training loss: 1.3337680101394653
[DEBUG] 2025-12-10 21:11:34,340 - model.dqn - Training loss: 1.2611613273620605
[DEBUG] 2025-12-10 21:11:34,618 - model.dqn - Training loss: 1.1775834560394287
[DEBUG] 2025-12-10 21:11:34,903 - model.dqn - Training loss: 1.3191009759902954
[DEBUG] 2025-12-10 21:11:35,187 - model.dqn - Training loss: 1.3854668140411377
[DEBUG] 2025-12-10 21:11:35,467 - model.dqn - Training loss: 1.399095892906189
[DEBUG] 2025-12-10 21:11:35,747 - model.dqn - Training loss: 1.641012191772461
[DEBUG] 2025-12-10 21:11:36,029 - model.dqn - Training loss: 1.36317777633667
[DEBUG] 2025-12-10 21:11:36,312 - model.dqn - Training loss: 1.3306173086166382
[DEBUG] 2025-12-10 21:11:36,591 - model.dqn - Training loss: 1.3417621850967407
[DEBUG] 2025-12-10 21:11:36,871 - model.dqn - Training loss: 1.184348464012146
[DEBUG] 2025-12-10 21:11:37,156 - model.dqn - Training loss: 1.465181827545166
[DEBUG] 2025-12-10 21:11:37,437 - model.dqn - Training loss: 1.3047021627426147
[DEBUG] 2025-12-10 21:11:37,716 - model.dqn - Training loss: 1.5053833723068237
[DEBUG] 2025-12-10 21:11:37,995 - model.dqn - Training loss: 1.6535271406173706
[DEBUG] 2025-12-10 21:11:38,272 - model.dqn - Training loss: 1.105812907218933
[DEBUG] 2025-12-10 21:11:38,550 - model.dqn - Training loss: 1.2850388288497925
[DEBUG] 2025-12-10 21:11:38,831 - model.dqn - Training loss: 1.3461110591888428
[DEBUG] 2025-12-10 21:11:39,112 - model.dqn - Training loss: 1.2312798500061035
[DEBUG] 2025-12-10 21:11:39,390 - model.dqn - Training loss: 1.264773964881897
[DEBUG] 2025-12-10 21:11:39,674 - model.dqn - Training loss: 1.4294404983520508
[DEBUG] 2025-12-10 21:11:39,958 - model.dqn - Training loss: 1.7795321941375732
[DEBUG] 2025-12-10 21:11:40,239 - model.dqn - Training loss: 1.5033386945724487
[DEBUG] 2025-12-10 21:11:40,518 - model.dqn - Training loss: 1.4385677576065063
[DEBUG] 2025-12-10 21:11:40,802 - model.dqn - Training loss: 1.1064434051513672
[DEBUG] 2025-12-10 21:11:41,083 - model.dqn - Training loss: 1.5031769275665283
[DEBUG] 2025-12-10 21:11:41,360 - model.dqn - Training loss: 1.0660392045974731
[DEBUG] 2025-12-10 21:11:41,641 - model.dqn - Training loss: 1.5397526025772095
[DEBUG] 2025-12-10 21:11:41,920 - model.dqn - Training loss: 1.5629973411560059
[DEBUG] 2025-12-10 21:11:42,202 - model.dqn - Training loss: 1.4918197393417358
[DEBUG] 2025-12-10 21:11:42,487 - model.dqn - Training loss: 1.8232053518295288
[DEBUG] 2025-12-10 21:11:42,774 - model.dqn - Training loss: 1.2673696279525757
[DEBUG] 2025-12-10 21:11:43,059 - model.dqn - Training loss: 1.7413326501846313
[DEBUG] 2025-12-10 21:11:43,341 - model.dqn - Training loss: 1.2704520225524902
[DEBUG] 2025-12-10 21:11:43,627 - model.dqn - Training loss: 1.4893132448196411
[DEBUG] 2025-12-10 21:11:43,909 - model.dqn - Training loss: 1.3846882581710815
[DEBUG] 2025-12-10 21:11:44,190 - model.dqn - Training loss: 1.3643367290496826
[DEBUG] 2025-12-10 21:11:44,471 - model.dqn - Training loss: 1.1838597059249878
[DEBUG] 2025-12-10 21:11:44,754 - model.dqn - Training loss: 1.2029426097869873
[DEBUG] 2025-12-10 21:11:45,034 - model.dqn - Training loss: 1.4181451797485352
[DEBUG] 2025-12-10 21:11:45,319 - model.dqn - Training loss: 0.9107493162155151
[DEBUG] 2025-12-10 21:11:45,602 - model.dqn - Training loss: 1.311619520187378
[DEBUG] 2025-12-10 21:11:45,882 - model.dqn - Training loss: 1.2134926319122314
[DEBUG] 2025-12-10 21:11:46,161 - model.dqn - Training loss: 1.4403619766235352
[DEBUG] 2025-12-10 21:11:46,442 - model.dqn - Training loss: 1.535667896270752
[DEBUG] 2025-12-10 21:11:46,725 - model.dqn - Training loss: 1.3699992895126343
[DEBUG] 2025-12-10 21:11:47,003 - model.dqn - Training loss: 1.2601572275161743
[DEBUG] 2025-12-10 21:11:47,282 - model.dqn - Training loss: 1.3914272785186768
[DEBUG] 2025-12-10 21:11:47,562 - model.dqn - Training loss: 1.1823214292526245
[INFO] 2025-12-10 21:11:47,563 - main - Training completed. Move to evaluation phase.
[INFO] 2025-12-10 21:11:47,586 - verifier.verifier - Evaluation for protocol <atomic_commit> completed.
[INFO] 2025-12-10 21:11:47,586 - verifier.verifier - Setting: players=4, rounds=2
[INFO] 2025-12-10 21:11:47,586 - verifier.verifier - Result: 0 failed cases out of 35 total cases.
[INFO] 2025-12-10 21:11:47,586 - verifier.verifier - Accumulated reward: 35
[INFO] 2025-12-10 21:11:47,586 - main - All failed cases passed verification!
[INFO] 2025-12-10 21:11:47,586 - main - Move to final evaluation on all inputs.
[INFO] 2025-12-10 21:11:47,630 - verifier.verifier - Evaluation for protocol <atomic_commit> completed.
[INFO] 2025-12-10 21:11:47,630 - verifier.verifier - Setting: players=4, rounds=2
[INFO] 2025-12-10 21:11:47,630 - verifier.verifier - Result: 1 failed cases out of 69 total cases.
[INFO] 2025-12-10 21:11:47,630 - verifier.verifier - Accumulated reward: 64
[INFO] 2025-12-10 21:11:47,630 - main - 1 failed cases remain after final evaluation.
[INFO] 2025-12-10 21:11:47,630 - main - Epoch 40/100, training on 1 failed cases from last evaluation.
[DEBUG] 2025-12-10 21:11:47,910 - model.dqn - Training loss: 1.3132013082504272
[DEBUG] 2025-12-10 21:11:48,191 - model.dqn - Training loss: 1.1926746368408203
[DEBUG] 2025-12-10 21:11:48,470 - model.dqn - Training loss: 1.2723954916000366
[DEBUG] 2025-12-10 21:11:48,749 - model.dqn - Training loss: 1.7285557985305786
[DEBUG] 2025-12-10 21:11:49,028 - model.dqn - Training loss: 1.0656729936599731
[DEBUG] 2025-12-10 21:11:49,310 - model.dqn - Training loss: 1.3414645195007324
[DEBUG] 2025-12-10 21:11:49,591 - model.dqn - Training loss: 1.1414145231246948
[DEBUG] 2025-12-10 21:11:49,874 - model.dqn - Training loss: 1.1045641899108887
[DEBUG] 2025-12-10 21:11:50,158 - model.dqn - Training loss: 1.1876500844955444
[DEBUG] 2025-12-10 21:11:50,437 - model.dqn - Training loss: 0.9587751030921936
[DEBUG] 2025-12-10 21:11:50,718 - model.dqn - Training loss: 1.2360140085220337
[DEBUG] 2025-12-10 21:11:51,001 - model.dqn - Training loss: 1.4001095294952393
[DEBUG] 2025-12-10 21:11:51,281 - model.dqn - Training loss: 1.3811606168746948
[DEBUG] 2025-12-10 21:11:51,562 - model.dqn - Training loss: 1.2158812284469604
[DEBUG] 2025-12-10 21:11:51,844 - model.dqn - Training loss: 1.1483498811721802
[DEBUG] 2025-12-10 21:11:52,129 - model.dqn - Training loss: 1.2167961597442627
[DEBUG] 2025-12-10 21:11:52,413 - model.dqn - Training loss: 0.877490758895874
[DEBUG] 2025-12-10 21:11:52,698 - model.dqn - Training loss: 1.2817163467407227
[DEBUG] 2025-12-10 21:11:52,985 - model.dqn - Training loss: 1.5071319341659546
[DEBUG] 2025-12-10 21:11:53,269 - model.dqn - Training loss: 1.5175423622131348
[DEBUG] 2025-12-10 21:11:53,552 - model.dqn - Training loss: 1.9353820085525513
[DEBUG] 2025-12-10 21:11:53,836 - model.dqn - Training loss: 1.0108168125152588
[DEBUG] 2025-12-10 21:11:54,117 - model.dqn - Training loss: 1.4579647779464722
[DEBUG] 2025-12-10 21:11:54,398 - model.dqn - Training loss: 1.4362082481384277
[DEBUG] 2025-12-10 21:11:54,682 - model.dqn - Training loss: 1.1122424602508545
[DEBUG] 2025-12-10 21:11:54,963 - model.dqn - Training loss: 1.4132317304611206
[DEBUG] 2025-12-10 21:11:55,248 - model.dqn - Training loss: 1.2853562831878662
[DEBUG] 2025-12-10 21:11:55,529 - model.dqn - Training loss: 1.2514708042144775
[DEBUG] 2025-12-10 21:11:55,811 - model.dqn - Training loss: 1.6449300050735474
[DEBUG] 2025-12-10 21:11:56,093 - model.dqn - Training loss: 1.709506630897522
[DEBUG] 2025-12-10 21:11:56,376 - model.dqn - Training loss: 1.695207953453064
[DEBUG] 2025-12-10 21:11:56,656 - model.dqn - Training loss: 1.402906894683838
[DEBUG] 2025-12-10 21:11:56,937 - model.dqn - Training loss: 1.640809416770935
[DEBUG] 2025-12-10 21:11:57,221 - model.dqn - Training loss: 1.2136627435684204
[DEBUG] 2025-12-10 21:11:57,505 - model.dqn - Training loss: 1.5299932956695557
[DEBUG] 2025-12-10 21:11:57,791 - model.dqn - Training loss: 1.609647512435913
[DEBUG] 2025-12-10 21:11:58,076 - model.dqn - Training loss: 1.4879335165023804
[DEBUG] 2025-12-10 21:11:58,358 - model.dqn - Training loss: 1.3937628269195557
[DEBUG] 2025-12-10 21:11:58,644 - model.dqn - Training loss: 1.303796410560608
[DEBUG] 2025-12-10 21:11:58,927 - model.dqn - Training loss: 1.4538356065750122
[DEBUG] 2025-12-10 21:11:59,213 - model.dqn - Training loss: 1.4458774328231812
[DEBUG] 2025-12-10 21:11:59,498 - model.dqn - Training loss: 1.3945151567459106
[DEBUG] 2025-12-10 21:11:59,781 - model.dqn - Training loss: 1.4808322191238403
[DEBUG] 2025-12-10 21:12:00,067 - model.dqn - Training loss: 1.4212932586669922
[DEBUG] 2025-12-10 21:12:00,351 - model.dqn - Training loss: 1.6889251470565796
[DEBUG] 2025-12-10 21:12:00,633 - model.dqn - Training loss: 1.2550643682479858
[DEBUG] 2025-12-10 21:12:00,916 - model.dqn - Training loss: 0.9710042476654053
[DEBUG] 2025-12-10 21:12:01,198 - model.dqn - Training loss: 1.4063280820846558
[DEBUG] 2025-12-10 21:12:01,476 - model.dqn - Training loss: 1.0894001722335815
[DEBUG] 2025-12-10 21:12:01,757 - model.dqn - Training loss: 1.424717664718628
[DEBUG] 2025-12-10 21:12:02,042 - model.dqn - Training loss: 1.2387070655822754
[DEBUG] 2025-12-10 21:12:02,322 - model.dqn - Training loss: 1.598175287246704
[DEBUG] 2025-12-10 21:12:02,607 - model.dqn - Training loss: 1.2358713150024414
[DEBUG] 2025-12-10 21:12:02,888 - model.dqn - Training loss: 1.543527364730835
[DEBUG] 2025-12-10 21:12:03,172 - model.dqn - Training loss: 1.2259386777877808
[DEBUG] 2025-12-10 21:12:03,455 - model.dqn - Training loss: 1.3375009298324585
[DEBUG] 2025-12-10 21:12:03,745 - model.dqn - Training loss: 1.5245994329452515
[DEBUG] 2025-12-10 21:12:04,035 - model.dqn - Training loss: 1.6360738277435303
[DEBUG] 2025-12-10 21:12:04,324 - model.dqn - Training loss: 1.3210068941116333
[DEBUG] 2025-12-10 21:12:04,620 - model.dqn - Training loss: 1.1521457433700562
[DEBUG] 2025-12-10 21:12:04,918 - model.dqn - Training loss: 1.0340113639831543
[DEBUG] 2025-12-10 21:12:05,227 - model.dqn - Training loss: 0.9359642863273621
[DEBUG] 2025-12-10 21:12:05,535 - model.dqn - Training loss: 1.1405619382858276
[DEBUG] 2025-12-10 21:12:05,837 - model.dqn - Training loss: 1.5881808996200562
[DEBUG] 2025-12-10 21:12:06,132 - model.dqn - Training loss: 1.431573748588562
[DEBUG] 2025-12-10 21:12:06,419 - model.dqn - Training loss: 0.7237476706504822
[DEBUG] 2025-12-10 21:12:06,705 - model.dqn - Training loss: 0.8579340577125549
[DEBUG] 2025-12-10 21:12:06,992 - model.dqn - Training loss: 1.4978039264678955
[DEBUG] 2025-12-10 21:12:07,277 - model.dqn - Training loss: 1.2694636583328247
[DEBUG] 2025-12-10 21:12:07,566 - model.dqn - Training loss: 1.232875943183899
[DEBUG] 2025-12-10 21:12:07,858 - model.dqn - Training loss: 1.0159779787063599
[DEBUG] 2025-12-10 21:12:08,146 - model.dqn - Training loss: 1.007557988166809
[DEBUG] 2025-12-10 21:12:08,431 - model.dqn - Training loss: 1.1648367643356323
[DEBUG] 2025-12-10 21:12:08,713 - model.dqn - Training loss: 1.0325982570648193
[DEBUG] 2025-12-10 21:12:08,992 - model.dqn - Training loss: 1.279585599899292
[DEBUG] 2025-12-10 21:12:09,269 - model.dqn - Training loss: 1.1179815530776978
[DEBUG] 2025-12-10 21:12:09,551 - model.dqn - Training loss: 1.1862858533859253
[DEBUG] 2025-12-10 21:12:09,832 - model.dqn - Training loss: 0.8080662488937378
[DEBUG] 2025-12-10 21:12:10,113 - model.dqn - Training loss: 1.2541184425354004
[DEBUG] 2025-12-10 21:12:10,394 - model.dqn - Training loss: 1.0064760446548462
[DEBUG] 2025-12-10 21:12:10,676 - model.dqn - Training loss: 1.5912764072418213
[DEBUG] 2025-12-10 21:12:10,958 - model.dqn - Training loss: 0.968451976776123
[DEBUG] 2025-12-10 21:12:11,239 - model.dqn - Training loss: 0.6598505973815918
[DEBUG] 2025-12-10 21:12:11,518 - model.dqn - Training loss: 1.087287187576294
[DEBUG] 2025-12-10 21:12:11,792 - model.dqn - Training loss: 0.9232582449913025
[DEBUG] 2025-12-10 21:12:12,068 - model.dqn - Training loss: 1.2026809453964233
[DEBUG] 2025-12-10 21:12:12,347 - model.dqn - Training loss: 0.8358681797981262
[DEBUG] 2025-12-10 21:12:12,625 - model.dqn - Training loss: 0.8738784790039062
[DEBUG] 2025-12-10 21:12:12,904 - model.dqn - Training loss: 0.8008885979652405
[DEBUG] 2025-12-10 21:12:13,182 - model.dqn - Training loss: 0.7699496150016785
[DEBUG] 2025-12-10 21:12:13,460 - model.dqn - Training loss: 0.5702911615371704
[DEBUG] 2025-12-10 21:12:13,738 - model.dqn - Training loss: 1.0258573293685913
[DEBUG] 2025-12-10 21:12:14,018 - model.dqn - Training loss: 0.7996466755867004
[DEBUG] 2025-12-10 21:12:14,299 - model.dqn - Training loss: 0.7876867651939392
[DEBUG] 2025-12-10 21:12:14,578 - model.dqn - Training loss: 1.2696322202682495
[DEBUG] 2025-12-10 21:12:14,854 - model.dqn - Training loss: 0.961836040019989
[DEBUG] 2025-12-10 21:12:15,133 - model.dqn - Training loss: 0.8506781458854675
[DEBUG] 2025-12-10 21:12:15,411 - model.dqn - Training loss: 0.8846235871315002
[DEBUG] 2025-12-10 21:12:15,691 - model.dqn - Training loss: 0.9548630714416504
[DEBUG] 2025-12-10 21:12:15,973 - model.dqn - Training loss: 1.0055187940597534
[INFO] 2025-12-10 21:12:15,973 - main - Training completed. Move to evaluation phase.
[INFO] 2025-12-10 21:12:15,974 - verifier.verifier - Evaluation for protocol <atomic_commit> completed.
[INFO] 2025-12-10 21:12:15,974 - verifier.verifier - Setting: players=4, rounds=2
[INFO] 2025-12-10 21:12:15,974 - verifier.verifier - Result: 0 failed cases out of 1 total cases.
[INFO] 2025-12-10 21:12:15,974 - verifier.verifier - Accumulated reward: 2
[INFO] 2025-12-10 21:12:15,974 - main - All failed cases passed verification!
[INFO] 2025-12-10 21:12:15,974 - main - Move to final evaluation on all inputs.
[INFO] 2025-12-10 21:12:16,019 - verifier.verifier - Evaluation for protocol <atomic_commit> completed.
[INFO] 2025-12-10 21:12:16,019 - verifier.verifier - Setting: players=4, rounds=2
[INFO] 2025-12-10 21:12:16,019 - verifier.verifier - Result: 4 failed cases out of 69 total cases.
[INFO] 2025-12-10 21:12:16,019 - verifier.verifier - Accumulated reward: 51
[INFO] 2025-12-10 21:12:16,019 - main - 4 failed cases remain after final evaluation.
[INFO] 2025-12-10 21:12:16,019 - main - Epoch 41/100, training on 4 failed cases from last evaluation.
[DEBUG] 2025-12-10 21:12:16,297 - model.dqn - Training loss: 0.6352478265762329
[DEBUG] 2025-12-10 21:12:16,574 - model.dqn - Training loss: 0.6590018272399902
[DEBUG] 2025-12-10 21:12:16,854 - model.dqn - Training loss: 0.9540259838104248
[DEBUG] 2025-12-10 21:12:17,134 - model.dqn - Training loss: 0.8827385306358337
[DEBUG] 2025-12-10 21:12:17,411 - model.dqn - Training loss: 1.1386982202529907
[DEBUG] 2025-12-10 21:12:17,687 - model.dqn - Training loss: 1.1448689699172974
[DEBUG] 2025-12-10 21:12:17,963 - model.dqn - Training loss: 0.7745230197906494
[DEBUG] 2025-12-10 21:12:18,238 - model.dqn - Training loss: 1.183087706565857
[DEBUG] 2025-12-10 21:12:18,516 - model.dqn - Training loss: 0.8689889311790466
[DEBUG] 2025-12-10 21:12:18,792 - model.dqn - Training loss: 0.7446467280387878
[DEBUG] 2025-12-10 21:12:19,070 - model.dqn - Training loss: 1.343761682510376
[DEBUG] 2025-12-10 21:12:19,346 - model.dqn - Training loss: 0.6918237209320068
[DEBUG] 2025-12-10 21:12:19,624 - model.dqn - Training loss: 0.9683312177658081
[DEBUG] 2025-12-10 21:12:19,901 - model.dqn - Training loss: 0.8963237404823303
[DEBUG] 2025-12-10 21:12:20,176 - model.dqn - Training loss: 0.6029918193817139
[DEBUG] 2025-12-10 21:12:20,454 - model.dqn - Training loss: 0.6900973320007324
[DEBUG] 2025-12-10 21:12:20,731 - model.dqn - Training loss: 0.6620962619781494
[DEBUG] 2025-12-10 21:12:21,010 - model.dqn - Training loss: 0.8056977987289429
[DEBUG] 2025-12-10 21:12:21,289 - model.dqn - Training loss: 0.9369657635688782
[DEBUG] 2025-12-10 21:12:21,567 - model.dqn - Training loss: 0.5272905826568604
[DEBUG] 2025-12-10 21:12:21,845 - model.dqn - Training loss: 0.6495642066001892
[DEBUG] 2025-12-10 21:12:22,120 - model.dqn - Training loss: 0.7452138662338257
[DEBUG] 2025-12-10 21:12:22,398 - model.dqn - Training loss: 0.973991334438324
[DEBUG] 2025-12-10 21:12:22,676 - model.dqn - Training loss: 0.5482063889503479
[DEBUG] 2025-12-10 21:12:22,953 - model.dqn - Training loss: 0.7189750671386719
[DEBUG] 2025-12-10 21:12:23,231 - model.dqn - Training loss: 1.0017234086990356
[DEBUG] 2025-12-10 21:12:23,508 - model.dqn - Training loss: 0.6966814994812012
[DEBUG] 2025-12-10 21:12:23,786 - model.dqn - Training loss: 0.9984419941902161
[DEBUG] 2025-12-10 21:12:24,064 - model.dqn - Training loss: 1.1026480197906494
[DEBUG] 2025-12-10 21:12:24,343 - model.dqn - Training loss: 0.8700377941131592
[DEBUG] 2025-12-10 21:12:24,622 - model.dqn - Training loss: 0.9566704630851746
[DEBUG] 2025-12-10 21:12:24,900 - model.dqn - Training loss: 0.8888193964958191
[DEBUG] 2025-12-10 21:12:25,179 - model.dqn - Training loss: 0.7796957492828369
[DEBUG] 2025-12-10 21:12:25,454 - model.dqn - Training loss: 0.8683412671089172
[DEBUG] 2025-12-10 21:12:25,733 - model.dqn - Training loss: 0.586136519908905
[DEBUG] 2025-12-10 21:12:26,010 - model.dqn - Training loss: 0.37206411361694336
[DEBUG] 2025-12-10 21:12:26,288 - model.dqn - Training loss: 0.792684018611908
[DEBUG] 2025-12-10 21:12:26,569 - model.dqn - Training loss: 0.6340562701225281
[DEBUG] 2025-12-10 21:12:26,849 - model.dqn - Training loss: 0.6377330422401428
[DEBUG] 2025-12-10 21:12:27,128 - model.dqn - Training loss: 1.0015336275100708
[DEBUG] 2025-12-10 21:12:27,406 - model.dqn - Training loss: 0.8056715130805969
[DEBUG] 2025-12-10 21:12:27,684 - model.dqn - Training loss: 0.8586483597755432
[DEBUG] 2025-12-10 21:12:27,962 - model.dqn - Training loss: 0.31116554141044617
[DEBUG] 2025-12-10 21:12:28,240 - model.dqn - Training loss: 0.7172755599021912
[DEBUG] 2025-12-10 21:12:28,517 - model.dqn - Training loss: 0.7025743126869202
[DEBUG] 2025-12-10 21:12:28,794 - model.dqn - Training loss: 1.0853376388549805
[DEBUG] 2025-12-10 21:12:29,070 - model.dqn - Training loss: 0.9089681506156921
[DEBUG] 2025-12-10 21:12:29,346 - model.dqn - Training loss: 0.6849390268325806
[DEBUG] 2025-12-10 21:12:29,624 - model.dqn - Training loss: 0.8525556921958923
[DEBUG] 2025-12-10 21:12:29,901 - model.dqn - Training loss: 0.7771066427230835
[DEBUG] 2025-12-10 21:12:30,181 - model.dqn - Training loss: 0.4650128483772278
[DEBUG] 2025-12-10 21:12:30,461 - model.dqn - Training loss: 0.6271681189537048
[DEBUG] 2025-12-10 21:12:30,739 - model.dqn - Training loss: 0.8427321910858154
[DEBUG] 2025-12-10 21:12:31,021 - model.dqn - Training loss: 0.8114158511161804
[DEBUG] 2025-12-10 21:12:31,301 - model.dqn - Training loss: 0.7179213166236877
[DEBUG] 2025-12-10 21:12:31,585 - model.dqn - Training loss: 0.95390385389328
[DEBUG] 2025-12-10 21:12:31,868 - model.dqn - Training loss: 0.9808180928230286
[DEBUG] 2025-12-10 21:12:32,150 - model.dqn - Training loss: 0.45823270082473755
[DEBUG] 2025-12-10 21:12:32,428 - model.dqn - Training loss: 0.6288225054740906
[DEBUG] 2025-12-10 21:12:32,705 - model.dqn - Training loss: 0.9870083332061768
[DEBUG] 2025-12-10 21:12:32,986 - model.dqn - Training loss: 0.685190737247467
[DEBUG] 2025-12-10 21:12:33,267 - model.dqn - Training loss: 0.8657273650169373
[DEBUG] 2025-12-10 21:12:33,547 - model.dqn - Training loss: 0.6446192860603333
[DEBUG] 2025-12-10 21:12:33,828 - model.dqn - Training loss: 1.022892713546753
[DEBUG] 2025-12-10 21:12:34,107 - model.dqn - Training loss: 0.8823996186256409
[DEBUG] 2025-12-10 21:12:34,387 - model.dqn - Training loss: 0.03314482420682907
[DEBUG] 2025-12-10 21:12:34,665 - model.dqn - Training loss: 0.3455063998699188
[DEBUG] 2025-12-10 21:12:34,945 - model.dqn - Training loss: 0.658908486366272
[DEBUG] 2025-12-10 21:12:35,223 - model.dqn - Training loss: 0.5674974918365479
[DEBUG] 2025-12-10 21:12:35,503 - model.dqn - Training loss: 0.544976532459259
[DEBUG] 2025-12-10 21:12:35,783 - model.dqn - Training loss: 0.40414494276046753
[DEBUG] 2025-12-10 21:12:36,057 - model.dqn - Training loss: 0.5730711221694946
[DEBUG] 2025-12-10 21:12:36,338 - model.dqn - Training loss: 0.37099894881248474
[DEBUG] 2025-12-10 21:12:36,617 - model.dqn - Training loss: 0.19106259942054749
[DEBUG] 2025-12-10 21:12:36,893 - model.dqn - Training loss: 0.8158650994300842
[DEBUG] 2025-12-10 21:12:37,172 - model.dqn - Training loss: 0.3738895058631897
[DEBUG] 2025-12-10 21:12:37,451 - model.dqn - Training loss: 0.46245473623275757
[DEBUG] 2025-12-10 21:12:37,734 - model.dqn - Training loss: 0.5068950057029724
[DEBUG] 2025-12-10 21:12:38,014 - model.dqn - Training loss: 0.30739107728004456
[DEBUG] 2025-12-10 21:12:38,290 - model.dqn - Training loss: 0.4509259760379791
[DEBUG] 2025-12-10 21:12:38,569 - model.dqn - Training loss: 0.4890928566455841
[DEBUG] 2025-12-10 21:12:38,850 - model.dqn - Training loss: 0.6739727854728699
[DEBUG] 2025-12-10 21:12:39,131 - model.dqn - Training loss: 0.46357154846191406
[DEBUG] 2025-12-10 21:12:39,408 - model.dqn - Training loss: 0.36794134974479675
[DEBUG] 2025-12-10 21:12:39,683 - model.dqn - Training loss: 0.5915125012397766
[DEBUG] 2025-12-10 21:12:39,959 - model.dqn - Training loss: 0.7053731679916382
[DEBUG] 2025-12-10 21:12:40,234 - model.dqn - Training loss: 0.535851240158081
[DEBUG] 2025-12-10 21:12:40,510 - model.dqn - Training loss: 0.47325369715690613
[DEBUG] 2025-12-10 21:12:40,783 - model.dqn - Training loss: 0.35540565848350525
[DEBUG] 2025-12-10 21:12:41,058 - model.dqn - Training loss: 0.864590048789978
[DEBUG] 2025-12-10 21:12:41,336 - model.dqn - Training loss: 0.25550949573516846
[DEBUG] 2025-12-10 21:12:41,612 - model.dqn - Training loss: 0.3133833706378937
[DEBUG] 2025-12-10 21:12:41,886 - model.dqn - Training loss: 0.28915712237358093
[DEBUG] 2025-12-10 21:12:42,160 - model.dqn - Training loss: 0.42672908306121826
[DEBUG] 2025-12-10 21:12:42,436 - model.dqn - Training loss: 0.45817822217941284
[DEBUG] 2025-12-10 21:12:42,717 - model.dqn - Training loss: 0.6749781370162964
[DEBUG] 2025-12-10 21:12:42,994 - model.dqn - Training loss: 0.23663300275802612
[DEBUG] 2025-12-10 21:12:43,272 - model.dqn - Training loss: 0.41174137592315674
[DEBUG] 2025-12-10 21:12:43,547 - model.dqn - Training loss: 0.4841710329055786
[DEBUG] 2025-12-10 21:12:43,823 - model.dqn - Training loss: 0.11283905804157257
[INFO] 2025-12-10 21:12:43,824 - main - Training completed. Move to evaluation phase.
[INFO] 2025-12-10 21:12:43,826 - verifier.verifier - Evaluation for protocol <atomic_commit> completed.
[INFO] 2025-12-10 21:12:43,826 - verifier.verifier - Setting: players=4, rounds=2
[INFO] 2025-12-10 21:12:43,826 - verifier.verifier - Result: 0 failed cases out of 4 total cases.
[INFO] 2025-12-10 21:12:43,826 - verifier.verifier - Accumulated reward: 8
[INFO] 2025-12-10 21:12:43,826 - main - All failed cases passed verification!
[INFO] 2025-12-10 21:12:43,827 - main - Move to final evaluation on all inputs.
[INFO] 2025-12-10 21:12:43,871 - verifier.verifier - Evaluation for protocol <atomic_commit> completed.
[INFO] 2025-12-10 21:12:43,871 - verifier.verifier - Setting: players=4, rounds=2
[INFO] 2025-12-10 21:12:43,871 - verifier.verifier - Result: 0 failed cases out of 69 total cases.
[INFO] 2025-12-10 21:12:43,871 - verifier.verifier - Accumulated reward: 75
[INFO] 2025-12-10 21:12:43,871 - main - All cases passed verification! Training successful.
[INFO] 2025-12-10 21:12:43,871 - main - Saving trained model to results/temp/dqn_st_4_2.pth...
[INFO] 2025-12-10 21:12:43,874 - main - Model saved successfully.
