[INFO] 2025-11-23 20:36:56,785 - main - ===== Evaluation Mode =====
[INFO] 2025-11-23 20:36:56,785 - main - Evaluating protocol: atomic_commit with 4 players and 2 rounds.
[INFO] 2025-11-23 20:36:56,785 - main - Generating all possible input patterns...
[INFO] 2025-11-23 20:36:56,785 - main - Input patterns generated.
[INFO] 2025-11-23 20:36:56,785 - main - Using ground truth for evaluation.
[INFO] 2025-11-23 20:36:56,785 - main - Ground truth protocol check passed.
[INFO] 2025-11-23 20:36:56,785 - verifier.verifier - Final global state: [<State.Abort: 0>, <State.Abort: 0>, <State.Abort: 0>, <State.Abort: 0>]
[INFO] 2025-11-23 20:36:56,786 - verifier.verifier - Final global state: [<State.Abort: 0>, <State.Abort: 0>, <State.Abort: 0>, <State.Abort: 0>]
[INFO] 2025-11-23 20:36:56,786 - verifier.verifier - Final global state: [<State.Abort: 0>, <State.Abort: 0>, <State.Abort: 0>, <State.Abort: 0>]
[INFO] 2025-11-23 20:36:56,786 - verifier.verifier - Final global state: [<State.Abort: 0>, <State.Abort: 0>, <State.Abort: 0>, <State.Abort: 0>]
[INFO] 2025-11-23 20:36:56,786 - verifier.verifier - Final global state: [<State.Abort: 0>, <State.Abort: 0>, <State.Abort: 0>, <State.Abort: 0>]
[INFO] 2025-11-23 20:36:56,786 - verifier.verifier - Final global state: [<State.Abort: 0>, <State.Abort: 0>, <State.Abort: 0>, <State.Abort: 0>]
[INFO] 2025-11-23 20:36:56,786 - verifier.verifier - Final global state: [<State.Abort: 0>, <State.Abort: 0>, <State.Abort: 0>, <State.Abort: 0>]
[INFO] 2025-11-23 20:36:56,786 - verifier.verifier - Final global state: [<State.Abort: 0>, <State.Abort: 0>, <State.Abort: 0>, <State.Abort: 0>]
[INFO] 2025-11-23 20:36:56,786 - verifier.verifier - Final global state: [<State.Abort: 0>, <State.Abort: 0>, <State.Abort: 0>, <State.Abort: 0>]
[INFO] 2025-11-23 20:36:56,786 - verifier.verifier - Final global state: [<State.Abort: 0>, <State.Abort: 0>, <State.Abort: 0>, <State.Abort: 0>]
[INFO] 2025-11-23 20:36:56,786 - verifier.verifier - Final global state: [<State.Abort: 0>, <State.Abort: 0>, <State.Abort: 0>, <State.Abort: 0>]
[INFO] 2025-11-23 20:36:56,786 - verifier.verifier - Final global state: [<State.Abort: 0>, <State.Abort: 0>, <State.Abort: 0>, <State.Abort: 0>]
[INFO] 2025-11-23 20:36:56,786 - verifier.verifier - Final global state: [<State.Abort: 0>, <State.Abort: 0>, <State.Abort: 0>, <State.Abort: 0>]
[INFO] 2025-11-23 20:36:56,786 - verifier.verifier - Final global state: [<State.Abort: 0>, <State.Abort: 0>, <State.Abort: 0>, <State.Abort: 0>]
[INFO] 2025-11-23 20:36:56,786 - verifier.verifier - Final global state: [<State.Abort: 0>, <State.Abort: 0>, <State.Abort: 0>, <State.Abort: 0>]
[INFO] 2025-11-23 20:36:56,786 - verifier.verifier - Final global state: [<State.Abort: 0>, <State.Abort: 0>, <State.Abort: 0>, <State.Abort: 0>]
[INFO] 2025-11-23 20:36:56,786 - verifier.verifier - Final global state: [<State.Abort: 0>, <State.Abort: 0>, <State.Abort: 0>, <State.Abort: 0>]
[INFO] 2025-11-23 20:36:56,786 - verifier.verifier - Final global state: [<State.Abort: 0>, <State.Abort: 0>, <State.Abort: 0>, <State.Abort: 0>]
[INFO] 2025-11-23 20:36:56,787 - verifier.verifier - Final global state: [<State.Abort: 0>, <State.Abort: 0>, <State.Abort: 0>, <State.Abort: 0>]
[INFO] 2025-11-23 20:36:56,787 - verifier.verifier - Final global state: [<State.Abort: 0>, <State.Abort: 0>, <State.Abort: 0>, <State.Abort: 0>]
[INFO] 2025-11-23 20:36:56,787 - verifier.verifier - Final global state: [<State.Abort: 0>, <State.Abort: 0>, <State.Abort: 0>, <State.Abort: 0>]
[INFO] 2025-11-23 20:36:56,787 - verifier.verifier - Final global state: [<State.Abort: 0>, <State.Abort: 0>, <State.Abort: 0>, <State.Abort: 0>]
[INFO] 2025-11-23 20:36:56,787 - verifier.verifier - Final global state: [<State.Abort: 0>, <State.Abort: 0>, <State.Abort: 0>, <State.Abort: 0>]
[INFO] 2025-11-23 20:36:56,787 - verifier.verifier - Final global state: [<State.Abort: 0>, <State.Abort: 0>, <State.Abort: 0>, <State.Abort: 0>]
[INFO] 2025-11-23 20:36:56,787 - verifier.verifier - Final global state: [<State.Abort: 0>, <State.Abort: 0>, <State.Abort: 0>, <State.Abort: 0>]
[INFO] 2025-11-23 20:36:56,787 - verifier.verifier - Final global state: [<State.Abort: 0>, <State.Abort: 0>, <State.Abort: 0>, <State.Abort: 0>]
[INFO] 2025-11-23 20:36:56,787 - verifier.verifier - Final global state: [<State.Abort: 0>, <State.Abort: 0>, <State.Abort: 0>, <State.Abort: 0>]
[INFO] 2025-11-23 20:36:56,787 - verifier.verifier - Final global state: [<State.Abort: 0>, <State.Abort: 0>, <State.Abort: 0>, <State.Abort: 0>]
[INFO] 2025-11-23 20:36:56,787 - verifier.verifier - Final global state: [<State.Abort: 0>, <State.Abort: 0>, <State.Abort: 0>, <State.Abort: 0>]
[INFO] 2025-11-23 20:36:56,787 - verifier.verifier - Final global state: [<State.Abort: 0>, <State.Abort: 0>, <State.Abort: 0>, <State.Abort: 0>]
[INFO] 2025-11-23 20:36:56,787 - verifier.verifier - Final global state: [<State.Abort: 0>, <State.Abort: 0>, <State.Abort: 0>, <State.Abort: 0>]
[INFO] 2025-11-23 20:36:56,787 - verifier.verifier - Final global state: [<State.Abort: 0>, <State.Abort: 0>, <State.Abort: 0>, <State.Abort: 0>]
[INFO] 2025-11-23 20:36:56,787 - verifier.verifier - Final global state: [<State.Abort: 0>, <State.Abort: 0>, <State.Abort: 0>, <State.Abort: 0>]
[INFO] 2025-11-23 20:36:56,787 - verifier.verifier - Final global state: [<State.Lost: 4>, <State.Abort: 0>, <State.Abort: 0>, <State.Abort: 0>]
[INFO] 2025-11-23 20:36:56,787 - verifier.verifier - Final global state: [<State.Lost: 4>, <State.Abort: 0>, <State.Abort: 0>, <State.Abort: 0>]
[INFO] 2025-11-23 20:36:56,787 - verifier.verifier - Final global state: [<State.Lost: 4>, <State.Abort: 0>, <State.Abort: 0>, <State.Abort: 0>]
[INFO] 2025-11-23 20:36:56,787 - verifier.verifier - Final global state: [<State.Lost: 4>, <State.Abort: 0>, <State.Abort: 0>, <State.Abort: 0>]
[INFO] 2025-11-23 20:36:56,788 - verifier.verifier - Final global state: [<State.Lost: 4>, <State.Abort: 0>, <State.Abort: 0>, <State.Abort: 0>]
[INFO] 2025-11-23 20:36:56,788 - verifier.verifier - Final global state: [<State.Lost: 4>, <State.Abort: 0>, <State.Abort: 0>, <State.Abort: 0>]
[INFO] 2025-11-23 20:36:56,788 - verifier.verifier - Final global state: [<State.Lost: 4>, <State.Abort: 0>, <State.Abort: 0>, <State.Abort: 0>]
[INFO] 2025-11-23 20:36:56,788 - verifier.verifier - Final global state: [<State.Lost: 4>, <State.Abort: 0>, <State.Abort: 0>, <State.Abort: 0>]
[INFO] 2025-11-23 20:36:56,788 - verifier.verifier - Final global state: [<State.Abort: 0>, <State.Lost: 4>, <State.Abort: 0>, <State.Abort: 0>]
[INFO] 2025-11-23 20:36:56,788 - verifier.verifier - Final global state: [<State.Abort: 0>, <State.Lost: 4>, <State.Abort: 0>, <State.Abort: 0>]
[INFO] 2025-11-23 20:36:56,788 - verifier.verifier - Final global state: [<State.Abort: 0>, <State.Lost: 4>, <State.Abort: 0>, <State.Abort: 0>]
[INFO] 2025-11-23 20:36:56,788 - verifier.verifier - Final global state: [<State.Abort: 0>, <State.Lost: 4>, <State.Abort: 0>, <State.Abort: 0>]
[INFO] 2025-11-23 20:36:56,788 - verifier.verifier - Final global state: [<State.Abort: 0>, <State.Lost: 4>, <State.Abort: 0>, <State.Abort: 0>]
[INFO] 2025-11-23 20:36:56,788 - verifier.verifier - Final global state: [<State.Abort: 0>, <State.Lost: 4>, <State.Abort: 0>, <State.Abort: 0>]
[INFO] 2025-11-23 20:36:56,788 - verifier.verifier - Final global state: [<State.Abort: 0>, <State.Lost: 4>, <State.Abort: 0>, <State.Abort: 0>]
[INFO] 2025-11-23 20:36:56,788 - verifier.verifier - Final global state: [<State.Abort: 0>, <State.Lost: 4>, <State.Abort: 0>, <State.Abort: 0>]
[INFO] 2025-11-23 20:36:56,788 - verifier.verifier - Final global state: [<State.Abort: 0>, <State.Abort: 0>, <State.Lost: 4>, <State.Abort: 0>]
[INFO] 2025-11-23 20:36:56,788 - verifier.verifier - Final global state: [<State.Abort: 0>, <State.Abort: 0>, <State.Lost: 4>, <State.Abort: 0>]
[INFO] 2025-11-23 20:36:56,788 - verifier.verifier - Final global state: [<State.Abort: 0>, <State.Abort: 0>, <State.Lost: 4>, <State.Abort: 0>]
[INFO] 2025-11-23 20:36:56,788 - verifier.verifier - Final global state: [<State.Abort: 0>, <State.Abort: 0>, <State.Lost: 4>, <State.Abort: 0>]
[INFO] 2025-11-23 20:36:56,788 - verifier.verifier - Final global state: [<State.Abort: 0>, <State.Abort: 0>, <State.Lost: 4>, <State.Abort: 0>]
[INFO] 2025-11-23 20:36:56,788 - verifier.verifier - Final global state: [<State.Abort: 0>, <State.Abort: 0>, <State.Lost: 4>, <State.Abort: 0>]
[INFO] 2025-11-23 20:36:56,788 - verifier.verifier - Final global state: [<State.Abort: 0>, <State.Abort: 0>, <State.Lost: 4>, <State.Abort: 0>]
[INFO] 2025-11-23 20:36:56,788 - verifier.verifier - Final global state: [<State.Abort: 0>, <State.Abort: 0>, <State.Lost: 4>, <State.Abort: 0>]
[INFO] 2025-11-23 20:36:56,788 - verifier.verifier - Final global state: [<State.Abort: 0>, <State.Abort: 0>, <State.Abort: 0>, <State.Lost: 4>]
[INFO] 2025-11-23 20:36:56,789 - verifier.verifier - Final global state: [<State.Abort: 0>, <State.Abort: 0>, <State.Abort: 0>, <State.Lost: 4>]
[INFO] 2025-11-23 20:36:56,789 - verifier.verifier - Final global state: [<State.Abort: 0>, <State.Abort: 0>, <State.Abort: 0>, <State.Lost: 4>]
[INFO] 2025-11-23 20:36:56,789 - verifier.verifier - Final global state: [<State.Abort: 0>, <State.Abort: 0>, <State.Abort: 0>, <State.Lost: 4>]
[INFO] 2025-11-23 20:36:56,789 - verifier.verifier - Final global state: [<State.Abort: 0>, <State.Abort: 0>, <State.Abort: 0>, <State.Lost: 4>]
[INFO] 2025-11-23 20:36:56,789 - verifier.verifier - Final global state: [<State.Abort: 0>, <State.Abort: 0>, <State.Abort: 0>, <State.Lost: 4>]
[INFO] 2025-11-23 20:36:56,789 - verifier.verifier - Final global state: [<State.Abort: 0>, <State.Abort: 0>, <State.Abort: 0>, <State.Lost: 4>]
[INFO] 2025-11-23 20:36:56,789 - verifier.verifier - Final global state: [<State.Abort: 0>, <State.Abort: 0>, <State.Abort: 0>, <State.Lost: 4>]
[INFO] 2025-11-23 20:36:56,789 - verifier.verifier - Final global state: [<State.Abort: 0>, <State.Abort: 0>, <State.Abort: 0>, <State.Abort: 0>]
[INFO] 2025-11-23 20:36:56,789 - verifier.verifier - Final global state: [<State.Abort: 0>, <State.Abort: 0>, <State.Abort: 0>, <State.Abort: 0>]
[INFO] 2025-11-23 20:36:56,789 - verifier.verifier - Final global state: [<State.Abort: 0>, <State.Abort: 0>, <State.Abort: 0>, <State.Abort: 0>]
[INFO] 2025-11-23 20:36:56,789 - verifier.verifier - Final global state: [<State.Abort: 0>, <State.Abort: 0>, <State.Abort: 0>, <State.Abort: 0>]
[INFO] 2025-11-23 20:36:56,789 - verifier.verifier - Final global state: [<State.Abort: 0>, <State.Abort: 0>, <State.Abort: 0>, <State.Abort: 0>]
[INFO] 2025-11-23 20:36:56,789 - verifier.verifier - Final global state: [<State.Abort: 0>, <State.Abort: 0>, <State.Abort: 0>, <State.Abort: 0>]
[INFO] 2025-11-23 20:36:56,789 - verifier.verifier - Final global state: [<State.Abort: 0>, <State.Abort: 0>, <State.Abort: 0>, <State.Abort: 0>]
[INFO] 2025-11-23 20:36:56,789 - verifier.verifier - Final global state: [<State.Abort: 0>, <State.Abort: 0>, <State.Abort: 0>, <State.Abort: 0>]
[INFO] 2025-11-23 20:36:56,789 - verifier.verifier - Final global state: [<State.Abort: 0>, <State.Abort: 0>, <State.Abort: 0>, <State.Abort: 0>]
[INFO] 2025-11-23 20:36:56,789 - verifier.verifier - Final global state: [<State.Abort: 0>, <State.Abort: 0>, <State.Abort: 0>, <State.Abort: 0>]
[INFO] 2025-11-23 20:36:56,789 - verifier.verifier - Final global state: [<State.Abort: 0>, <State.Abort: 0>, <State.Abort: 0>, <State.Abort: 0>]
[INFO] 2025-11-23 20:36:56,789 - verifier.verifier - Final global state: [<State.Abort: 0>, <State.Abort: 0>, <State.Abort: 0>, <State.Abort: 0>]
[INFO] 2025-11-23 20:36:56,790 - verifier.verifier - Final global state: [<State.Abort: 0>, <State.Abort: 0>, <State.Abort: 0>, <State.Abort: 0>]
[INFO] 2025-11-23 20:36:56,790 - verifier.verifier - Final global state: [<State.Abort: 0>, <State.Abort: 0>, <State.Abort: 0>, <State.Abort: 0>]
[INFO] 2025-11-23 20:36:56,790 - verifier.verifier - Final global state: [<State.Abort: 0>, <State.Abort: 0>, <State.Abort: 0>, <State.Abort: 0>]
[INFO] 2025-11-23 20:36:56,790 - verifier.verifier - Final global state: [<State.Abort: 0>, <State.Abort: 0>, <State.Abort: 0>, <State.Abort: 0>]
[INFO] 2025-11-23 20:36:56,790 - verifier.verifier - Final global state: [<State.Abort: 0>, <State.Abort: 0>, <State.Abort: 0>, <State.Abort: 0>]
[INFO] 2025-11-23 20:36:56,790 - verifier.verifier - Final global state: [<State.Abort: 0>, <State.Abort: 0>, <State.Abort: 0>, <State.Abort: 0>]
[INFO] 2025-11-23 20:36:56,790 - verifier.verifier - Final global state: [<State.Abort: 0>, <State.Abort: 0>, <State.Abort: 0>, <State.Abort: 0>]
[INFO] 2025-11-23 20:36:56,790 - verifier.verifier - Final global state: [<State.Abort: 0>, <State.Abort: 0>, <State.Abort: 0>, <State.Abort: 0>]
[INFO] 2025-11-23 20:36:56,790 - verifier.verifier - Final global state: [<State.Abort: 0>, <State.Abort: 0>, <State.Abort: 0>, <State.Abort: 0>]
[INFO] 2025-11-23 20:36:56,790 - verifier.verifier - Final global state: [<State.Abort: 0>, <State.Abort: 0>, <State.Abort: 0>, <State.Abort: 0>]
[INFO] 2025-11-23 20:36:56,790 - verifier.verifier - Final global state: [<State.Abort: 0>, <State.Abort: 0>, <State.Abort: 0>, <State.Abort: 0>]
[INFO] 2025-11-23 20:36:56,790 - verifier.verifier - Final global state: [<State.Abort: 0>, <State.Abort: 0>, <State.Abort: 0>, <State.Abort: 0>]
[INFO] 2025-11-23 20:36:56,790 - verifier.verifier - Final global state: [<State.Abort: 0>, <State.Abort: 0>, <State.Abort: 0>, <State.Abort: 0>]
[INFO] 2025-11-23 20:36:56,790 - verifier.verifier - Final global state: [<State.Abort: 0>, <State.Abort: 0>, <State.Abort: 0>, <State.Abort: 0>]
[INFO] 2025-11-23 20:36:56,790 - verifier.verifier - Final global state: [<State.Abort: 0>, <State.Abort: 0>, <State.Abort: 0>, <State.Abort: 0>]
[INFO] 2025-11-23 20:36:56,790 - verifier.verifier - Final global state: [<State.Abort: 0>, <State.Abort: 0>, <State.Abort: 0>, <State.Abort: 0>]
[INFO] 2025-11-23 20:36:56,790 - verifier.verifier - Final global state: [<State.Abort: 0>, <State.Abort: 0>, <State.Abort: 0>, <State.Abort: 0>]
[INFO] 2025-11-23 20:36:56,790 - verifier.verifier - Final global state: [<State.Abort: 0>, <State.Abort: 0>, <State.Abort: 0>, <State.Abort: 0>]
[INFO] 2025-11-23 20:36:56,790 - verifier.verifier - Final global state: [<State.Abort: 0>, <State.Abort: 0>, <State.Abort: 0>, <State.Abort: 0>]
[INFO] 2025-11-23 20:36:56,791 - verifier.verifier - Final global state: [<State.Abort: 0>, <State.Abort: 0>, <State.Abort: 0>, <State.Abort: 0>]
[INFO] 2025-11-23 20:36:56,791 - verifier.verifier - Final global state: [<State.Abort: 0>, <State.Abort: 0>, <State.Abort: 0>, <State.Abort: 0>]
[INFO] 2025-11-23 20:36:56,791 - verifier.verifier - Final global state: [<State.Lost: 4>, <State.Abort: 0>, <State.Abort: 0>, <State.Abort: 0>]
[INFO] 2025-11-23 20:36:56,791 - verifier.verifier - Final global state: [<State.Lost: 4>, <State.Abort: 0>, <State.Abort: 0>, <State.Abort: 0>]
[INFO] 2025-11-23 20:36:56,791 - verifier.verifier - Final global state: [<State.Lost: 4>, <State.Abort: 0>, <State.Abort: 0>, <State.Abort: 0>]
[INFO] 2025-11-23 20:36:56,791 - verifier.verifier - Final global state: [<State.Lost: 4>, <State.Abort: 0>, <State.Abort: 0>, <State.Abort: 0>]
[INFO] 2025-11-23 20:36:56,791 - verifier.verifier - Final global state: [<State.Lost: 4>, <State.Abort: 0>, <State.Abort: 0>, <State.Abort: 0>]
[INFO] 2025-11-23 20:36:56,791 - verifier.verifier - Final global state: [<State.Lost: 4>, <State.Abort: 0>, <State.Abort: 0>, <State.Abort: 0>]
[INFO] 2025-11-23 20:36:56,791 - verifier.verifier - Final global state: [<State.Lost: 4>, <State.Abort: 0>, <State.Abort: 0>, <State.Abort: 0>]
[INFO] 2025-11-23 20:36:56,791 - verifier.verifier - Final global state: [<State.Lost: 4>, <State.Abort: 0>, <State.Abort: 0>, <State.Abort: 0>]
[INFO] 2025-11-23 20:36:56,791 - verifier.verifier - Final global state: [<State.Abort: 0>, <State.Lost: 4>, <State.Abort: 0>, <State.Abort: 0>]
[INFO] 2025-11-23 20:36:56,791 - verifier.verifier - Final global state: [<State.Abort: 0>, <State.Lost: 4>, <State.Abort: 0>, <State.Abort: 0>]
[INFO] 2025-11-23 20:36:56,791 - verifier.verifier - Final global state: [<State.Abort: 0>, <State.Lost: 4>, <State.Abort: 0>, <State.Abort: 0>]
[INFO] 2025-11-23 20:36:56,791 - verifier.verifier - Final global state: [<State.Abort: 0>, <State.Lost: 4>, <State.Abort: 0>, <State.Abort: 0>]
[INFO] 2025-11-23 20:36:56,791 - verifier.verifier - Final global state: [<State.Abort: 0>, <State.Lost: 4>, <State.Abort: 0>, <State.Abort: 0>]
[INFO] 2025-11-23 20:36:56,791 - verifier.verifier - Final global state: [<State.Abort: 0>, <State.Lost: 4>, <State.Abort: 0>, <State.Abort: 0>]
[INFO] 2025-11-23 20:36:56,791 - verifier.verifier - Final global state: [<State.Abort: 0>, <State.Lost: 4>, <State.Abort: 0>, <State.Abort: 0>]
[INFO] 2025-11-23 20:36:56,791 - verifier.verifier - Final global state: [<State.Abort: 0>, <State.Lost: 4>, <State.Abort: 0>, <State.Abort: 0>]
[INFO] 2025-11-23 20:36:56,791 - verifier.verifier - Final global state: [<State.Abort: 0>, <State.Abort: 0>, <State.Lost: 4>, <State.Abort: 0>]
[INFO] 2025-11-23 20:36:56,791 - verifier.verifier - Final global state: [<State.Abort: 0>, <State.Abort: 0>, <State.Lost: 4>, <State.Abort: 0>]
[INFO] 2025-11-23 20:36:56,791 - verifier.verifier - Final global state: [<State.Abort: 0>, <State.Abort: 0>, <State.Lost: 4>, <State.Abort: 0>]
[INFO] 2025-11-23 20:36:56,792 - verifier.verifier - Final global state: [<State.Abort: 0>, <State.Abort: 0>, <State.Lost: 4>, <State.Abort: 0>]
[INFO] 2025-11-23 20:36:56,792 - verifier.verifier - Final global state: [<State.Abort: 0>, <State.Abort: 0>, <State.Lost: 4>, <State.Abort: 0>]
[INFO] 2025-11-23 20:36:56,792 - verifier.verifier - Final global state: [<State.Abort: 0>, <State.Abort: 0>, <State.Lost: 4>, <State.Abort: 0>]
[INFO] 2025-11-23 20:36:56,792 - verifier.verifier - Final global state: [<State.Abort: 0>, <State.Abort: 0>, <State.Lost: 4>, <State.Abort: 0>]
[INFO] 2025-11-23 20:36:56,792 - verifier.verifier - Final global state: [<State.Abort: 0>, <State.Abort: 0>, <State.Lost: 4>, <State.Abort: 0>]
[INFO] 2025-11-23 20:36:56,792 - verifier.verifier - Final global state: [<State.Abort: 0>, <State.Abort: 0>, <State.Abort: 0>, <State.Lost: 4>]
[INFO] 2025-11-23 20:36:56,792 - verifier.verifier - Final global state: [<State.Abort: 0>, <State.Abort: 0>, <State.Abort: 0>, <State.Lost: 4>]
[INFO] 2025-11-23 20:36:56,792 - verifier.verifier - Final global state: [<State.Abort: 0>, <State.Abort: 0>, <State.Abort: 0>, <State.Lost: 4>]
[INFO] 2025-11-23 20:36:56,792 - verifier.verifier - Final global state: [<State.Abort: 0>, <State.Abort: 0>, <State.Abort: 0>, <State.Lost: 4>]
[INFO] 2025-11-23 20:36:56,792 - verifier.verifier - Final global state: [<State.Abort: 0>, <State.Abort: 0>, <State.Abort: 0>, <State.Lost: 4>]
[INFO] 2025-11-23 20:36:56,792 - verifier.verifier - Final global state: [<State.Abort: 0>, <State.Abort: 0>, <State.Abort: 0>, <State.Lost: 4>]
[INFO] 2025-11-23 20:36:56,792 - verifier.verifier - Final global state: [<State.Abort: 0>, <State.Abort: 0>, <State.Abort: 0>, <State.Lost: 4>]
[INFO] 2025-11-23 20:36:56,792 - verifier.verifier - Final global state: [<State.Abort: 0>, <State.Abort: 0>, <State.Abort: 0>, <State.Lost: 4>]
[INFO] 2025-11-23 20:36:56,792 - verifier.verifier - Final global state: [<State.Abort: 0>, <State.Abort: 0>, <State.Abort: 0>, <State.Abort: 0>]
[INFO] 2025-11-23 20:36:56,792 - verifier.verifier - Final global state: [<State.Abort: 0>, <State.Abort: 0>, <State.Abort: 0>, <State.Abort: 0>]
[INFO] 2025-11-23 20:36:56,792 - verifier.verifier - Final global state: [<State.Abort: 0>, <State.Abort: 0>, <State.Abort: 0>, <State.Abort: 0>]
[INFO] 2025-11-23 20:36:56,792 - verifier.verifier - Final global state: [<State.Abort: 0>, <State.Abort: 0>, <State.Abort: 0>, <State.Abort: 0>]
[INFO] 2025-11-23 20:36:56,792 - verifier.verifier - Final global state: [<State.Abort: 0>, <State.Abort: 0>, <State.Abort: 0>, <State.Abort: 0>]
[INFO] 2025-11-23 20:36:56,792 - verifier.verifier - Final global state: [<State.Abort: 0>, <State.Abort: 0>, <State.Abort: 0>, <State.Abort: 0>]
[INFO] 2025-11-23 20:36:56,792 - verifier.verifier - Final global state: [<State.Abort: 0>, <State.Abort: 0>, <State.Abort: 0>, <State.Abort: 0>]
[INFO] 2025-11-23 20:36:56,793 - verifier.verifier - Final global state: [<State.Abort: 0>, <State.Abort: 0>, <State.Abort: 0>, <State.Abort: 0>]
[INFO] 2025-11-23 20:36:56,793 - verifier.verifier - Final global state: [<State.Abort: 0>, <State.Abort: 0>, <State.Abort: 0>, <State.Abort: 0>]
[INFO] 2025-11-23 20:36:56,793 - verifier.verifier - Final global state: [<State.Abort: 0>, <State.Abort: 0>, <State.Abort: 0>, <State.Abort: 0>]
[INFO] 2025-11-23 20:36:56,793 - verifier.verifier - Final global state: [<State.Abort: 0>, <State.Abort: 0>, <State.Abort: 0>, <State.Abort: 0>]
[INFO] 2025-11-23 20:36:56,793 - verifier.verifier - Final global state: [<State.Abort: 0>, <State.Abort: 0>, <State.Abort: 0>, <State.Abort: 0>]
[INFO] 2025-11-23 20:36:56,793 - verifier.verifier - Final global state: [<State.Abort: 0>, <State.Abort: 0>, <State.Abort: 0>, <State.Abort: 0>]
[INFO] 2025-11-23 20:36:56,793 - verifier.verifier - Final global state: [<State.Abort: 0>, <State.Abort: 0>, <State.Abort: 0>, <State.Abort: 0>]
[INFO] 2025-11-23 20:36:56,793 - verifier.verifier - Final global state: [<State.Abort: 0>, <State.Abort: 0>, <State.Abort: 0>, <State.Abort: 0>]
[INFO] 2025-11-23 20:36:56,793 - verifier.verifier - Final global state: [<State.Abort: 0>, <State.Abort: 0>, <State.Abort: 0>, <State.Abort: 0>]
[INFO] 2025-11-23 20:36:56,793 - verifier.verifier - Final global state: [<State.Abort: 0>, <State.Abort: 0>, <State.Abort: 0>, <State.Abort: 0>]
[INFO] 2025-11-23 20:36:56,793 - verifier.verifier - Final global state: [<State.Abort: 0>, <State.Abort: 0>, <State.Abort: 0>, <State.Abort: 0>]
[INFO] 2025-11-23 20:36:56,793 - verifier.verifier - Final global state: [<State.Abort: 0>, <State.Abort: 0>, <State.Abort: 0>, <State.Abort: 0>]
[INFO] 2025-11-23 20:36:56,793 - verifier.verifier - Final global state: [<State.Abort: 0>, <State.Abort: 0>, <State.Abort: 0>, <State.Abort: 0>]
[INFO] 2025-11-23 20:36:56,793 - verifier.verifier - Final global state: [<State.Abort: 0>, <State.Abort: 0>, <State.Abort: 0>, <State.Abort: 0>]
[INFO] 2025-11-23 20:36:56,793 - verifier.verifier - Final global state: [<State.Abort: 0>, <State.Abort: 0>, <State.Abort: 0>, <State.Abort: 0>]
[INFO] 2025-11-23 20:36:56,793 - verifier.verifier - Final global state: [<State.Abort: 0>, <State.Abort: 0>, <State.Abort: 0>, <State.Abort: 0>]
[INFO] 2025-11-23 20:36:56,793 - verifier.verifier - Final global state: [<State.Abort: 0>, <State.Abort: 0>, <State.Abort: 0>, <State.Abort: 0>]
[INFO] 2025-11-23 20:36:56,793 - verifier.verifier - Final global state: [<State.Abort: 0>, <State.Abort: 0>, <State.Abort: 0>, <State.Abort: 0>]
[INFO] 2025-11-23 20:36:56,794 - verifier.verifier - Final global state: [<State.Abort: 0>, <State.Abort: 0>, <State.Abort: 0>, <State.Abort: 0>]
[INFO] 2025-11-23 20:36:56,794 - verifier.verifier - Final global state: [<State.Abort: 0>, <State.Abort: 0>, <State.Abort: 0>, <State.Abort: 0>]
[INFO] 2025-11-23 20:36:56,794 - verifier.verifier - Final global state: [<State.Abort: 0>, <State.Abort: 0>, <State.Abort: 0>, <State.Abort: 0>]
[INFO] 2025-11-23 20:36:56,794 - verifier.verifier - Final global state: [<State.Abort: 0>, <State.Abort: 0>, <State.Abort: 0>, <State.Abort: 0>]
[INFO] 2025-11-23 20:36:56,794 - verifier.verifier - Final global state: [<State.Abort: 0>, <State.Abort: 0>, <State.Abort: 0>, <State.Abort: 0>]
[INFO] 2025-11-23 20:36:56,794 - verifier.verifier - Final global state: [<State.Abort: 0>, <State.Abort: 0>, <State.Abort: 0>, <State.Abort: 0>]
[INFO] 2025-11-23 20:36:56,794 - verifier.verifier - Final global state: [<State.Abort: 0>, <State.Abort: 0>, <State.Abort: 0>, <State.Abort: 0>]
[INFO] 2025-11-23 20:36:56,794 - verifier.verifier - Final global state: [<State.Abort: 0>, <State.Abort: 0>, <State.Abort: 0>, <State.Abort: 0>]
[INFO] 2025-11-23 20:36:56,794 - verifier.verifier - Final global state: [<State.Lost: 4>, <State.Abort: 0>, <State.Abort: 0>, <State.Abort: 0>]
[INFO] 2025-11-23 20:36:56,794 - verifier.verifier - Final global state: [<State.Lost: 4>, <State.Abort: 0>, <State.Abort: 0>, <State.Abort: 0>]
[INFO] 2025-11-23 20:36:56,794 - verifier.verifier - Final global state: [<State.Lost: 4>, <State.Abort: 0>, <State.Abort: 0>, <State.Abort: 0>]
[INFO] 2025-11-23 20:36:56,794 - verifier.verifier - Final global state: [<State.Lost: 4>, <State.Abort: 0>, <State.Abort: 0>, <State.Abort: 0>]
[INFO] 2025-11-23 20:36:56,794 - verifier.verifier - Final global state: [<State.Lost: 4>, <State.Abort: 0>, <State.Abort: 0>, <State.Abort: 0>]
[INFO] 2025-11-23 20:36:56,794 - verifier.verifier - Final global state: [<State.Lost: 4>, <State.Abort: 0>, <State.Abort: 0>, <State.Abort: 0>]
[INFO] 2025-11-23 20:36:56,794 - verifier.verifier - Final global state: [<State.Lost: 4>, <State.Abort: 0>, <State.Abort: 0>, <State.Abort: 0>]
[INFO] 2025-11-23 20:36:56,794 - verifier.verifier - Final global state: [<State.Lost: 4>, <State.Abort: 0>, <State.Abort: 0>, <State.Abort: 0>]
[INFO] 2025-11-23 20:36:56,794 - verifier.verifier - Final global state: [<State.Abort: 0>, <State.Lost: 4>, <State.Abort: 0>, <State.Abort: 0>]
[INFO] 2025-11-23 20:36:56,794 - verifier.verifier - Final global state: [<State.Abort: 0>, <State.Lost: 4>, <State.Abort: 0>, <State.Abort: 0>]
[INFO] 2025-11-23 20:36:56,794 - verifier.verifier - Final global state: [<State.Abort: 0>, <State.Lost: 4>, <State.Abort: 0>, <State.Abort: 0>]
[INFO] 2025-11-23 20:36:56,795 - verifier.verifier - Final global state: [<State.Abort: 0>, <State.Lost: 4>, <State.Abort: 0>, <State.Abort: 0>]
[INFO] 2025-11-23 20:36:56,795 - verifier.verifier - Final global state: [<State.Abort: 0>, <State.Lost: 4>, <State.Abort: 0>, <State.Abort: 0>]
[INFO] 2025-11-23 20:36:56,795 - verifier.verifier - Final global state: [<State.Abort: 0>, <State.Lost: 4>, <State.Abort: 0>, <State.Abort: 0>]
[INFO] 2025-11-23 20:36:56,795 - verifier.verifier - Final global state: [<State.Abort: 0>, <State.Lost: 4>, <State.Abort: 0>, <State.Abort: 0>]
[INFO] 2025-11-23 20:36:56,795 - verifier.verifier - Final global state: [<State.Abort: 0>, <State.Lost: 4>, <State.Abort: 0>, <State.Abort: 0>]
[INFO] 2025-11-23 20:36:56,795 - verifier.verifier - Final global state: [<State.Abort: 0>, <State.Abort: 0>, <State.Lost: 4>, <State.Abort: 0>]
[INFO] 2025-11-23 20:36:56,795 - verifier.verifier - Final global state: [<State.Abort: 0>, <State.Abort: 0>, <State.Lost: 4>, <State.Abort: 0>]
[INFO] 2025-11-23 20:36:56,795 - verifier.verifier - Final global state: [<State.Abort: 0>, <State.Abort: 0>, <State.Lost: 4>, <State.Abort: 0>]
[INFO] 2025-11-23 20:36:56,795 - verifier.verifier - Final global state: [<State.Abort: 0>, <State.Abort: 0>, <State.Lost: 4>, <State.Abort: 0>]
[INFO] 2025-11-23 20:36:56,795 - verifier.verifier - Final global state: [<State.Abort: 0>, <State.Abort: 0>, <State.Lost: 4>, <State.Abort: 0>]
[INFO] 2025-11-23 20:36:56,795 - verifier.verifier - Final global state: [<State.Abort: 0>, <State.Abort: 0>, <State.Lost: 4>, <State.Abort: 0>]
[INFO] 2025-11-23 20:36:56,795 - verifier.verifier - Final global state: [<State.Abort: 0>, <State.Abort: 0>, <State.Lost: 4>, <State.Abort: 0>]
[INFO] 2025-11-23 20:36:56,795 - verifier.verifier - Final global state: [<State.Abort: 0>, <State.Abort: 0>, <State.Lost: 4>, <State.Abort: 0>]
[INFO] 2025-11-23 20:36:56,795 - verifier.verifier - Final global state: [<State.Abort: 0>, <State.Abort: 0>, <State.Abort: 0>, <State.Lost: 4>]
[INFO] 2025-11-23 20:36:56,795 - verifier.verifier - Final global state: [<State.Abort: 0>, <State.Abort: 0>, <State.Abort: 0>, <State.Lost: 4>]
[INFO] 2025-11-23 20:36:56,795 - verifier.verifier - Final global state: [<State.Abort: 0>, <State.Abort: 0>, <State.Abort: 0>, <State.Lost: 4>]
[INFO] 2025-11-23 20:36:56,795 - verifier.verifier - Final global state: [<State.Abort: 0>, <State.Abort: 0>, <State.Abort: 0>, <State.Lost: 4>]
[INFO] 2025-11-23 20:36:56,795 - verifier.verifier - Final global state: [<State.Abort: 0>, <State.Abort: 0>, <State.Abort: 0>, <State.Lost: 4>]
[INFO] 2025-11-23 20:36:56,795 - verifier.verifier - Final global state: [<State.Abort: 0>, <State.Abort: 0>, <State.Abort: 0>, <State.Lost: 4>]
[INFO] 2025-11-23 20:36:56,795 - verifier.verifier - Final global state: [<State.Abort: 0>, <State.Abort: 0>, <State.Abort: 0>, <State.Lost: 4>]
[INFO] 2025-11-23 20:36:56,795 - verifier.verifier - Final global state: [<State.Abort: 0>, <State.Abort: 0>, <State.Abort: 0>, <State.Lost: 4>]
[INFO] 2025-11-23 20:36:56,795 - verifier.verifier - Final global state: [<State.Abort: 0>, <State.Abort: 0>, <State.Abort: 0>, <State.Abort: 0>]
[INFO] 2025-11-23 20:36:56,796 - verifier.verifier - Final global state: [<State.Abort: 0>, <State.Abort: 0>, <State.Abort: 0>, <State.Abort: 0>]
[INFO] 2025-11-23 20:36:56,796 - verifier.verifier - Final global state: [<State.Abort: 0>, <State.Abort: 0>, <State.Abort: 0>, <State.Abort: 0>]
[INFO] 2025-11-23 20:36:56,796 - verifier.verifier - Final global state: [<State.Abort: 0>, <State.Abort: 0>, <State.Abort: 0>, <State.Abort: 0>]
[INFO] 2025-11-23 20:36:56,796 - verifier.verifier - Final global state: [<State.Abort: 0>, <State.Abort: 0>, <State.Abort: 0>, <State.Abort: 0>]
[INFO] 2025-11-23 20:36:56,796 - verifier.verifier - Final global state: [<State.Abort: 0>, <State.Abort: 0>, <State.Abort: 0>, <State.Abort: 0>]
[INFO] 2025-11-23 20:36:56,796 - verifier.verifier - Final global state: [<State.Abort: 0>, <State.Abort: 0>, <State.Abort: 0>, <State.Abort: 0>]
[INFO] 2025-11-23 20:36:56,796 - verifier.verifier - Final global state: [<State.Abort: 0>, <State.Abort: 0>, <State.Abort: 0>, <State.Abort: 0>]
[INFO] 2025-11-23 20:36:56,796 - verifier.verifier - Final global state: [<State.Abort: 0>, <State.Abort: 0>, <State.Abort: 0>, <State.Abort: 0>]
[INFO] 2025-11-23 20:36:56,796 - verifier.verifier - Final global state: [<State.Abort: 0>, <State.Abort: 0>, <State.Abort: 0>, <State.Abort: 0>]
[INFO] 2025-11-23 20:36:56,796 - verifier.verifier - Final global state: [<State.Abort: 0>, <State.Abort: 0>, <State.Abort: 0>, <State.Abort: 0>]
[INFO] 2025-11-23 20:36:56,796 - verifier.verifier - Final global state: [<State.Abort: 0>, <State.Abort: 0>, <State.Abort: 0>, <State.Abort: 0>]
[INFO] 2025-11-23 20:36:56,796 - verifier.verifier - Final global state: [<State.Abort: 0>, <State.Abort: 0>, <State.Abort: 0>, <State.Abort: 0>]
[INFO] 2025-11-23 20:36:56,796 - verifier.verifier - Final global state: [<State.Abort: 0>, <State.Abort: 0>, <State.Abort: 0>, <State.Abort: 0>]
[INFO] 2025-11-23 20:36:56,796 - verifier.verifier - Final global state: [<State.Abort: 0>, <State.Abort: 0>, <State.Abort: 0>, <State.Abort: 0>]
[INFO] 2025-11-23 20:36:56,796 - verifier.verifier - Final global state: [<State.Abort: 0>, <State.Abort: 0>, <State.Abort: 0>, <State.Abort: 0>]
[INFO] 2025-11-23 20:36:56,796 - verifier.verifier - Final global state: [<State.Abort: 0>, <State.Abort: 0>, <State.Abort: 0>, <State.Abort: 0>]
[INFO] 2025-11-23 20:36:56,796 - verifier.verifier - Final global state: [<State.Abort: 0>, <State.Abort: 0>, <State.Abort: 0>, <State.Abort: 0>]
[INFO] 2025-11-23 20:36:56,796 - verifier.verifier - Final global state: [<State.Abort: 0>, <State.Abort: 0>, <State.Abort: 0>, <State.Abort: 0>]
[INFO] 2025-11-23 20:36:56,797 - verifier.verifier - Final global state: [<State.Abort: 0>, <State.Abort: 0>, <State.Abort: 0>, <State.Abort: 0>]
[INFO] 2025-11-23 20:36:56,797 - verifier.verifier - Final global state: [<State.Abort: 0>, <State.Abort: 0>, <State.Abort: 0>, <State.Abort: 0>]
[INFO] 2025-11-23 20:36:56,797 - verifier.verifier - Final global state: [<State.Abort: 0>, <State.Abort: 0>, <State.Abort: 0>, <State.Abort: 0>]
[INFO] 2025-11-23 20:36:56,797 - verifier.verifier - Final global state: [<State.Abort: 0>, <State.Abort: 0>, <State.Abort: 0>, <State.Abort: 0>]
[INFO] 2025-11-23 20:36:56,797 - verifier.verifier - Final global state: [<State.Abort: 0>, <State.Abort: 0>, <State.Abort: 0>, <State.Abort: 0>]
[INFO] 2025-11-23 20:36:56,797 - verifier.verifier - Final global state: [<State.Abort: 0>, <State.Abort: 0>, <State.Abort: 0>, <State.Abort: 0>]
[INFO] 2025-11-23 20:36:56,797 - verifier.verifier - Final global state: [<State.Abort: 0>, <State.Abort: 0>, <State.Abort: 0>, <State.Abort: 0>]
[INFO] 2025-11-23 20:36:56,797 - verifier.verifier - Final global state: [<State.Abort: 0>, <State.Abort: 0>, <State.Abort: 0>, <State.Abort: 0>]
[INFO] 2025-11-23 20:36:56,797 - verifier.verifier - Final global state: [<State.Abort: 0>, <State.Abort: 0>, <State.Abort: 0>, <State.Abort: 0>]
[INFO] 2025-11-23 20:36:56,797 - verifier.verifier - Final global state: [<State.Abort: 0>, <State.Abort: 0>, <State.Abort: 0>, <State.Abort: 0>]
[INFO] 2025-11-23 20:36:56,797 - verifier.verifier - Final global state: [<State.Abort: 0>, <State.Abort: 0>, <State.Abort: 0>, <State.Abort: 0>]
[INFO] 2025-11-23 20:36:56,797 - verifier.verifier - Final global state: [<State.Abort: 0>, <State.Abort: 0>, <State.Abort: 0>, <State.Abort: 0>]
[INFO] 2025-11-23 20:36:56,797 - verifier.verifier - Final global state: [<State.Abort: 0>, <State.Abort: 0>, <State.Abort: 0>, <State.Abort: 0>]
[INFO] 2025-11-23 20:36:56,797 - verifier.verifier - Final global state: [<State.Abort: 0>, <State.Abort: 0>, <State.Abort: 0>, <State.Abort: 0>]
[INFO] 2025-11-23 20:36:56,797 - verifier.verifier - Final global state: [<State.Lost: 4>, <State.Abort: 0>, <State.Abort: 0>, <State.Abort: 0>]
[INFO] 2025-11-23 20:36:56,797 - verifier.verifier - Final global state: [<State.Lost: 4>, <State.Abort: 0>, <State.Abort: 0>, <State.Abort: 0>]
[INFO] 2025-11-23 20:36:56,797 - verifier.verifier - Final global state: [<State.Lost: 4>, <State.Abort: 0>, <State.Abort: 0>, <State.Abort: 0>]
[INFO] 2025-11-23 20:36:56,797 - verifier.verifier - Final global state: [<State.Lost: 4>, <State.Abort: 0>, <State.Abort: 0>, <State.Abort: 0>]
[INFO] 2025-11-23 20:36:56,797 - verifier.verifier - Final global state: [<State.Lost: 4>, <State.Abort: 0>, <State.Abort: 0>, <State.Abort: 0>]
[INFO] 2025-11-23 20:36:56,798 - verifier.verifier - Final global state: [<State.Lost: 4>, <State.Abort: 0>, <State.Abort: 0>, <State.Abort: 0>]
[INFO] 2025-11-23 20:36:56,798 - verifier.verifier - Final global state: [<State.Lost: 4>, <State.Abort: 0>, <State.Abort: 0>, <State.Abort: 0>]
[INFO] 2025-11-23 20:36:56,798 - verifier.verifier - Final global state: [<State.Lost: 4>, <State.Abort: 0>, <State.Abort: 0>, <State.Abort: 0>]
[INFO] 2025-11-23 20:36:56,798 - verifier.verifier - Final global state: [<State.Abort: 0>, <State.Lost: 4>, <State.Abort: 0>, <State.Abort: 0>]
[INFO] 2025-11-23 20:36:56,798 - verifier.verifier - Final global state: [<State.Abort: 0>, <State.Lost: 4>, <State.Abort: 0>, <State.Abort: 0>]
[INFO] 2025-11-23 20:36:56,798 - verifier.verifier - Final global state: [<State.Abort: 0>, <State.Lost: 4>, <State.Abort: 0>, <State.Abort: 0>]
[INFO] 2025-11-23 20:36:56,798 - verifier.verifier - Final global state: [<State.Abort: 0>, <State.Lost: 4>, <State.Abort: 0>, <State.Abort: 0>]
[INFO] 2025-11-23 20:36:56,798 - verifier.verifier - Final global state: [<State.Abort: 0>, <State.Lost: 4>, <State.Abort: 0>, <State.Abort: 0>]
[INFO] 2025-11-23 20:36:56,798 - verifier.verifier - Final global state: [<State.Abort: 0>, <State.Lost: 4>, <State.Abort: 0>, <State.Abort: 0>]
[INFO] 2025-11-23 20:36:56,798 - verifier.verifier - Final global state: [<State.Abort: 0>, <State.Lost: 4>, <State.Abort: 0>, <State.Abort: 0>]
[INFO] 2025-11-23 20:36:56,798 - verifier.verifier - Final global state: [<State.Abort: 0>, <State.Lost: 4>, <State.Abort: 0>, <State.Abort: 0>]
[INFO] 2025-11-23 20:36:56,798 - verifier.verifier - Final global state: [<State.Abort: 0>, <State.Abort: 0>, <State.Lost: 4>, <State.Abort: 0>]
[INFO] 2025-11-23 20:36:56,798 - verifier.verifier - Final global state: [<State.Abort: 0>, <State.Abort: 0>, <State.Lost: 4>, <State.Abort: 0>]
[INFO] 2025-11-23 20:36:56,798 - verifier.verifier - Final global state: [<State.Abort: 0>, <State.Abort: 0>, <State.Lost: 4>, <State.Abort: 0>]
[INFO] 2025-11-23 20:36:56,798 - verifier.verifier - Final global state: [<State.Abort: 0>, <State.Abort: 0>, <State.Lost: 4>, <State.Abort: 0>]
[INFO] 2025-11-23 20:36:56,798 - verifier.verifier - Final global state: [<State.Abort: 0>, <State.Abort: 0>, <State.Lost: 4>, <State.Abort: 0>]
[INFO] 2025-11-23 20:36:56,798 - verifier.verifier - Final global state: [<State.Abort: 0>, <State.Abort: 0>, <State.Lost: 4>, <State.Abort: 0>]
[INFO] 2025-11-23 20:36:56,798 - verifier.verifier - Final global state: [<State.Abort: 0>, <State.Abort: 0>, <State.Lost: 4>, <State.Abort: 0>]
[INFO] 2025-11-23 20:36:56,798 - verifier.verifier - Final global state: [<State.Abort: 0>, <State.Abort: 0>, <State.Lost: 4>, <State.Abort: 0>]
[INFO] 2025-11-23 20:36:56,798 - verifier.verifier - Final global state: [<State.Abort: 0>, <State.Abort: 0>, <State.Abort: 0>, <State.Lost: 4>]
[INFO] 2025-11-23 20:36:56,799 - verifier.verifier - Final global state: [<State.Abort: 0>, <State.Abort: 0>, <State.Abort: 0>, <State.Lost: 4>]
[INFO] 2025-11-23 20:36:56,799 - verifier.verifier - Final global state: [<State.Abort: 0>, <State.Abort: 0>, <State.Abort: 0>, <State.Lost: 4>]
[INFO] 2025-11-23 20:36:56,799 - verifier.verifier - Final global state: [<State.Abort: 0>, <State.Abort: 0>, <State.Abort: 0>, <State.Lost: 4>]
[INFO] 2025-11-23 20:36:56,799 - verifier.verifier - Final global state: [<State.Abort: 0>, <State.Abort: 0>, <State.Abort: 0>, <State.Lost: 4>]
[INFO] 2025-11-23 20:36:56,799 - verifier.verifier - Final global state: [<State.Abort: 0>, <State.Abort: 0>, <State.Abort: 0>, <State.Lost: 4>]
[INFO] 2025-11-23 20:36:56,799 - verifier.verifier - Final global state: [<State.Abort: 0>, <State.Abort: 0>, <State.Abort: 0>, <State.Lost: 4>]
[INFO] 2025-11-23 20:36:56,799 - verifier.verifier - Final global state: [<State.Abort: 0>, <State.Abort: 0>, <State.Abort: 0>, <State.Lost: 4>]
[INFO] 2025-11-23 20:36:56,799 - verifier.verifier - Final global state: [<State.Abort: 0>, <State.Abort: 0>, <State.Abort: 0>, <State.Abort: 0>]
[INFO] 2025-11-23 20:36:56,799 - verifier.verifier - Final global state: [<State.Abort: 0>, <State.Abort: 0>, <State.Abort: 0>, <State.Abort: 0>]
[INFO] 2025-11-23 20:36:56,799 - verifier.verifier - Final global state: [<State.Abort: 0>, <State.Abort: 0>, <State.Abort: 0>, <State.Abort: 0>]
[INFO] 2025-11-23 20:36:56,799 - verifier.verifier - Final global state: [<State.Abort: 0>, <State.Abort: 0>, <State.Abort: 0>, <State.Abort: 0>]
[INFO] 2025-11-23 20:36:56,799 - verifier.verifier - Final global state: [<State.Abort: 0>, <State.Abort: 0>, <State.Abort: 0>, <State.Abort: 0>]
[INFO] 2025-11-23 20:36:56,799 - verifier.verifier - Final global state: [<State.Abort: 0>, <State.Abort: 0>, <State.Abort: 0>, <State.Abort: 0>]
[INFO] 2025-11-23 20:36:56,799 - verifier.verifier - Final global state: [<State.Abort: 0>, <State.Abort: 0>, <State.Abort: 0>, <State.Abort: 0>]
[INFO] 2025-11-23 20:36:56,799 - verifier.verifier - Final global state: [<State.Abort: 0>, <State.Abort: 0>, <State.Abort: 0>, <State.Abort: 0>]
[INFO] 2025-11-23 20:36:56,799 - verifier.verifier - Final global state: [<State.Abort: 0>, <State.Abort: 0>, <State.Abort: 0>, <State.Abort: 0>]
[INFO] 2025-11-23 20:36:56,799 - verifier.verifier - Final global state: [<State.Abort: 0>, <State.Abort: 0>, <State.Abort: 0>, <State.Abort: 0>]
[INFO] 2025-11-23 20:36:56,799 - verifier.verifier - Final global state: [<State.Abort: 0>, <State.Abort: 0>, <State.Abort: 0>, <State.Abort: 0>]
[INFO] 2025-11-23 20:36:56,799 - verifier.verifier - Final global state: [<State.Abort: 0>, <State.Abort: 0>, <State.Abort: 0>, <State.Abort: 0>]
[INFO] 2025-11-23 20:36:56,800 - verifier.verifier - Final global state: [<State.Abort: 0>, <State.Abort: 0>, <State.Abort: 0>, <State.Abort: 0>]
[INFO] 2025-11-23 20:36:56,800 - verifier.verifier - Final global state: [<State.Abort: 0>, <State.Abort: 0>, <State.Abort: 0>, <State.Abort: 0>]
[INFO] 2025-11-23 20:36:56,800 - verifier.verifier - Final global state: [<State.Abort: 0>, <State.Abort: 0>, <State.Abort: 0>, <State.Abort: 0>]
[INFO] 2025-11-23 20:36:56,800 - verifier.verifier - Final global state: [<State.Abort: 0>, <State.Abort: 0>, <State.Abort: 0>, <State.Abort: 0>]
[INFO] 2025-11-23 20:36:56,800 - verifier.verifier - Final global state: [<State.Abort: 0>, <State.Abort: 0>, <State.Abort: 0>, <State.Abort: 0>]
[INFO] 2025-11-23 20:36:56,800 - verifier.verifier - Final global state: [<State.Abort: 0>, <State.Abort: 0>, <State.Abort: 0>, <State.Abort: 0>]
[INFO] 2025-11-23 20:36:56,800 - verifier.verifier - Final global state: [<State.Abort: 0>, <State.Abort: 0>, <State.Abort: 0>, <State.Abort: 0>]
[INFO] 2025-11-23 20:36:56,800 - verifier.verifier - Final global state: [<State.Abort: 0>, <State.Abort: 0>, <State.Abort: 0>, <State.Abort: 0>]
[INFO] 2025-11-23 20:36:56,800 - verifier.verifier - Final global state: [<State.Abort: 0>, <State.Abort: 0>, <State.Abort: 0>, <State.Abort: 0>]
[INFO] 2025-11-23 20:36:56,800 - verifier.verifier - Final global state: [<State.Abort: 0>, <State.Abort: 0>, <State.Abort: 0>, <State.Abort: 0>]
[INFO] 2025-11-23 20:36:56,800 - verifier.verifier - Final global state: [<State.Abort: 0>, <State.Abort: 0>, <State.Abort: 0>, <State.Abort: 0>]
[INFO] 2025-11-23 20:36:56,800 - verifier.verifier - Final global state: [<State.Abort: 0>, <State.Abort: 0>, <State.Abort: 0>, <State.Abort: 0>]
[INFO] 2025-11-23 20:36:56,800 - verifier.verifier - Final global state: [<State.Abort: 0>, <State.Abort: 0>, <State.Abort: 0>, <State.Abort: 0>]
[INFO] 2025-11-23 20:36:56,800 - verifier.verifier - Final global state: [<State.Abort: 0>, <State.Abort: 0>, <State.Abort: 0>, <State.Abort: 0>]
[INFO] 2025-11-23 20:36:56,800 - verifier.verifier - Final global state: [<State.Abort: 0>, <State.Abort: 0>, <State.Abort: 0>, <State.Abort: 0>]
[INFO] 2025-11-23 20:36:56,800 - verifier.verifier - Final global state: [<State.Abort: 0>, <State.Abort: 0>, <State.Abort: 0>, <State.Abort: 0>]
[INFO] 2025-11-23 20:36:56,800 - verifier.verifier - Final global state: [<State.Abort: 0>, <State.Abort: 0>, <State.Abort: 0>, <State.Abort: 0>]
[INFO] 2025-11-23 20:36:56,800 - verifier.verifier - Final global state: [<State.Abort: 0>, <State.Abort: 0>, <State.Abort: 0>, <State.Abort: 0>]
[INFO] 2025-11-23 20:36:56,801 - verifier.verifier - Final global state: [<State.Abort: 0>, <State.Abort: 0>, <State.Abort: 0>, <State.Abort: 0>]
[INFO] 2025-11-23 20:36:56,801 - verifier.verifier - Final global state: [<State.Abort: 0>, <State.Abort: 0>, <State.Abort: 0>, <State.Abort: 0>]
[INFO] 2025-11-23 20:36:56,801 - verifier.verifier - Final global state: [<State.Abort: 0>, <State.Abort: 0>, <State.Abort: 0>, <State.Abort: 0>]
[INFO] 2025-11-23 20:36:56,801 - verifier.verifier - Final global state: [<State.Lost: 4>, <State.Abort: 0>, <State.Abort: 0>, <State.Abort: 0>]
[INFO] 2025-11-23 20:36:56,801 - verifier.verifier - Final global state: [<State.Lost: 4>, <State.Abort: 0>, <State.Abort: 0>, <State.Abort: 0>]
[INFO] 2025-11-23 20:36:56,801 - verifier.verifier - Final global state: [<State.Lost: 4>, <State.Abort: 0>, <State.Abort: 0>, <State.Abort: 0>]
[INFO] 2025-11-23 20:36:56,801 - verifier.verifier - Final global state: [<State.Lost: 4>, <State.Abort: 0>, <State.Abort: 0>, <State.Abort: 0>]
[INFO] 2025-11-23 20:36:56,801 - verifier.verifier - Final global state: [<State.Lost: 4>, <State.Abort: 0>, <State.Abort: 0>, <State.Abort: 0>]
[INFO] 2025-11-23 20:36:56,801 - verifier.verifier - Final global state: [<State.Lost: 4>, <State.Abort: 0>, <State.Abort: 0>, <State.Abort: 0>]
[INFO] 2025-11-23 20:36:56,801 - verifier.verifier - Final global state: [<State.Lost: 4>, <State.Abort: 0>, <State.Abort: 0>, <State.Abort: 0>]
[INFO] 2025-11-23 20:36:56,801 - verifier.verifier - Final global state: [<State.Lost: 4>, <State.Abort: 0>, <State.Abort: 0>, <State.Abort: 0>]
[INFO] 2025-11-23 20:36:56,801 - verifier.verifier - Final global state: [<State.Abort: 0>, <State.Lost: 4>, <State.Abort: 0>, <State.Abort: 0>]
[INFO] 2025-11-23 20:36:56,801 - verifier.verifier - Final global state: [<State.Abort: 0>, <State.Lost: 4>, <State.Abort: 0>, <State.Abort: 0>]
[INFO] 2025-11-23 20:36:56,801 - verifier.verifier - Final global state: [<State.Abort: 0>, <State.Lost: 4>, <State.Abort: 0>, <State.Abort: 0>]
[INFO] 2025-11-23 20:36:56,801 - verifier.verifier - Final global state: [<State.Abort: 0>, <State.Lost: 4>, <State.Abort: 0>, <State.Abort: 0>]
[INFO] 2025-11-23 20:36:56,801 - verifier.verifier - Final global state: [<State.Abort: 0>, <State.Lost: 4>, <State.Abort: 0>, <State.Abort: 0>]
[INFO] 2025-11-23 20:36:56,801 - verifier.verifier - Final global state: [<State.Abort: 0>, <State.Lost: 4>, <State.Abort: 0>, <State.Abort: 0>]
[INFO] 2025-11-23 20:36:56,801 - verifier.verifier - Final global state: [<State.Abort: 0>, <State.Lost: 4>, <State.Abort: 0>, <State.Abort: 0>]
[INFO] 2025-11-23 20:36:56,801 - verifier.verifier - Final global state: [<State.Abort: 0>, <State.Lost: 4>, <State.Abort: 0>, <State.Abort: 0>]
[INFO] 2025-11-23 20:36:56,801 - verifier.verifier - Final global state: [<State.Abort: 0>, <State.Abort: 0>, <State.Lost: 4>, <State.Abort: 0>]
[INFO] 2025-11-23 20:36:56,802 - verifier.verifier - Final global state: [<State.Abort: 0>, <State.Abort: 0>, <State.Lost: 4>, <State.Abort: 0>]
[INFO] 2025-11-23 20:36:56,802 - verifier.verifier - Final global state: [<State.Abort: 0>, <State.Abort: 0>, <State.Lost: 4>, <State.Abort: 0>]
[INFO] 2025-11-23 20:36:56,802 - verifier.verifier - Final global state: [<State.Abort: 0>, <State.Abort: 0>, <State.Lost: 4>, <State.Abort: 0>]
[INFO] 2025-11-23 20:36:56,802 - verifier.verifier - Final global state: [<State.Abort: 0>, <State.Abort: 0>, <State.Lost: 4>, <State.Abort: 0>]
[INFO] 2025-11-23 20:36:56,802 - verifier.verifier - Final global state: [<State.Abort: 0>, <State.Abort: 0>, <State.Lost: 4>, <State.Abort: 0>]
[INFO] 2025-11-23 20:36:56,802 - verifier.verifier - Final global state: [<State.Abort: 0>, <State.Abort: 0>, <State.Lost: 4>, <State.Abort: 0>]
[INFO] 2025-11-23 20:36:56,802 - verifier.verifier - Final global state: [<State.Abort: 0>, <State.Abort: 0>, <State.Lost: 4>, <State.Abort: 0>]
[INFO] 2025-11-23 20:36:56,802 - verifier.verifier - Final global state: [<State.Abort: 0>, <State.Abort: 0>, <State.Abort: 0>, <State.Lost: 4>]
[INFO] 2025-11-23 20:36:56,802 - verifier.verifier - Final global state: [<State.Abort: 0>, <State.Abort: 0>, <State.Abort: 0>, <State.Lost: 4>]
[INFO] 2025-11-23 20:36:56,802 - verifier.verifier - Final global state: [<State.Abort: 0>, <State.Abort: 0>, <State.Abort: 0>, <State.Lost: 4>]
[INFO] 2025-11-23 20:36:56,802 - verifier.verifier - Final global state: [<State.Abort: 0>, <State.Abort: 0>, <State.Abort: 0>, <State.Lost: 4>]
[INFO] 2025-11-23 20:36:56,802 - verifier.verifier - Final global state: [<State.Abort: 0>, <State.Abort: 0>, <State.Abort: 0>, <State.Lost: 4>]
[INFO] 2025-11-23 20:36:56,802 - verifier.verifier - Final global state: [<State.Abort: 0>, <State.Abort: 0>, <State.Abort: 0>, <State.Lost: 4>]
[INFO] 2025-11-23 20:36:56,802 - verifier.verifier - Final global state: [<State.Abort: 0>, <State.Abort: 0>, <State.Abort: 0>, <State.Lost: 4>]
[INFO] 2025-11-23 20:36:56,802 - verifier.verifier - Final global state: [<State.Abort: 0>, <State.Abort: 0>, <State.Abort: 0>, <State.Lost: 4>]
[INFO] 2025-11-23 20:36:56,802 - verifier.verifier - Final global state: [<State.Abort: 0>, <State.Abort: 0>, <State.Abort: 0>, <State.Abort: 0>]
[INFO] 2025-11-23 20:36:56,802 - verifier.verifier - Final global state: [<State.Abort: 0>, <State.Abort: 0>, <State.Abort: 0>, <State.Abort: 0>]
[INFO] 2025-11-23 20:36:56,802 - verifier.verifier - Final global state: [<State.Abort: 0>, <State.Abort: 0>, <State.Abort: 0>, <State.Abort: 0>]
[INFO] 2025-11-23 20:36:56,802 - verifier.verifier - Final global state: [<State.Abort: 0>, <State.Abort: 0>, <State.Abort: 0>, <State.Abort: 0>]
[INFO] 2025-11-23 20:36:56,802 - verifier.verifier - Final global state: [<State.Abort: 0>, <State.Abort: 0>, <State.Abort: 0>, <State.Abort: 0>]
[INFO] 2025-11-23 20:36:56,803 - verifier.verifier - Final global state: [<State.Abort: 0>, <State.Abort: 0>, <State.Abort: 0>, <State.Abort: 0>]
[INFO] 2025-11-23 20:36:56,803 - verifier.verifier - Final global state: [<State.Abort: 0>, <State.Abort: 0>, <State.Abort: 0>, <State.Abort: 0>]
[INFO] 2025-11-23 20:36:56,803 - verifier.verifier - Final global state: [<State.Abort: 0>, <State.Abort: 0>, <State.Abort: 0>, <State.Abort: 0>]
[INFO] 2025-11-23 20:36:56,803 - verifier.verifier - Final global state: [<State.Abort: 0>, <State.Abort: 0>, <State.Abort: 0>, <State.Abort: 0>]
[INFO] 2025-11-23 20:36:56,803 - verifier.verifier - Final global state: [<State.Abort: 0>, <State.Abort: 0>, <State.Abort: 0>, <State.Abort: 0>]
[INFO] 2025-11-23 20:36:56,803 - verifier.verifier - Final global state: [<State.Abort: 0>, <State.Abort: 0>, <State.Abort: 0>, <State.Abort: 0>]
[INFO] 2025-11-23 20:36:56,803 - verifier.verifier - Final global state: [<State.Abort: 0>, <State.Abort: 0>, <State.Abort: 0>, <State.Abort: 0>]
[INFO] 2025-11-23 20:36:56,803 - verifier.verifier - Final global state: [<State.Abort: 0>, <State.Abort: 0>, <State.Abort: 0>, <State.Abort: 0>]
[INFO] 2025-11-23 20:36:56,803 - verifier.verifier - Final global state: [<State.Abort: 0>, <State.Abort: 0>, <State.Abort: 0>, <State.Abort: 0>]
[INFO] 2025-11-23 20:36:56,803 - verifier.verifier - Final global state: [<State.Abort: 0>, <State.Abort: 0>, <State.Abort: 0>, <State.Abort: 0>]
[INFO] 2025-11-23 20:36:56,803 - verifier.verifier - Final global state: [<State.Abort: 0>, <State.Abort: 0>, <State.Abort: 0>, <State.Abort: 0>]
[INFO] 2025-11-23 20:36:56,803 - verifier.verifier - Final global state: [<State.Abort: 0>, <State.Abort: 0>, <State.Abort: 0>, <State.Abort: 0>]
[INFO] 2025-11-23 20:36:56,803 - verifier.verifier - Final global state: [<State.Abort: 0>, <State.Abort: 0>, <State.Abort: 0>, <State.Abort: 0>]
[INFO] 2025-11-23 20:36:56,803 - verifier.verifier - Final global state: [<State.Abort: 0>, <State.Abort: 0>, <State.Abort: 0>, <State.Abort: 0>]
[INFO] 2025-11-23 20:36:56,803 - verifier.verifier - Final global state: [<State.Abort: 0>, <State.Abort: 0>, <State.Abort: 0>, <State.Abort: 0>]
[INFO] 2025-11-23 20:36:56,803 - verifier.verifier - Final global state: [<State.Abort: 0>, <State.Abort: 0>, <State.Abort: 0>, <State.Abort: 0>]
[INFO] 2025-11-23 20:36:56,803 - verifier.verifier - Final global state: [<State.Abort: 0>, <State.Abort: 0>, <State.Abort: 0>, <State.Abort: 0>]
[INFO] 2025-11-23 20:36:56,803 - verifier.verifier - Final global state: [<State.Abort: 0>, <State.Abort: 0>, <State.Abort: 0>, <State.Abort: 0>]
[INFO] 2025-11-23 20:36:56,804 - verifier.verifier - Final global state: [<State.Abort: 0>, <State.Abort: 0>, <State.Abort: 0>, <State.Abort: 0>]
[INFO] 2025-11-23 20:36:56,804 - verifier.verifier - Final global state: [<State.Abort: 0>, <State.Abort: 0>, <State.Abort: 0>, <State.Abort: 0>]
[INFO] 2025-11-23 20:36:56,804 - verifier.verifier - Final global state: [<State.Abort: 0>, <State.Abort: 0>, <State.Abort: 0>, <State.Abort: 0>]
[INFO] 2025-11-23 20:36:56,804 - verifier.verifier - Final global state: [<State.Abort: 0>, <State.Abort: 0>, <State.Abort: 0>, <State.Abort: 0>]
[INFO] 2025-11-23 20:36:56,804 - verifier.verifier - Final global state: [<State.Abort: 0>, <State.Abort: 0>, <State.Abort: 0>, <State.Abort: 0>]
[INFO] 2025-11-23 20:36:56,804 - verifier.verifier - Final global state: [<State.Abort: 0>, <State.Abort: 0>, <State.Abort: 0>, <State.Abort: 0>]
[INFO] 2025-11-23 20:36:56,804 - verifier.verifier - Final global state: [<State.Abort: 0>, <State.Abort: 0>, <State.Abort: 0>, <State.Abort: 0>]
[INFO] 2025-11-23 20:36:56,804 - verifier.verifier - Final global state: [<State.Abort: 0>, <State.Abort: 0>, <State.Abort: 0>, <State.Abort: 0>]
[INFO] 2025-11-23 20:36:56,804 - verifier.verifier - Final global state: [<State.Abort: 0>, <State.Abort: 0>, <State.Abort: 0>, <State.Abort: 0>]
[INFO] 2025-11-23 20:36:56,804 - verifier.verifier - Final global state: [<State.Abort: 0>, <State.Abort: 0>, <State.Abort: 0>, <State.Abort: 0>]
[INFO] 2025-11-23 20:36:56,804 - verifier.verifier - Final global state: [<State.Lost: 4>, <State.Abort: 0>, <State.Abort: 0>, <State.Abort: 0>]
[INFO] 2025-11-23 20:36:56,804 - verifier.verifier - Final global state: [<State.Lost: 4>, <State.Abort: 0>, <State.Abort: 0>, <State.Abort: 0>]
[INFO] 2025-11-23 20:36:56,804 - verifier.verifier - Final global state: [<State.Lost: 4>, <State.Abort: 0>, <State.Abort: 0>, <State.Abort: 0>]
[INFO] 2025-11-23 20:36:56,804 - verifier.verifier - Final global state: [<State.Lost: 4>, <State.Abort: 0>, <State.Abort: 0>, <State.Abort: 0>]
[INFO] 2025-11-23 20:36:56,804 - verifier.verifier - Final global state: [<State.Lost: 4>, <State.Abort: 0>, <State.Abort: 0>, <State.Abort: 0>]
[INFO] 2025-11-23 20:36:56,804 - verifier.verifier - Final global state: [<State.Lost: 4>, <State.Abort: 0>, <State.Abort: 0>, <State.Abort: 0>]
[INFO] 2025-11-23 20:36:56,804 - verifier.verifier - Final global state: [<State.Lost: 4>, <State.Abort: 0>, <State.Abort: 0>, <State.Abort: 0>]
[INFO] 2025-11-23 20:36:56,804 - verifier.verifier - Final global state: [<State.Lost: 4>, <State.Abort: 0>, <State.Abort: 0>, <State.Abort: 0>]
[INFO] 2025-11-23 20:36:56,804 - verifier.verifier - Final global state: [<State.Abort: 0>, <State.Lost: 4>, <State.Abort: 0>, <State.Abort: 0>]
[INFO] 2025-11-23 20:36:56,805 - verifier.verifier - Final global state: [<State.Abort: 0>, <State.Lost: 4>, <State.Abort: 0>, <State.Abort: 0>]
[INFO] 2025-11-23 20:36:56,805 - verifier.verifier - Final global state: [<State.Abort: 0>, <State.Lost: 4>, <State.Abort: 0>, <State.Abort: 0>]
[INFO] 2025-11-23 20:36:56,805 - verifier.verifier - Final global state: [<State.Abort: 0>, <State.Lost: 4>, <State.Abort: 0>, <State.Abort: 0>]
[INFO] 2025-11-23 20:36:56,805 - verifier.verifier - Final global state: [<State.Abort: 0>, <State.Lost: 4>, <State.Abort: 0>, <State.Abort: 0>]
[INFO] 2025-11-23 20:36:56,805 - verifier.verifier - Final global state: [<State.Abort: 0>, <State.Lost: 4>, <State.Abort: 0>, <State.Abort: 0>]
[INFO] 2025-11-23 20:36:56,805 - verifier.verifier - Final global state: [<State.Abort: 0>, <State.Lost: 4>, <State.Abort: 0>, <State.Abort: 0>]
[INFO] 2025-11-23 20:36:56,805 - verifier.verifier - Final global state: [<State.Abort: 0>, <State.Lost: 4>, <State.Abort: 0>, <State.Abort: 0>]
[INFO] 2025-11-23 20:36:56,805 - verifier.verifier - Final global state: [<State.Abort: 0>, <State.Abort: 0>, <State.Lost: 4>, <State.Abort: 0>]
[INFO] 2025-11-23 20:36:56,805 - verifier.verifier - Final global state: [<State.Abort: 0>, <State.Abort: 0>, <State.Lost: 4>, <State.Abort: 0>]
[INFO] 2025-11-23 20:36:56,805 - verifier.verifier - Final global state: [<State.Abort: 0>, <State.Abort: 0>, <State.Lost: 4>, <State.Abort: 0>]
[INFO] 2025-11-23 20:36:56,805 - verifier.verifier - Final global state: [<State.Abort: 0>, <State.Abort: 0>, <State.Lost: 4>, <State.Abort: 0>]
[INFO] 2025-11-23 20:36:56,805 - verifier.verifier - Final global state: [<State.Abort: 0>, <State.Abort: 0>, <State.Lost: 4>, <State.Abort: 0>]
[INFO] 2025-11-23 20:36:56,805 - verifier.verifier - Final global state: [<State.Abort: 0>, <State.Abort: 0>, <State.Lost: 4>, <State.Abort: 0>]
[INFO] 2025-11-23 20:36:56,805 - verifier.verifier - Final global state: [<State.Abort: 0>, <State.Abort: 0>, <State.Lost: 4>, <State.Abort: 0>]
[INFO] 2025-11-23 20:36:56,805 - verifier.verifier - Final global state: [<State.Abort: 0>, <State.Abort: 0>, <State.Lost: 4>, <State.Abort: 0>]
[INFO] 2025-11-23 20:36:56,805 - verifier.verifier - Final global state: [<State.Abort: 0>, <State.Abort: 0>, <State.Abort: 0>, <State.Lost: 4>]
[INFO] 2025-11-23 20:36:56,805 - verifier.verifier - Final global state: [<State.Abort: 0>, <State.Abort: 0>, <State.Abort: 0>, <State.Lost: 4>]
[INFO] 2025-11-23 20:36:56,805 - verifier.verifier - Final global state: [<State.Abort: 0>, <State.Abort: 0>, <State.Abort: 0>, <State.Lost: 4>]
[INFO] 2025-11-23 20:36:56,805 - verifier.verifier - Final global state: [<State.Abort: 0>, <State.Abort: 0>, <State.Abort: 0>, <State.Lost: 4>]
[INFO] 2025-11-23 20:36:56,805 - verifier.verifier - Final global state: [<State.Abort: 0>, <State.Abort: 0>, <State.Abort: 0>, <State.Lost: 4>]
[INFO] 2025-11-23 20:36:56,805 - verifier.verifier - Final global state: [<State.Abort: 0>, <State.Abort: 0>, <State.Abort: 0>, <State.Lost: 4>]
[INFO] 2025-11-23 20:36:56,806 - verifier.verifier - Final global state: [<State.Abort: 0>, <State.Abort: 0>, <State.Abort: 0>, <State.Lost: 4>]
[INFO] 2025-11-23 20:36:56,806 - verifier.verifier - Final global state: [<State.Abort: 0>, <State.Abort: 0>, <State.Abort: 0>, <State.Lost: 4>]
[INFO] 2025-11-23 20:36:56,806 - verifier.verifier - Final global state: [<State.Abort: 0>, <State.Abort: 0>, <State.Abort: 0>, <State.Abort: 0>]
[INFO] 2025-11-23 20:36:56,806 - verifier.verifier - Final global state: [<State.Abort: 0>, <State.Abort: 0>, <State.Abort: 0>, <State.Abort: 0>]
[INFO] 2025-11-23 20:36:56,806 - verifier.verifier - Final global state: [<State.Abort: 0>, <State.Abort: 0>, <State.Abort: 0>, <State.Abort: 0>]
[INFO] 2025-11-23 20:36:56,806 - verifier.verifier - Final global state: [<State.Abort: 0>, <State.Abort: 0>, <State.Abort: 0>, <State.Abort: 0>]
[INFO] 2025-11-23 20:36:56,806 - verifier.verifier - Final global state: [<State.Abort: 0>, <State.Abort: 0>, <State.Abort: 0>, <State.Abort: 0>]
[INFO] 2025-11-23 20:36:56,806 - verifier.verifier - Final global state: [<State.Abort: 0>, <State.Abort: 0>, <State.Abort: 0>, <State.Abort: 0>]
[INFO] 2025-11-23 20:36:56,806 - verifier.verifier - Final global state: [<State.Abort: 0>, <State.Abort: 0>, <State.Abort: 0>, <State.Abort: 0>]
[INFO] 2025-11-23 20:36:56,806 - verifier.verifier - Final global state: [<State.Abort: 0>, <State.Abort: 0>, <State.Abort: 0>, <State.Abort: 0>]
[INFO] 2025-11-23 20:36:56,806 - verifier.verifier - Final global state: [<State.Abort: 0>, <State.Abort: 0>, <State.Abort: 0>, <State.Abort: 0>]
[INFO] 2025-11-23 20:36:56,806 - verifier.verifier - Final global state: [<State.Abort: 0>, <State.Abort: 0>, <State.Abort: 0>, <State.Abort: 0>]
[INFO] 2025-11-23 20:36:56,806 - verifier.verifier - Final global state: [<State.Abort: 0>, <State.Abort: 0>, <State.Abort: 0>, <State.Abort: 0>]
[INFO] 2025-11-23 20:36:56,806 - verifier.verifier - Final global state: [<State.Abort: 0>, <State.Abort: 0>, <State.Abort: 0>, <State.Abort: 0>]
[INFO] 2025-11-23 20:36:56,806 - verifier.verifier - Final global state: [<State.Abort: 0>, <State.Abort: 0>, <State.Abort: 0>, <State.Abort: 0>]
[INFO] 2025-11-23 20:36:56,806 - verifier.verifier - Final global state: [<State.Abort: 0>, <State.Abort: 0>, <State.Abort: 0>, <State.Abort: 0>]
[INFO] 2025-11-23 20:36:56,806 - verifier.verifier - Final global state: [<State.Abort: 0>, <State.Abort: 0>, <State.Abort: 0>, <State.Abort: 0>]
[INFO] 2025-11-23 20:36:56,806 - verifier.verifier - Final global state: [<State.Abort: 0>, <State.Abort: 0>, <State.Abort: 0>, <State.Abort: 0>]
[INFO] 2025-11-23 20:36:56,807 - verifier.verifier - Final global state: [<State.Abort: 0>, <State.Abort: 0>, <State.Abort: 0>, <State.Abort: 0>]
[INFO] 2025-11-23 20:36:56,807 - verifier.verifier - Final global state: [<State.Abort: 0>, <State.Abort: 0>, <State.Abort: 0>, <State.Abort: 0>]
[INFO] 2025-11-23 20:36:56,807 - verifier.verifier - Final global state: [<State.Abort: 0>, <State.Abort: 0>, <State.Abort: 0>, <State.Abort: 0>]
[INFO] 2025-11-23 20:36:56,807 - verifier.verifier - Final global state: [<State.Abort: 0>, <State.Abort: 0>, <State.Abort: 0>, <State.Abort: 0>]
[INFO] 2025-11-23 20:36:56,807 - verifier.verifier - Final global state: [<State.Abort: 0>, <State.Abort: 0>, <State.Abort: 0>, <State.Abort: 0>]
[INFO] 2025-11-23 20:36:56,807 - verifier.verifier - Final global state: [<State.Abort: 0>, <State.Abort: 0>, <State.Abort: 0>, <State.Abort: 0>]
[INFO] 2025-11-23 20:36:56,807 - verifier.verifier - Final global state: [<State.Abort: 0>, <State.Abort: 0>, <State.Abort: 0>, <State.Abort: 0>]
[INFO] 2025-11-23 20:36:56,807 - verifier.verifier - Final global state: [<State.Abort: 0>, <State.Abort: 0>, <State.Abort: 0>, <State.Abort: 0>]
[INFO] 2025-11-23 20:36:56,807 - verifier.verifier - Final global state: [<State.Abort: 0>, <State.Abort: 0>, <State.Abort: 0>, <State.Abort: 0>]
[INFO] 2025-11-23 20:36:56,807 - verifier.verifier - Final global state: [<State.Abort: 0>, <State.Abort: 0>, <State.Abort: 0>, <State.Abort: 0>]
[INFO] 2025-11-23 20:36:56,807 - verifier.verifier - Final global state: [<State.Abort: 0>, <State.Abort: 0>, <State.Abort: 0>, <State.Abort: 0>]
[INFO] 2025-11-23 20:36:56,807 - verifier.verifier - Final global state: [<State.Abort: 0>, <State.Abort: 0>, <State.Abort: 0>, <State.Abort: 0>]
[INFO] 2025-11-23 20:36:56,807 - verifier.verifier - Final global state: [<State.Abort: 0>, <State.Abort: 0>, <State.Abort: 0>, <State.Abort: 0>]
[INFO] 2025-11-23 20:36:56,807 - verifier.verifier - Final global state: [<State.Abort: 0>, <State.Abort: 0>, <State.Abort: 0>, <State.Abort: 0>]
[INFO] 2025-11-23 20:36:56,807 - verifier.verifier - Final global state: [<State.Abort: 0>, <State.Abort: 0>, <State.Abort: 0>, <State.Abort: 0>]
[INFO] 2025-11-23 20:36:56,807 - verifier.verifier - Final global state: [<State.Abort: 0>, <State.Abort: 0>, <State.Abort: 0>, <State.Abort: 0>]
[INFO] 2025-11-23 20:36:56,807 - verifier.verifier - Final global state: [<State.Abort: 0>, <State.Abort: 0>, <State.Abort: 0>, <State.Abort: 0>]
[INFO] 2025-11-23 20:36:56,807 - verifier.verifier - Final global state: [<State.Lost: 4>, <State.Abort: 0>, <State.Abort: 0>, <State.Abort: 0>]
[INFO] 2025-11-23 20:36:56,807 - verifier.verifier - Final global state: [<State.Lost: 4>, <State.Abort: 0>, <State.Abort: 0>, <State.Abort: 0>]
[INFO] 2025-11-23 20:36:56,808 - verifier.verifier - Final global state: [<State.Lost: 4>, <State.Abort: 0>, <State.Abort: 0>, <State.Abort: 0>]
[INFO] 2025-11-23 20:36:56,808 - verifier.verifier - Final global state: [<State.Lost: 4>, <State.Abort: 0>, <State.Abort: 0>, <State.Abort: 0>]
[INFO] 2025-11-23 20:36:56,808 - verifier.verifier - Final global state: [<State.Lost: 4>, <State.Abort: 0>, <State.Abort: 0>, <State.Abort: 0>]
[INFO] 2025-11-23 20:36:56,808 - verifier.verifier - Final global state: [<State.Lost: 4>, <State.Abort: 0>, <State.Abort: 0>, <State.Abort: 0>]
[INFO] 2025-11-23 20:36:56,808 - verifier.verifier - Final global state: [<State.Lost: 4>, <State.Abort: 0>, <State.Abort: 0>, <State.Abort: 0>]
[INFO] 2025-11-23 20:36:56,808 - verifier.verifier - Final global state: [<State.Lost: 4>, <State.Abort: 0>, <State.Abort: 0>, <State.Abort: 0>]
[INFO] 2025-11-23 20:36:56,808 - verifier.verifier - Final global state: [<State.Abort: 0>, <State.Lost: 4>, <State.Abort: 0>, <State.Abort: 0>]
[INFO] 2025-11-23 20:36:56,808 - verifier.verifier - Final global state: [<State.Abort: 0>, <State.Lost: 4>, <State.Abort: 0>, <State.Abort: 0>]
[INFO] 2025-11-23 20:36:56,808 - verifier.verifier - Final global state: [<State.Abort: 0>, <State.Lost: 4>, <State.Abort: 0>, <State.Abort: 0>]
[INFO] 2025-11-23 20:36:56,808 - verifier.verifier - Final global state: [<State.Abort: 0>, <State.Lost: 4>, <State.Abort: 0>, <State.Abort: 0>]
[INFO] 2025-11-23 20:36:56,808 - verifier.verifier - Final global state: [<State.Abort: 0>, <State.Lost: 4>, <State.Abort: 0>, <State.Abort: 0>]
[INFO] 2025-11-23 20:36:56,808 - verifier.verifier - Final global state: [<State.Abort: 0>, <State.Lost: 4>, <State.Abort: 0>, <State.Abort: 0>]
[INFO] 2025-11-23 20:36:56,808 - verifier.verifier - Final global state: [<State.Abort: 0>, <State.Lost: 4>, <State.Abort: 0>, <State.Abort: 0>]
[INFO] 2025-11-23 20:36:56,808 - verifier.verifier - Final global state: [<State.Abort: 0>, <State.Lost: 4>, <State.Abort: 0>, <State.Abort: 0>]
[INFO] 2025-11-23 20:36:56,808 - verifier.verifier - Final global state: [<State.Abort: 0>, <State.Abort: 0>, <State.Lost: 4>, <State.Abort: 0>]
[INFO] 2025-11-23 20:36:56,808 - verifier.verifier - Final global state: [<State.Abort: 0>, <State.Abort: 0>, <State.Lost: 4>, <State.Abort: 0>]
[INFO] 2025-11-23 20:36:56,808 - verifier.verifier - Final global state: [<State.Abort: 0>, <State.Abort: 0>, <State.Lost: 4>, <State.Abort: 0>]
[INFO] 2025-11-23 20:36:56,808 - verifier.verifier - Final global state: [<State.Abort: 0>, <State.Abort: 0>, <State.Lost: 4>, <State.Abort: 0>]
[INFO] 2025-11-23 20:36:56,808 - verifier.verifier - Final global state: [<State.Abort: 0>, <State.Abort: 0>, <State.Lost: 4>, <State.Abort: 0>]
[INFO] 2025-11-23 20:36:56,808 - verifier.verifier - Final global state: [<State.Abort: 0>, <State.Abort: 0>, <State.Lost: 4>, <State.Abort: 0>]
[INFO] 2025-11-23 20:36:56,809 - verifier.verifier - Final global state: [<State.Abort: 0>, <State.Abort: 0>, <State.Lost: 4>, <State.Abort: 0>]
[INFO] 2025-11-23 20:36:56,809 - verifier.verifier - Final global state: [<State.Abort: 0>, <State.Abort: 0>, <State.Lost: 4>, <State.Abort: 0>]
[INFO] 2025-11-23 20:36:56,809 - verifier.verifier - Final global state: [<State.Abort: 0>, <State.Abort: 0>, <State.Abort: 0>, <State.Lost: 4>]
[INFO] 2025-11-23 20:36:56,809 - verifier.verifier - Final global state: [<State.Abort: 0>, <State.Abort: 0>, <State.Abort: 0>, <State.Lost: 4>]
[INFO] 2025-11-23 20:36:56,809 - verifier.verifier - Final global state: [<State.Abort: 0>, <State.Abort: 0>, <State.Abort: 0>, <State.Lost: 4>]
[INFO] 2025-11-23 20:36:56,809 - verifier.verifier - Final global state: [<State.Abort: 0>, <State.Abort: 0>, <State.Abort: 0>, <State.Lost: 4>]
[INFO] 2025-11-23 20:36:56,809 - verifier.verifier - Final global state: [<State.Abort: 0>, <State.Abort: 0>, <State.Abort: 0>, <State.Lost: 4>]
[INFO] 2025-11-23 20:36:56,809 - verifier.verifier - Final global state: [<State.Abort: 0>, <State.Abort: 0>, <State.Abort: 0>, <State.Lost: 4>]
[INFO] 2025-11-23 20:36:56,809 - verifier.verifier - Final global state: [<State.Abort: 0>, <State.Abort: 0>, <State.Abort: 0>, <State.Lost: 4>]
[INFO] 2025-11-23 20:36:56,809 - verifier.verifier - Final global state: [<State.Abort: 0>, <State.Abort: 0>, <State.Abort: 0>, <State.Lost: 4>]
[INFO] 2025-11-23 20:36:56,809 - verifier.verifier - Final global state: [<State.Abort: 0>, <State.Abort: 0>, <State.Abort: 0>, <State.Abort: 0>]
[INFO] 2025-11-23 20:36:56,809 - verifier.verifier - Final global state: [<State.Abort: 0>, <State.Abort: 0>, <State.Abort: 0>, <State.Abort: 0>]
[INFO] 2025-11-23 20:36:56,809 - verifier.verifier - Final global state: [<State.Abort: 0>, <State.Abort: 0>, <State.Abort: 0>, <State.Abort: 0>]
[INFO] 2025-11-23 20:36:56,809 - verifier.verifier - Final global state: [<State.Abort: 0>, <State.Abort: 0>, <State.Abort: 0>, <State.Abort: 0>]
[INFO] 2025-11-23 20:36:56,809 - verifier.verifier - Final global state: [<State.Abort: 0>, <State.Abort: 0>, <State.Abort: 0>, <State.Abort: 0>]
[INFO] 2025-11-23 20:36:56,809 - verifier.verifier - Final global state: [<State.Abort: 0>, <State.Abort: 0>, <State.Abort: 0>, <State.Abort: 0>]
[INFO] 2025-11-23 20:36:56,809 - verifier.verifier - Final global state: [<State.Abort: 0>, <State.Abort: 0>, <State.Abort: 0>, <State.Abort: 0>]
[INFO] 2025-11-23 20:36:56,809 - verifier.verifier - Final global state: [<State.Abort: 0>, <State.Abort: 0>, <State.Abort: 0>, <State.Abort: 0>]
[INFO] 2025-11-23 20:36:56,809 - verifier.verifier - Final global state: [<State.Abort: 0>, <State.Abort: 0>, <State.Abort: 0>, <State.Abort: 0>]
[INFO] 2025-11-23 20:36:56,809 - verifier.verifier - Final global state: [<State.Abort: 0>, <State.Abort: 0>, <State.Abort: 0>, <State.Abort: 0>]
[INFO] 2025-11-23 20:36:56,810 - verifier.verifier - Final global state: [<State.Abort: 0>, <State.Abort: 0>, <State.Abort: 0>, <State.Abort: 0>]
[INFO] 2025-11-23 20:36:56,810 - verifier.verifier - Final global state: [<State.Abort: 0>, <State.Abort: 0>, <State.Abort: 0>, <State.Abort: 0>]
[INFO] 2025-11-23 20:36:56,810 - verifier.verifier - Final global state: [<State.Abort: 0>, <State.Abort: 0>, <State.Abort: 0>, <State.Abort: 0>]
[INFO] 2025-11-23 20:36:56,810 - verifier.verifier - Final global state: [<State.Abort: 0>, <State.Abort: 0>, <State.Abort: 0>, <State.Abort: 0>]
[INFO] 2025-11-23 20:36:56,810 - verifier.verifier - Final global state: [<State.Abort: 0>, <State.Abort: 0>, <State.Abort: 0>, <State.Abort: 0>]
[INFO] 2025-11-23 20:36:56,810 - verifier.verifier - Final global state: [<State.Abort: 0>, <State.Abort: 0>, <State.Abort: 0>, <State.Abort: 0>]
[INFO] 2025-11-23 20:36:56,810 - verifier.verifier - Final global state: [<State.Abort: 0>, <State.Abort: 0>, <State.Abort: 0>, <State.Abort: 0>]
[INFO] 2025-11-23 20:36:56,810 - verifier.verifier - Final global state: [<State.Abort: 0>, <State.Abort: 0>, <State.Abort: 0>, <State.Abort: 0>]
[INFO] 2025-11-23 20:36:56,810 - verifier.verifier - Final global state: [<State.Abort: 0>, <State.Abort: 0>, <State.Abort: 0>, <State.Abort: 0>]
[INFO] 2025-11-23 20:36:56,810 - verifier.verifier - Final global state: [<State.Abort: 0>, <State.Abort: 0>, <State.Abort: 0>, <State.Abort: 0>]
[INFO] 2025-11-23 20:36:56,810 - verifier.verifier - Final global state: [<State.Abort: 0>, <State.Abort: 0>, <State.Abort: 0>, <State.Abort: 0>]
[INFO] 2025-11-23 20:36:56,810 - verifier.verifier - Final global state: [<State.Abort: 0>, <State.Abort: 0>, <State.Abort: 0>, <State.Abort: 0>]
[INFO] 2025-11-23 20:36:56,810 - verifier.verifier - Final global state: [<State.Abort: 0>, <State.Abort: 0>, <State.Abort: 0>, <State.Abort: 0>]
[INFO] 2025-11-23 20:36:56,810 - verifier.verifier - Final global state: [<State.Abort: 0>, <State.Abort: 0>, <State.Abort: 0>, <State.Abort: 0>]
[INFO] 2025-11-23 20:36:56,810 - verifier.verifier - Final global state: [<State.Abort: 0>, <State.Abort: 0>, <State.Abort: 0>, <State.Abort: 0>]
[INFO] 2025-11-23 20:36:56,810 - verifier.verifier - Final global state: [<State.Abort: 0>, <State.Abort: 0>, <State.Abort: 0>, <State.Abort: 0>]
[INFO] 2025-11-23 20:36:56,810 - verifier.verifier - Final global state: [<State.Abort: 0>, <State.Abort: 0>, <State.Abort: 0>, <State.Abort: 0>]
[INFO] 2025-11-23 20:36:56,811 - verifier.verifier - Final global state: [<State.Abort: 0>, <State.Abort: 0>, <State.Abort: 0>, <State.Abort: 0>]
[INFO] 2025-11-23 20:36:56,811 - verifier.verifier - Final global state: [<State.Abort: 0>, <State.Abort: 0>, <State.Abort: 0>, <State.Abort: 0>]
[INFO] 2025-11-23 20:36:56,811 - verifier.verifier - Final global state: [<State.Abort: 0>, <State.Abort: 0>, <State.Abort: 0>, <State.Abort: 0>]
[INFO] 2025-11-23 20:36:56,811 - verifier.verifier - Final global state: [<State.Abort: 0>, <State.Abort: 0>, <State.Abort: 0>, <State.Abort: 0>]
[INFO] 2025-11-23 20:36:56,811 - verifier.verifier - Final global state: [<State.Abort: 0>, <State.Abort: 0>, <State.Abort: 0>, <State.Abort: 0>]
[INFO] 2025-11-23 20:36:56,811 - verifier.verifier - Final global state: [<State.Abort: 0>, <State.Abort: 0>, <State.Abort: 0>, <State.Abort: 0>]
[INFO] 2025-11-23 20:36:56,811 - verifier.verifier - Final global state: [<State.Lost: 4>, <State.Abort: 0>, <State.Abort: 0>, <State.Abort: 0>]
[INFO] 2025-11-23 20:36:56,811 - verifier.verifier - Final global state: [<State.Lost: 4>, <State.Abort: 0>, <State.Abort: 0>, <State.Abort: 0>]
[INFO] 2025-11-23 20:36:56,811 - verifier.verifier - Final global state: [<State.Lost: 4>, <State.Abort: 0>, <State.Abort: 0>, <State.Abort: 0>]
[INFO] 2025-11-23 20:36:56,811 - verifier.verifier - Final global state: [<State.Lost: 4>, <State.Abort: 0>, <State.Abort: 0>, <State.Abort: 0>]
[INFO] 2025-11-23 20:36:56,811 - verifier.verifier - Final global state: [<State.Lost: 4>, <State.Abort: 0>, <State.Abort: 0>, <State.Abort: 0>]
[INFO] 2025-11-23 20:36:56,811 - verifier.verifier - Final global state: [<State.Lost: 4>, <State.Abort: 0>, <State.Abort: 0>, <State.Abort: 0>]
[INFO] 2025-11-23 20:36:56,811 - verifier.verifier - Final global state: [<State.Lost: 4>, <State.Abort: 0>, <State.Abort: 0>, <State.Abort: 0>]
[INFO] 2025-11-23 20:36:56,811 - verifier.verifier - Final global state: [<State.Lost: 4>, <State.Abort: 0>, <State.Abort: 0>, <State.Abort: 0>]
[INFO] 2025-11-23 20:36:56,811 - verifier.verifier - Final global state: [<State.Abort: 0>, <State.Lost: 4>, <State.Abort: 0>, <State.Abort: 0>]
[INFO] 2025-11-23 20:36:56,811 - verifier.verifier - Final global state: [<State.Abort: 0>, <State.Lost: 4>, <State.Abort: 0>, <State.Abort: 0>]
[INFO] 2025-11-23 20:36:56,811 - verifier.verifier - Final global state: [<State.Abort: 0>, <State.Lost: 4>, <State.Abort: 0>, <State.Abort: 0>]
[INFO] 2025-11-23 20:36:56,811 - verifier.verifier - Final global state: [<State.Abort: 0>, <State.Lost: 4>, <State.Abort: 0>, <State.Abort: 0>]
[INFO] 2025-11-23 20:36:56,811 - verifier.verifier - Final global state: [<State.Abort: 0>, <State.Lost: 4>, <State.Abort: 0>, <State.Abort: 0>]
[INFO] 2025-11-23 20:36:56,811 - verifier.verifier - Final global state: [<State.Abort: 0>, <State.Lost: 4>, <State.Abort: 0>, <State.Abort: 0>]
[INFO] 2025-11-23 20:36:56,812 - verifier.verifier - Final global state: [<State.Abort: 0>, <State.Lost: 4>, <State.Abort: 0>, <State.Abort: 0>]
[INFO] 2025-11-23 20:36:56,812 - verifier.verifier - Final global state: [<State.Abort: 0>, <State.Lost: 4>, <State.Abort: 0>, <State.Abort: 0>]
[INFO] 2025-11-23 20:36:56,812 - verifier.verifier - Final global state: [<State.Abort: 0>, <State.Abort: 0>, <State.Lost: 4>, <State.Abort: 0>]
[INFO] 2025-11-23 20:36:56,812 - verifier.verifier - Final global state: [<State.Abort: 0>, <State.Abort: 0>, <State.Lost: 4>, <State.Abort: 0>]
[INFO] 2025-11-23 20:36:56,812 - verifier.verifier - Final global state: [<State.Abort: 0>, <State.Abort: 0>, <State.Lost: 4>, <State.Abort: 0>]
[INFO] 2025-11-23 20:36:56,812 - verifier.verifier - Final global state: [<State.Abort: 0>, <State.Abort: 0>, <State.Lost: 4>, <State.Abort: 0>]
[INFO] 2025-11-23 20:36:56,812 - verifier.verifier - Final global state: [<State.Abort: 0>, <State.Abort: 0>, <State.Lost: 4>, <State.Abort: 0>]
[INFO] 2025-11-23 20:36:56,812 - verifier.verifier - Final global state: [<State.Abort: 0>, <State.Abort: 0>, <State.Lost: 4>, <State.Abort: 0>]
[INFO] 2025-11-23 20:36:56,812 - verifier.verifier - Final global state: [<State.Abort: 0>, <State.Abort: 0>, <State.Lost: 4>, <State.Abort: 0>]
[INFO] 2025-11-23 20:36:56,812 - verifier.verifier - Final global state: [<State.Abort: 0>, <State.Abort: 0>, <State.Lost: 4>, <State.Abort: 0>]
[INFO] 2025-11-23 20:36:56,812 - verifier.verifier - Final global state: [<State.Abort: 0>, <State.Abort: 0>, <State.Abort: 0>, <State.Lost: 4>]
[INFO] 2025-11-23 20:36:56,812 - verifier.verifier - Final global state: [<State.Abort: 0>, <State.Abort: 0>, <State.Abort: 0>, <State.Lost: 4>]
[INFO] 2025-11-23 20:36:56,812 - verifier.verifier - Final global state: [<State.Abort: 0>, <State.Abort: 0>, <State.Abort: 0>, <State.Lost: 4>]
[INFO] 2025-11-23 20:36:56,812 - verifier.verifier - Final global state: [<State.Abort: 0>, <State.Abort: 0>, <State.Abort: 0>, <State.Lost: 4>]
[INFO] 2025-11-23 20:36:56,812 - verifier.verifier - Final global state: [<State.Abort: 0>, <State.Abort: 0>, <State.Abort: 0>, <State.Lost: 4>]
[INFO] 2025-11-23 20:36:56,812 - verifier.verifier - Final global state: [<State.Abort: 0>, <State.Abort: 0>, <State.Abort: 0>, <State.Lost: 4>]
[INFO] 2025-11-23 20:36:56,812 - verifier.verifier - Final global state: [<State.Abort: 0>, <State.Abort: 0>, <State.Abort: 0>, <State.Lost: 4>]
[INFO] 2025-11-23 20:36:56,812 - verifier.verifier - Final global state: [<State.Abort: 0>, <State.Abort: 0>, <State.Abort: 0>, <State.Lost: 4>]
[INFO] 2025-11-23 20:36:56,812 - verifier.verifier - Final global state: [<State.Abort: 0>, <State.Abort: 0>, <State.Abort: 0>, <State.Abort: 0>]
[INFO] 2025-11-23 20:36:56,812 - verifier.verifier - Final global state: [<State.Abort: 0>, <State.Abort: 0>, <State.Abort: 0>, <State.Abort: 0>]
[INFO] 2025-11-23 20:36:56,812 - verifier.verifier - Final global state: [<State.Abort: 0>, <State.Abort: 0>, <State.Abort: 0>, <State.Abort: 0>]
[INFO] 2025-11-23 20:36:56,813 - verifier.verifier - Final global state: [<State.Abort: 0>, <State.Abort: 0>, <State.Abort: 0>, <State.Abort: 0>]
[INFO] 2025-11-23 20:36:56,813 - verifier.verifier - Final global state: [<State.Abort: 0>, <State.Abort: 0>, <State.Abort: 0>, <State.Abort: 0>]
[INFO] 2025-11-23 20:36:56,813 - verifier.verifier - Final global state: [<State.Abort: 0>, <State.Abort: 0>, <State.Abort: 0>, <State.Abort: 0>]
[INFO] 2025-11-23 20:36:56,813 - verifier.verifier - Final global state: [<State.Abort: 0>, <State.Abort: 0>, <State.Abort: 0>, <State.Abort: 0>]
[INFO] 2025-11-23 20:36:56,813 - verifier.verifier - Final global state: [<State.Abort: 0>, <State.Abort: 0>, <State.Abort: 0>, <State.Abort: 0>]
[INFO] 2025-11-23 20:36:56,813 - verifier.verifier - Final global state: [<State.Abort: 0>, <State.Abort: 0>, <State.Abort: 0>, <State.Abort: 0>]
[INFO] 2025-11-23 20:36:56,813 - verifier.verifier - Final global state: [<State.Abort: 0>, <State.Abort: 0>, <State.Abort: 0>, <State.Abort: 0>]
[INFO] 2025-11-23 20:36:56,813 - verifier.verifier - Final global state: [<State.Abort: 0>, <State.Abort: 0>, <State.Abort: 0>, <State.Abort: 0>]
[INFO] 2025-11-23 20:36:56,813 - verifier.verifier - Final global state: [<State.Abort: 0>, <State.Abort: 0>, <State.Abort: 0>, <State.Abort: 0>]
[INFO] 2025-11-23 20:36:56,813 - verifier.verifier - Final global state: [<State.Abort: 0>, <State.Abort: 0>, <State.Abort: 0>, <State.Abort: 0>]
[INFO] 2025-11-23 20:36:56,813 - verifier.verifier - Final global state: [<State.Abort: 0>, <State.Abort: 0>, <State.Abort: 0>, <State.Abort: 0>]
[INFO] 2025-11-23 20:36:56,813 - verifier.verifier - Final global state: [<State.Abort: 0>, <State.Abort: 0>, <State.Abort: 0>, <State.Abort: 0>]
[INFO] 2025-11-23 20:36:56,813 - verifier.verifier - Final global state: [<State.Abort: 0>, <State.Abort: 0>, <State.Abort: 0>, <State.Abort: 0>]
[INFO] 2025-11-23 20:36:56,813 - verifier.verifier - Final global state: [<State.Abort: 0>, <State.Abort: 0>, <State.Abort: 0>, <State.Abort: 0>]
[INFO] 2025-11-23 20:36:56,813 - verifier.verifier - Final global state: [<State.Abort: 0>, <State.Abort: 0>, <State.Abort: 0>, <State.Abort: 0>]
[INFO] 2025-11-23 20:36:56,813 - verifier.verifier - Final global state: [<State.Abort: 0>, <State.Abort: 0>, <State.Abort: 0>, <State.Abort: 0>]
[INFO] 2025-11-23 20:36:56,813 - verifier.verifier - Final global state: [<State.Abort: 0>, <State.Abort: 0>, <State.Abort: 0>, <State.Abort: 0>]
[INFO] 2025-11-23 20:36:56,813 - verifier.verifier - Final global state: [<State.Abort: 0>, <State.Abort: 0>, <State.Abort: 0>, <State.Abort: 0>]
[INFO] 2025-11-23 20:36:56,814 - verifier.verifier - Final global state: [<State.Abort: 0>, <State.Abort: 0>, <State.Abort: 0>, <State.Abort: 0>]
[INFO] 2025-11-23 20:36:56,814 - verifier.verifier - Final global state: [<State.Abort: 0>, <State.Abort: 0>, <State.Abort: 0>, <State.Abort: 0>]
[INFO] 2025-11-23 20:36:56,814 - verifier.verifier - Final global state: [<State.Abort: 0>, <State.Abort: 0>, <State.Abort: 0>, <State.Abort: 0>]
[INFO] 2025-11-23 20:36:56,814 - verifier.verifier - Final global state: [<State.Abort: 0>, <State.Abort: 0>, <State.Abort: 0>, <State.Abort: 0>]
[INFO] 2025-11-23 20:36:56,814 - verifier.verifier - Final global state: [<State.Abort: 0>, <State.Abort: 0>, <State.Abort: 0>, <State.Abort: 0>]
[INFO] 2025-11-23 20:36:56,814 - verifier.verifier - Final global state: [<State.Abort: 0>, <State.Abort: 0>, <State.Abort: 0>, <State.Abort: 0>]
[INFO] 2025-11-23 20:36:56,814 - verifier.verifier - Final global state: [<State.Abort: 0>, <State.Abort: 0>, <State.Abort: 0>, <State.Abort: 0>]
[INFO] 2025-11-23 20:36:56,814 - verifier.verifier - Final global state: [<State.Abort: 0>, <State.Abort: 0>, <State.Abort: 0>, <State.Abort: 0>]
[INFO] 2025-11-23 20:36:56,814 - verifier.verifier - Final global state: [<State.Abort: 0>, <State.Abort: 0>, <State.Abort: 0>, <State.Abort: 0>]
[INFO] 2025-11-23 20:36:56,814 - verifier.verifier - Final global state: [<State.Abort: 0>, <State.Abort: 0>, <State.Abort: 0>, <State.Abort: 0>]
[INFO] 2025-11-23 20:36:56,814 - verifier.verifier - Final global state: [<State.Abort: 0>, <State.Abort: 0>, <State.Abort: 0>, <State.Abort: 0>]
[INFO] 2025-11-23 20:36:56,814 - verifier.verifier - Final global state: [<State.Abort: 0>, <State.Abort: 0>, <State.Abort: 0>, <State.Abort: 0>]
[INFO] 2025-11-23 20:36:56,814 - verifier.verifier - Final global state: [<State.Lost: 4>, <State.Abort: 0>, <State.Abort: 0>, <State.Abort: 0>]
[INFO] 2025-11-23 20:36:56,814 - verifier.verifier - Final global state: [<State.Lost: 4>, <State.Abort: 0>, <State.Abort: 0>, <State.Abort: 0>]
[INFO] 2025-11-23 20:36:56,814 - verifier.verifier - Final global state: [<State.Lost: 4>, <State.Abort: 0>, <State.Abort: 0>, <State.Abort: 0>]
[INFO] 2025-11-23 20:36:56,814 - verifier.verifier - Final global state: [<State.Lost: 4>, <State.Abort: 0>, <State.Abort: 0>, <State.Abort: 0>]
[INFO] 2025-11-23 20:36:56,814 - verifier.verifier - Final global state: [<State.Lost: 4>, <State.Abort: 0>, <State.Abort: 0>, <State.Abort: 0>]
[INFO] 2025-11-23 20:36:56,814 - verifier.verifier - Final global state: [<State.Lost: 4>, <State.Abort: 0>, <State.Abort: 0>, <State.Abort: 0>]
[INFO] 2025-11-23 20:36:56,815 - verifier.verifier - Final global state: [<State.Lost: 4>, <State.Abort: 0>, <State.Abort: 0>, <State.Abort: 0>]
[INFO] 2025-11-23 20:36:56,815 - verifier.verifier - Final global state: [<State.Lost: 4>, <State.Abort: 0>, <State.Abort: 0>, <State.Abort: 0>]
[INFO] 2025-11-23 20:36:56,815 - verifier.verifier - Final global state: [<State.Abort: 0>, <State.Lost: 4>, <State.Abort: 0>, <State.Abort: 0>]
[INFO] 2025-11-23 20:36:56,815 - verifier.verifier - Final global state: [<State.Abort: 0>, <State.Lost: 4>, <State.Abort: 0>, <State.Abort: 0>]
[INFO] 2025-11-23 20:36:56,815 - verifier.verifier - Final global state: [<State.Abort: 0>, <State.Lost: 4>, <State.Abort: 0>, <State.Abort: 0>]
[INFO] 2025-11-23 20:36:56,815 - verifier.verifier - Final global state: [<State.Abort: 0>, <State.Lost: 4>, <State.Abort: 0>, <State.Abort: 0>]
[INFO] 2025-11-23 20:36:56,815 - verifier.verifier - Final global state: [<State.Abort: 0>, <State.Lost: 4>, <State.Abort: 0>, <State.Abort: 0>]
[INFO] 2025-11-23 20:36:56,815 - verifier.verifier - Final global state: [<State.Abort: 0>, <State.Lost: 4>, <State.Abort: 0>, <State.Abort: 0>]
[INFO] 2025-11-23 20:36:56,815 - verifier.verifier - Final global state: [<State.Abort: 0>, <State.Lost: 4>, <State.Abort: 0>, <State.Abort: 0>]
[INFO] 2025-11-23 20:36:56,815 - verifier.verifier - Final global state: [<State.Abort: 0>, <State.Lost: 4>, <State.Abort: 0>, <State.Abort: 0>]
[INFO] 2025-11-23 20:36:56,815 - verifier.verifier - Final global state: [<State.Abort: 0>, <State.Abort: 0>, <State.Lost: 4>, <State.Abort: 0>]
[INFO] 2025-11-23 20:36:56,815 - verifier.verifier - Final global state: [<State.Abort: 0>, <State.Abort: 0>, <State.Lost: 4>, <State.Abort: 0>]
[INFO] 2025-11-23 20:36:56,815 - verifier.verifier - Final global state: [<State.Abort: 0>, <State.Abort: 0>, <State.Lost: 4>, <State.Abort: 0>]
[INFO] 2025-11-23 20:36:56,815 - verifier.verifier - Final global state: [<State.Abort: 0>, <State.Abort: 0>, <State.Lost: 4>, <State.Abort: 0>]
[INFO] 2025-11-23 20:36:56,815 - verifier.verifier - Final global state: [<State.Abort: 0>, <State.Abort: 0>, <State.Lost: 4>, <State.Abort: 0>]
[INFO] 2025-11-23 20:36:56,815 - verifier.verifier - Final global state: [<State.Abort: 0>, <State.Abort: 0>, <State.Lost: 4>, <State.Abort: 0>]
[INFO] 2025-11-23 20:36:56,815 - verifier.verifier - Final global state: [<State.Abort: 0>, <State.Abort: 0>, <State.Lost: 4>, <State.Abort: 0>]
[INFO] 2025-11-23 20:36:56,815 - verifier.verifier - Final global state: [<State.Abort: 0>, <State.Abort: 0>, <State.Lost: 4>, <State.Abort: 0>]
[INFO] 2025-11-23 20:36:56,815 - verifier.verifier - Final global state: [<State.Abort: 0>, <State.Abort: 0>, <State.Abort: 0>, <State.Lost: 4>]
[INFO] 2025-11-23 20:36:56,815 - verifier.verifier - Final global state: [<State.Abort: 0>, <State.Abort: 0>, <State.Abort: 0>, <State.Lost: 4>]
[INFO] 2025-11-23 20:36:56,816 - verifier.verifier - Final global state: [<State.Abort: 0>, <State.Abort: 0>, <State.Abort: 0>, <State.Lost: 4>]
[INFO] 2025-11-23 20:36:56,816 - verifier.verifier - Final global state: [<State.Abort: 0>, <State.Abort: 0>, <State.Abort: 0>, <State.Lost: 4>]
[INFO] 2025-11-23 20:36:56,816 - verifier.verifier - Final global state: [<State.Abort: 0>, <State.Abort: 0>, <State.Abort: 0>, <State.Lost: 4>]
[INFO] 2025-11-23 20:36:56,816 - verifier.verifier - Final global state: [<State.Abort: 0>, <State.Abort: 0>, <State.Abort: 0>, <State.Lost: 4>]
[INFO] 2025-11-23 20:36:56,816 - verifier.verifier - Final global state: [<State.Abort: 0>, <State.Abort: 0>, <State.Abort: 0>, <State.Lost: 4>]
[INFO] 2025-11-23 20:36:56,816 - verifier.verifier - Final global state: [<State.Abort: 0>, <State.Abort: 0>, <State.Abort: 0>, <State.Lost: 4>]
[INFO] 2025-11-23 20:36:56,816 - verifier.verifier - Final global state: [<State.Abort: 0>, <State.Abort: 0>, <State.Abort: 0>, <State.Abort: 0>]
[INFO] 2025-11-23 20:36:56,816 - verifier.verifier - Final global state: [<State.Abort: 0>, <State.Abort: 0>, <State.Abort: 0>, <State.Abort: 0>]
[INFO] 2025-11-23 20:36:56,816 - verifier.verifier - Final global state: [<State.Abort: 0>, <State.Abort: 0>, <State.Abort: 0>, <State.Abort: 0>]
[INFO] 2025-11-23 20:36:56,816 - verifier.verifier - Final global state: [<State.Abort: 0>, <State.Abort: 0>, <State.Abort: 0>, <State.Abort: 0>]
[INFO] 2025-11-23 20:36:56,816 - verifier.verifier - Final global state: [<State.Abort: 0>, <State.Abort: 0>, <State.Abort: 0>, <State.Abort: 0>]
[INFO] 2025-11-23 20:36:56,816 - verifier.verifier - Final global state: [<State.Abort: 0>, <State.Abort: 0>, <State.Abort: 0>, <State.Abort: 0>]
[INFO] 2025-11-23 20:36:56,816 - verifier.verifier - Final global state: [<State.Abort: 0>, <State.Abort: 0>, <State.Abort: 0>, <State.Abort: 0>]
[INFO] 2025-11-23 20:36:56,816 - verifier.verifier - Final global state: [<State.Abort: 0>, <State.Abort: 0>, <State.Abort: 0>, <State.Abort: 0>]
[INFO] 2025-11-23 20:36:56,816 - verifier.verifier - Final global state: [<State.Abort: 0>, <State.Abort: 0>, <State.Abort: 0>, <State.Abort: 0>]
[INFO] 2025-11-23 20:36:56,816 - verifier.verifier - Final global state: [<State.Abort: 0>, <State.Abort: 0>, <State.Abort: 0>, <State.Abort: 0>]
[INFO] 2025-11-23 20:36:56,816 - verifier.verifier - Final global state: [<State.Abort: 0>, <State.Abort: 0>, <State.Abort: 0>, <State.Abort: 0>]
[INFO] 2025-11-23 20:36:56,816 - verifier.verifier - Final global state: [<State.Abort: 0>, <State.Abort: 0>, <State.Abort: 0>, <State.Abort: 0>]
[INFO] 2025-11-23 20:36:56,816 - verifier.verifier - Final global state: [<State.Abort: 0>, <State.Abort: 0>, <State.Abort: 0>, <State.Abort: 0>]
[INFO] 2025-11-23 20:36:56,817 - verifier.verifier - Final global state: [<State.Abort: 0>, <State.Abort: 0>, <State.Abort: 0>, <State.Abort: 0>]
[INFO] 2025-11-23 20:36:56,817 - verifier.verifier - Final global state: [<State.Abort: 0>, <State.Abort: 0>, <State.Abort: 0>, <State.Abort: 0>]
[INFO] 2025-11-23 20:36:56,817 - verifier.verifier - Final global state: [<State.Abort: 0>, <State.Abort: 0>, <State.Abort: 0>, <State.Abort: 0>]
[INFO] 2025-11-23 20:36:56,817 - verifier.verifier - Final global state: [<State.Abort: 0>, <State.Abort: 0>, <State.Abort: 0>, <State.Abort: 0>]
[INFO] 2025-11-23 20:36:56,817 - verifier.verifier - Final global state: [<State.Abort: 0>, <State.Abort: 0>, <State.Abort: 0>, <State.Abort: 0>]
[INFO] 2025-11-23 20:36:56,817 - verifier.verifier - Final global state: [<State.Abort: 0>, <State.Abort: 0>, <State.Abort: 0>, <State.Abort: 0>]
[INFO] 2025-11-23 20:36:56,817 - verifier.verifier - Final global state: [<State.Abort: 0>, <State.Abort: 0>, <State.Abort: 0>, <State.Abort: 0>]
[INFO] 2025-11-23 20:36:56,817 - verifier.verifier - Final global state: [<State.Abort: 0>, <State.Abort: 0>, <State.Abort: 0>, <State.Abort: 0>]
[INFO] 2025-11-23 20:36:56,817 - verifier.verifier - Final global state: [<State.Abort: 0>, <State.Abort: 0>, <State.Abort: 0>, <State.Abort: 0>]
[INFO] 2025-11-23 20:36:56,817 - verifier.verifier - Final global state: [<State.Abort: 0>, <State.Abort: 0>, <State.Abort: 0>, <State.Abort: 0>]
[INFO] 2025-11-23 20:36:56,817 - verifier.verifier - Final global state: [<State.Abort: 0>, <State.Abort: 0>, <State.Abort: 0>, <State.Abort: 0>]
[INFO] 2025-11-23 20:36:56,817 - verifier.verifier - Final global state: [<State.Abort: 0>, <State.Abort: 0>, <State.Abort: 0>, <State.Abort: 0>]
[INFO] 2025-11-23 20:36:56,817 - verifier.verifier - Final global state: [<State.Abort: 0>, <State.Abort: 0>, <State.Abort: 0>, <State.Abort: 0>]
[INFO] 2025-11-23 20:36:56,817 - verifier.verifier - Final global state: [<State.Abort: 0>, <State.Abort: 0>, <State.Abort: 0>, <State.Abort: 0>]
[INFO] 2025-11-23 20:36:56,817 - verifier.verifier - Final global state: [<State.Abort: 0>, <State.Abort: 0>, <State.Abort: 0>, <State.Abort: 0>]
[INFO] 2025-11-23 20:36:56,817 - verifier.verifier - Final global state: [<State.Abort: 0>, <State.Abort: 0>, <State.Abort: 0>, <State.Abort: 0>]
[INFO] 2025-11-23 20:36:56,817 - verifier.verifier - Final global state: [<State.Abort: 0>, <State.Abort: 0>, <State.Abort: 0>, <State.Abort: 0>]
[INFO] 2025-11-23 20:36:56,817 - verifier.verifier - Final global state: [<State.Abort: 0>, <State.Abort: 0>, <State.Abort: 0>, <State.Abort: 0>]
[INFO] 2025-11-23 20:36:56,818 - verifier.verifier - Final global state: [<State.Abort: 0>, <State.Abort: 0>, <State.Abort: 0>, <State.Abort: 0>]
[INFO] 2025-11-23 20:36:56,818 - verifier.verifier - Final global state: [<State.Abort: 0>, <State.Abort: 0>, <State.Abort: 0>, <State.Abort: 0>]
[INFO] 2025-11-23 20:36:56,818 - verifier.verifier - Final global state: [<State.Lost: 4>, <State.Abort: 0>, <State.Abort: 0>, <State.Abort: 0>]
[INFO] 2025-11-23 20:36:56,818 - verifier.verifier - Final global state: [<State.Lost: 4>, <State.Abort: 0>, <State.Abort: 0>, <State.Abort: 0>]
[INFO] 2025-11-23 20:36:56,818 - verifier.verifier - Final global state: [<State.Lost: 4>, <State.Abort: 0>, <State.Abort: 0>, <State.Abort: 0>]
[INFO] 2025-11-23 20:36:56,818 - verifier.verifier - Final global state: [<State.Lost: 4>, <State.Abort: 0>, <State.Abort: 0>, <State.Abort: 0>]
[INFO] 2025-11-23 20:36:56,818 - verifier.verifier - Final global state: [<State.Lost: 4>, <State.Abort: 0>, <State.Abort: 0>, <State.Abort: 0>]
[INFO] 2025-11-23 20:36:56,818 - verifier.verifier - Final global state: [<State.Lost: 4>, <State.Abort: 0>, <State.Abort: 0>, <State.Abort: 0>]
[INFO] 2025-11-23 20:36:56,818 - verifier.verifier - Final global state: [<State.Lost: 4>, <State.Abort: 0>, <State.Abort: 0>, <State.Abort: 0>]
[INFO] 2025-11-23 20:36:56,818 - verifier.verifier - Final global state: [<State.Lost: 4>, <State.Abort: 0>, <State.Abort: 0>, <State.Abort: 0>]
[INFO] 2025-11-23 20:36:56,818 - verifier.verifier - Final global state: [<State.Abort: 0>, <State.Lost: 4>, <State.Abort: 0>, <State.Abort: 0>]
[INFO] 2025-11-23 20:36:56,818 - verifier.verifier - Final global state: [<State.Abort: 0>, <State.Lost: 4>, <State.Abort: 0>, <State.Abort: 0>]
[INFO] 2025-11-23 20:36:56,818 - verifier.verifier - Final global state: [<State.Abort: 0>, <State.Lost: 4>, <State.Abort: 0>, <State.Abort: 0>]
[INFO] 2025-11-23 20:36:56,818 - verifier.verifier - Final global state: [<State.Abort: 0>, <State.Lost: 4>, <State.Abort: 0>, <State.Abort: 0>]
[INFO] 2025-11-23 20:36:56,818 - verifier.verifier - Final global state: [<State.Abort: 0>, <State.Lost: 4>, <State.Abort: 0>, <State.Abort: 0>]
[INFO] 2025-11-23 20:36:56,818 - verifier.verifier - Final global state: [<State.Abort: 0>, <State.Lost: 4>, <State.Abort: 0>, <State.Abort: 0>]
[INFO] 2025-11-23 20:36:56,818 - verifier.verifier - Final global state: [<State.Abort: 0>, <State.Lost: 4>, <State.Abort: 0>, <State.Abort: 0>]
[INFO] 2025-11-23 20:36:56,818 - verifier.verifier - Final global state: [<State.Abort: 0>, <State.Lost: 4>, <State.Abort: 0>, <State.Abort: 0>]
[INFO] 2025-11-23 20:36:56,818 - verifier.verifier - Final global state: [<State.Abort: 0>, <State.Abort: 0>, <State.Lost: 4>, <State.Abort: 0>]
[INFO] 2025-11-23 20:36:56,819 - verifier.verifier - Final global state: [<State.Abort: 0>, <State.Abort: 0>, <State.Lost: 4>, <State.Abort: 0>]
[INFO] 2025-11-23 20:36:56,819 - verifier.verifier - Final global state: [<State.Abort: 0>, <State.Abort: 0>, <State.Lost: 4>, <State.Abort: 0>]
[INFO] 2025-11-23 20:36:56,819 - verifier.verifier - Final global state: [<State.Abort: 0>, <State.Abort: 0>, <State.Lost: 4>, <State.Abort: 0>]
[INFO] 2025-11-23 20:36:56,819 - verifier.verifier - Final global state: [<State.Abort: 0>, <State.Abort: 0>, <State.Lost: 4>, <State.Abort: 0>]
[INFO] 2025-11-23 20:36:56,819 - verifier.verifier - Final global state: [<State.Abort: 0>, <State.Abort: 0>, <State.Lost: 4>, <State.Abort: 0>]
[INFO] 2025-11-23 20:36:56,819 - verifier.verifier - Final global state: [<State.Abort: 0>, <State.Abort: 0>, <State.Lost: 4>, <State.Abort: 0>]
[INFO] 2025-11-23 20:36:56,819 - verifier.verifier - Final global state: [<State.Abort: 0>, <State.Abort: 0>, <State.Lost: 4>, <State.Abort: 0>]
[INFO] 2025-11-23 20:36:56,819 - verifier.verifier - Final global state: [<State.Abort: 0>, <State.Abort: 0>, <State.Abort: 0>, <State.Lost: 4>]
[INFO] 2025-11-23 20:36:56,819 - verifier.verifier - Final global state: [<State.Abort: 0>, <State.Abort: 0>, <State.Abort: 0>, <State.Lost: 4>]
[INFO] 2025-11-23 20:36:56,819 - verifier.verifier - Final global state: [<State.Abort: 0>, <State.Abort: 0>, <State.Abort: 0>, <State.Lost: 4>]
[INFO] 2025-11-23 20:36:56,819 - verifier.verifier - Final global state: [<State.Abort: 0>, <State.Abort: 0>, <State.Abort: 0>, <State.Lost: 4>]
[INFO] 2025-11-23 20:36:56,819 - verifier.verifier - Final global state: [<State.Abort: 0>, <State.Abort: 0>, <State.Abort: 0>, <State.Lost: 4>]
[INFO] 2025-11-23 20:36:56,819 - verifier.verifier - Final global state: [<State.Abort: 0>, <State.Abort: 0>, <State.Abort: 0>, <State.Lost: 4>]
[INFO] 2025-11-23 20:36:56,819 - verifier.verifier - Final global state: [<State.Abort: 0>, <State.Abort: 0>, <State.Abort: 0>, <State.Lost: 4>]
[INFO] 2025-11-23 20:36:56,819 - verifier.verifier - Final global state: [<State.Abort: 0>, <State.Abort: 0>, <State.Abort: 0>, <State.Lost: 4>]
[INFO] 2025-11-23 20:36:56,819 - verifier.verifier - Final global state: [<State.Abort: 0>, <State.Abort: 0>, <State.Abort: 0>, <State.Abort: 0>]
[INFO] 2025-11-23 20:36:56,819 - verifier.verifier - Final global state: [<State.Abort: 0>, <State.Abort: 0>, <State.Abort: 0>, <State.Abort: 0>]
[INFO] 2025-11-23 20:36:56,819 - verifier.verifier - Final global state: [<State.Abort: 0>, <State.Abort: 0>, <State.Abort: 0>, <State.Abort: 0>]
[INFO] 2025-11-23 20:36:56,819 - verifier.verifier - Final global state: [<State.Abort: 0>, <State.Abort: 0>, <State.Abort: 0>, <State.Abort: 0>]
[INFO] 2025-11-23 20:36:56,819 - verifier.verifier - Final global state: [<State.Abort: 0>, <State.Abort: 0>, <State.Abort: 0>, <State.Abort: 0>]
[INFO] 2025-11-23 20:36:56,820 - verifier.verifier - Final global state: [<State.Abort: 0>, <State.Abort: 0>, <State.Abort: 0>, <State.Abort: 0>]
[INFO] 2025-11-23 20:36:56,820 - verifier.verifier - Final global state: [<State.Abort: 0>, <State.Abort: 0>, <State.Abort: 0>, <State.Abort: 0>]
[INFO] 2025-11-23 20:36:56,820 - verifier.verifier - Final global state: [<State.Abort: 0>, <State.Abort: 0>, <State.Abort: 0>, <State.Abort: 0>]
[INFO] 2025-11-23 20:36:56,820 - verifier.verifier - Final global state: [<State.Abort: 0>, <State.Abort: 0>, <State.Abort: 0>, <State.Abort: 0>]
[INFO] 2025-11-23 20:36:56,820 - verifier.verifier - Final global state: [<State.Abort: 0>, <State.Abort: 0>, <State.Abort: 0>, <State.Abort: 0>]
[INFO] 2025-11-23 20:36:56,820 - verifier.verifier - Final global state: [<State.Abort: 0>, <State.Abort: 0>, <State.Abort: 0>, <State.Abort: 0>]
[INFO] 2025-11-23 20:36:56,820 - verifier.verifier - Final global state: [<State.Abort: 0>, <State.Abort: 0>, <State.Abort: 0>, <State.Abort: 0>]
[INFO] 2025-11-23 20:36:56,820 - verifier.verifier - Final global state: [<State.Abort: 0>, <State.Abort: 0>, <State.Abort: 0>, <State.Abort: 0>]
[INFO] 2025-11-23 20:36:56,820 - verifier.verifier - Final global state: [<State.Abort: 0>, <State.Abort: 0>, <State.Abort: 0>, <State.Abort: 0>]
[INFO] 2025-11-23 20:36:56,820 - verifier.verifier - Final global state: [<State.Abort: 0>, <State.Abort: 0>, <State.Abort: 0>, <State.Abort: 0>]
[INFO] 2025-11-23 20:36:56,820 - verifier.verifier - Final global state: [<State.Abort: 0>, <State.Abort: 0>, <State.Abort: 0>, <State.Abort: 0>]
[INFO] 2025-11-23 20:36:56,820 - verifier.verifier - Final global state: [<State.Abort: 0>, <State.Abort: 0>, <State.Abort: 0>, <State.Abort: 0>]
[INFO] 2025-11-23 20:36:56,820 - verifier.verifier - Final global state: [<State.Abort: 0>, <State.Abort: 0>, <State.Abort: 0>, <State.Abort: 0>]
[INFO] 2025-11-23 20:36:56,820 - verifier.verifier - Final global state: [<State.Abort: 0>, <State.Abort: 0>, <State.Abort: 0>, <State.Abort: 0>]
[INFO] 2025-11-23 20:36:56,820 - verifier.verifier - Final global state: [<State.Abort: 0>, <State.Abort: 0>, <State.Abort: 0>, <State.Abort: 0>]
[INFO] 2025-11-23 20:36:56,820 - verifier.verifier - Final global state: [<State.Abort: 0>, <State.Abort: 0>, <State.Abort: 0>, <State.Abort: 0>]
[INFO] 2025-11-23 20:36:56,820 - verifier.verifier - Final global state: [<State.Abort: 0>, <State.Abort: 0>, <State.Abort: 0>, <State.Abort: 0>]
[INFO] 2025-11-23 20:36:56,820 - verifier.verifier - Final global state: [<State.Abort: 0>, <State.Abort: 0>, <State.Abort: 0>, <State.Abort: 0>]
[INFO] 2025-11-23 20:36:56,821 - verifier.verifier - Final global state: [<State.Abort: 0>, <State.Abort: 0>, <State.Abort: 0>, <State.Abort: 0>]
[INFO] 2025-11-23 20:36:56,821 - verifier.verifier - Final global state: [<State.Abort: 0>, <State.Abort: 0>, <State.Abort: 0>, <State.Abort: 0>]
[INFO] 2025-11-23 20:36:56,821 - verifier.verifier - Final global state: [<State.Abort: 0>, <State.Abort: 0>, <State.Abort: 0>, <State.Abort: 0>]
[INFO] 2025-11-23 20:36:56,821 - verifier.verifier - Final global state: [<State.Abort: 0>, <State.Abort: 0>, <State.Abort: 0>, <State.Abort: 0>]
[INFO] 2025-11-23 20:36:56,821 - verifier.verifier - Final global state: [<State.Abort: 0>, <State.Abort: 0>, <State.Abort: 0>, <State.Abort: 0>]
[INFO] 2025-11-23 20:36:56,821 - verifier.verifier - Final global state: [<State.Abort: 0>, <State.Abort: 0>, <State.Abort: 0>, <State.Abort: 0>]
[INFO] 2025-11-23 20:36:56,821 - verifier.verifier - Final global state: [<State.Abort: 0>, <State.Abort: 0>, <State.Abort: 0>, <State.Abort: 0>]
[INFO] 2025-11-23 20:36:56,821 - verifier.verifier - Final global state: [<State.Abort: 0>, <State.Abort: 0>, <State.Abort: 0>, <State.Abort: 0>]
[INFO] 2025-11-23 20:36:56,821 - verifier.verifier - Final global state: [<State.Abort: 0>, <State.Abort: 0>, <State.Abort: 0>, <State.Abort: 0>]
[INFO] 2025-11-23 20:36:56,821 - verifier.verifier - Final global state: [<State.Abort: 0>, <State.Abort: 0>, <State.Abort: 0>, <State.Abort: 0>]
[INFO] 2025-11-23 20:36:56,821 - verifier.verifier - Final global state: [<State.Lost: 4>, <State.Abort: 0>, <State.Abort: 0>, <State.Abort: 0>]
[INFO] 2025-11-23 20:36:56,821 - verifier.verifier - Final global state: [<State.Lost: 4>, <State.Abort: 0>, <State.Abort: 0>, <State.Abort: 0>]
[INFO] 2025-11-23 20:36:56,821 - verifier.verifier - Final global state: [<State.Lost: 4>, <State.Abort: 0>, <State.Abort: 0>, <State.Abort: 0>]
[INFO] 2025-11-23 20:36:56,821 - verifier.verifier - Final global state: [<State.Lost: 4>, <State.Abort: 0>, <State.Abort: 0>, <State.Abort: 0>]
[INFO] 2025-11-23 20:36:56,821 - verifier.verifier - Final global state: [<State.Lost: 4>, <State.Abort: 0>, <State.Abort: 0>, <State.Abort: 0>]
[INFO] 2025-11-23 20:36:56,821 - verifier.verifier - Final global state: [<State.Lost: 4>, <State.Abort: 0>, <State.Abort: 0>, <State.Abort: 0>]
[INFO] 2025-11-23 20:36:56,821 - verifier.verifier - Final global state: [<State.Lost: 4>, <State.Abort: 0>, <State.Abort: 0>, <State.Abort: 0>]
[INFO] 2025-11-23 20:36:56,821 - verifier.verifier - Final global state: [<State.Lost: 4>, <State.Abort: 0>, <State.Abort: 0>, <State.Abort: 0>]
[INFO] 2025-11-23 20:36:56,821 - verifier.verifier - Final global state: [<State.Abort: 0>, <State.Lost: 4>, <State.Abort: 0>, <State.Abort: 0>]
[INFO] 2025-11-23 20:36:56,822 - verifier.verifier - Final global state: [<State.Abort: 0>, <State.Lost: 4>, <State.Abort: 0>, <State.Abort: 0>]
[INFO] 2025-11-23 20:36:56,822 - verifier.verifier - Final global state: [<State.Abort: 0>, <State.Lost: 4>, <State.Abort: 0>, <State.Abort: 0>]
[INFO] 2025-11-23 20:36:56,822 - verifier.verifier - Final global state: [<State.Abort: 0>, <State.Lost: 4>, <State.Abort: 0>, <State.Abort: 0>]
[INFO] 2025-11-23 20:36:56,822 - verifier.verifier - Final global state: [<State.Abort: 0>, <State.Lost: 4>, <State.Abort: 0>, <State.Abort: 0>]
[INFO] 2025-11-23 20:36:56,822 - verifier.verifier - Final global state: [<State.Abort: 0>, <State.Lost: 4>, <State.Abort: 0>, <State.Abort: 0>]
[INFO] 2025-11-23 20:36:56,822 - verifier.verifier - Final global state: [<State.Abort: 0>, <State.Lost: 4>, <State.Abort: 0>, <State.Abort: 0>]
[INFO] 2025-11-23 20:36:56,822 - verifier.verifier - Final global state: [<State.Abort: 0>, <State.Lost: 4>, <State.Abort: 0>, <State.Abort: 0>]
[INFO] 2025-11-23 20:36:56,822 - verifier.verifier - Final global state: [<State.Abort: 0>, <State.Abort: 0>, <State.Lost: 4>, <State.Abort: 0>]
[INFO] 2025-11-23 20:36:56,822 - verifier.verifier - Final global state: [<State.Abort: 0>, <State.Abort: 0>, <State.Lost: 4>, <State.Abort: 0>]
[INFO] 2025-11-23 20:36:56,822 - verifier.verifier - Final global state: [<State.Abort: 0>, <State.Abort: 0>, <State.Lost: 4>, <State.Abort: 0>]
[INFO] 2025-11-23 20:36:56,822 - verifier.verifier - Final global state: [<State.Abort: 0>, <State.Abort: 0>, <State.Lost: 4>, <State.Abort: 0>]
[INFO] 2025-11-23 20:36:56,822 - verifier.verifier - Final global state: [<State.Abort: 0>, <State.Abort: 0>, <State.Lost: 4>, <State.Abort: 0>]
[INFO] 2025-11-23 20:36:56,822 - verifier.verifier - Final global state: [<State.Abort: 0>, <State.Abort: 0>, <State.Lost: 4>, <State.Abort: 0>]
[INFO] 2025-11-23 20:36:56,822 - verifier.verifier - Final global state: [<State.Abort: 0>, <State.Abort: 0>, <State.Lost: 4>, <State.Abort: 0>]
[INFO] 2025-11-23 20:36:56,822 - verifier.verifier - Final global state: [<State.Abort: 0>, <State.Abort: 0>, <State.Lost: 4>, <State.Abort: 0>]
[INFO] 2025-11-23 20:36:56,822 - verifier.verifier - Final global state: [<State.Abort: 0>, <State.Abort: 0>, <State.Abort: 0>, <State.Lost: 4>]
[INFO] 2025-11-23 20:36:56,822 - verifier.verifier - Final global state: [<State.Abort: 0>, <State.Abort: 0>, <State.Abort: 0>, <State.Lost: 4>]
[INFO] 2025-11-23 20:36:56,822 - verifier.verifier - Final global state: [<State.Abort: 0>, <State.Abort: 0>, <State.Abort: 0>, <State.Lost: 4>]
[INFO] 2025-11-23 20:36:56,822 - verifier.verifier - Final global state: [<State.Abort: 0>, <State.Abort: 0>, <State.Abort: 0>, <State.Lost: 4>]
[INFO] 2025-11-23 20:36:56,822 - verifier.verifier - Final global state: [<State.Abort: 0>, <State.Abort: 0>, <State.Abort: 0>, <State.Lost: 4>]
[INFO] 2025-11-23 20:36:56,823 - verifier.verifier - Final global state: [<State.Abort: 0>, <State.Abort: 0>, <State.Abort: 0>, <State.Lost: 4>]
[INFO] 2025-11-23 20:36:56,823 - verifier.verifier - Final global state: [<State.Abort: 0>, <State.Abort: 0>, <State.Abort: 0>, <State.Lost: 4>]
[INFO] 2025-11-23 20:36:56,823 - verifier.verifier - Final global state: [<State.Abort: 0>, <State.Abort: 0>, <State.Abort: 0>, <State.Lost: 4>]
[INFO] 2025-11-23 20:36:56,823 - verifier.verifier - Final global state: [<State.Abort: 0>, <State.Abort: 0>, <State.Abort: 0>, <State.Abort: 0>]
[INFO] 2025-11-23 20:36:56,823 - verifier.verifier - Final global state: [<State.Abort: 0>, <State.Abort: 0>, <State.Abort: 0>, <State.Abort: 0>]
[INFO] 2025-11-23 20:36:56,823 - verifier.verifier - Final global state: [<State.Abort: 0>, <State.Abort: 0>, <State.Abort: 0>, <State.Abort: 0>]
[INFO] 2025-11-23 20:36:56,823 - verifier.verifier - Final global state: [<State.Abort: 0>, <State.Abort: 0>, <State.Abort: 0>, <State.Abort: 0>]
[INFO] 2025-11-23 20:36:56,823 - verifier.verifier - Final global state: [<State.Abort: 0>, <State.Abort: 0>, <State.Abort: 0>, <State.Abort: 0>]
[INFO] 2025-11-23 20:36:56,823 - verifier.verifier - Final global state: [<State.Abort: 0>, <State.Abort: 0>, <State.Abort: 0>, <State.Abort: 0>]
[INFO] 2025-11-23 20:36:56,823 - verifier.verifier - Final global state: [<State.Abort: 0>, <State.Abort: 0>, <State.Abort: 0>, <State.Abort: 0>]
[INFO] 2025-11-23 20:36:56,823 - verifier.verifier - Final global state: [<State.Abort: 0>, <State.Abort: 0>, <State.Abort: 0>, <State.Abort: 0>]
[INFO] 2025-11-23 20:36:56,823 - verifier.verifier - Final global state: [<State.Abort: 0>, <State.Abort: 0>, <State.Abort: 0>, <State.Abort: 0>]
[INFO] 2025-11-23 20:36:56,823 - verifier.verifier - Final global state: [<State.Abort: 0>, <State.Abort: 0>, <State.Abort: 0>, <State.Abort: 0>]
[INFO] 2025-11-23 20:36:56,823 - verifier.verifier - Final global state: [<State.Abort: 0>, <State.Abort: 0>, <State.Abort: 0>, <State.Abort: 0>]
[INFO] 2025-11-23 20:36:56,823 - verifier.verifier - Final global state: [<State.Abort: 0>, <State.Abort: 0>, <State.Abort: 0>, <State.Abort: 0>]
[INFO] 2025-11-23 20:36:56,823 - verifier.verifier - Final global state: [<State.Abort: 0>, <State.Abort: 0>, <State.Abort: 0>, <State.Abort: 0>]
[INFO] 2025-11-23 20:36:56,823 - verifier.verifier - Final global state: [<State.Abort: 0>, <State.Abort: 0>, <State.Abort: 0>, <State.Abort: 0>]
[INFO] 2025-11-23 20:36:56,823 - verifier.verifier - Final global state: [<State.Abort: 0>, <State.Abort: 0>, <State.Abort: 0>, <State.Abort: 0>]
[INFO] 2025-11-23 20:36:56,823 - verifier.verifier - Final global state: [<State.Abort: 0>, <State.Abort: 0>, <State.Abort: 0>, <State.Abort: 0>]
[INFO] 2025-11-23 20:36:56,824 - verifier.verifier - Final global state: [<State.Abort: 0>, <State.Abort: 0>, <State.Abort: 0>, <State.Abort: 0>]
[INFO] 2025-11-23 20:36:56,824 - verifier.verifier - Final global state: [<State.Abort: 0>, <State.Abort: 0>, <State.Abort: 0>, <State.Abort: 0>]
[INFO] 2025-11-23 20:36:56,824 - verifier.verifier - Final global state: [<State.Abort: 0>, <State.Abort: 0>, <State.Abort: 0>, <State.Abort: 0>]
[INFO] 2025-11-23 20:36:56,824 - verifier.verifier - Final global state: [<State.Abort: 0>, <State.Abort: 0>, <State.Abort: 0>, <State.Abort: 0>]
[INFO] 2025-11-23 20:36:56,824 - verifier.verifier - Final global state: [<State.Abort: 0>, <State.Abort: 0>, <State.Abort: 0>, <State.Abort: 0>]
[INFO] 2025-11-23 20:36:56,824 - verifier.verifier - Final global state: [<State.Abort: 0>, <State.Abort: 0>, <State.Abort: 0>, <State.Abort: 0>]
[INFO] 2025-11-23 20:36:56,824 - verifier.verifier - Final global state: [<State.Abort: 0>, <State.Abort: 0>, <State.Abort: 0>, <State.Abort: 0>]
[INFO] 2025-11-23 20:36:56,824 - verifier.verifier - Final global state: [<State.Abort: 0>, <State.Abort: 0>, <State.Abort: 0>, <State.Abort: 0>]
[INFO] 2025-11-23 20:36:56,824 - verifier.verifier - Final global state: [<State.Abort: 0>, <State.Abort: 0>, <State.Abort: 0>, <State.Abort: 0>]
[INFO] 2025-11-23 20:36:56,824 - verifier.verifier - Final global state: [<State.Abort: 0>, <State.Abort: 0>, <State.Abort: 0>, <State.Abort: 0>]
[INFO] 2025-11-23 20:36:56,824 - verifier.verifier - Final global state: [<State.Abort: 0>, <State.Abort: 0>, <State.Abort: 0>, <State.Abort: 0>]
[INFO] 2025-11-23 20:36:56,824 - verifier.verifier - Final global state: [<State.Abort: 0>, <State.Abort: 0>, <State.Abort: 0>, <State.Abort: 0>]
[INFO] 2025-11-23 20:36:56,824 - verifier.verifier - Final global state: [<State.Abort: 0>, <State.Abort: 0>, <State.Abort: 0>, <State.Abort: 0>]
[INFO] 2025-11-23 20:36:56,824 - verifier.verifier - Final global state: [<State.Abort: 0>, <State.Abort: 0>, <State.Abort: 0>, <State.Abort: 0>]
[INFO] 2025-11-23 20:36:56,824 - verifier.verifier - Final global state: [<State.Abort: 0>, <State.Abort: 0>, <State.Abort: 0>, <State.Abort: 0>]
[INFO] 2025-11-23 20:36:56,824 - verifier.verifier - Final global state: [<State.Abort: 0>, <State.Abort: 0>, <State.Abort: 0>, <State.Abort: 0>]
[INFO] 2025-11-23 20:36:56,824 - verifier.verifier - Final global state: [<State.Abort: 0>, <State.Abort: 0>, <State.Abort: 0>, <State.Abort: 0>]
[INFO] 2025-11-23 20:36:56,825 - verifier.verifier - Final global state: [<State.Lost: 4>, <State.Abort: 0>, <State.Abort: 0>, <State.Abort: 0>]
[INFO] 2025-11-23 20:36:56,825 - verifier.verifier - Final global state: [<State.Lost: 4>, <State.Abort: 0>, <State.Abort: 0>, <State.Abort: 0>]
[INFO] 2025-11-23 20:36:56,825 - verifier.verifier - Final global state: [<State.Lost: 4>, <State.Abort: 0>, <State.Abort: 0>, <State.Abort: 0>]
[INFO] 2025-11-23 20:36:56,825 - verifier.verifier - Final global state: [<State.Lost: 4>, <State.Abort: 0>, <State.Abort: 0>, <State.Abort: 0>]
[INFO] 2025-11-23 20:36:56,825 - verifier.verifier - Final global state: [<State.Lost: 4>, <State.Abort: 0>, <State.Abort: 0>, <State.Abort: 0>]
[INFO] 2025-11-23 20:36:56,825 - verifier.verifier - Final global state: [<State.Lost: 4>, <State.Abort: 0>, <State.Abort: 0>, <State.Abort: 0>]
[INFO] 2025-11-23 20:36:56,825 - verifier.verifier - Final global state: [<State.Lost: 4>, <State.Abort: 0>, <State.Abort: 0>, <State.Abort: 0>]
[INFO] 2025-11-23 20:36:56,825 - verifier.verifier - Final global state: [<State.Lost: 4>, <State.Abort: 0>, <State.Abort: 0>, <State.Abort: 0>]
[INFO] 2025-11-23 20:36:56,825 - verifier.verifier - Final global state: [<State.Abort: 0>, <State.Lost: 4>, <State.Abort: 0>, <State.Abort: 0>]
[INFO] 2025-11-23 20:36:56,825 - verifier.verifier - Final global state: [<State.Abort: 0>, <State.Lost: 4>, <State.Abort: 0>, <State.Abort: 0>]
[INFO] 2025-11-23 20:36:56,825 - verifier.verifier - Final global state: [<State.Abort: 0>, <State.Lost: 4>, <State.Abort: 0>, <State.Abort: 0>]
[INFO] 2025-11-23 20:36:56,825 - verifier.verifier - Final global state: [<State.Abort: 0>, <State.Lost: 4>, <State.Abort: 0>, <State.Abort: 0>]
[INFO] 2025-11-23 20:36:56,825 - verifier.verifier - Final global state: [<State.Abort: 0>, <State.Lost: 4>, <State.Abort: 0>, <State.Abort: 0>]
[INFO] 2025-11-23 20:36:56,825 - verifier.verifier - Final global state: [<State.Abort: 0>, <State.Lost: 4>, <State.Abort: 0>, <State.Abort: 0>]
[INFO] 2025-11-23 20:36:56,825 - verifier.verifier - Final global state: [<State.Abort: 0>, <State.Lost: 4>, <State.Abort: 0>, <State.Abort: 0>]
[INFO] 2025-11-23 20:36:56,825 - verifier.verifier - Final global state: [<State.Abort: 0>, <State.Lost: 4>, <State.Abort: 0>, <State.Abort: 0>]
[INFO] 2025-11-23 20:36:56,825 - verifier.verifier - Final global state: [<State.Abort: 0>, <State.Abort: 0>, <State.Lost: 4>, <State.Abort: 0>]
[INFO] 2025-11-23 20:36:56,825 - verifier.verifier - Final global state: [<State.Abort: 0>, <State.Abort: 0>, <State.Lost: 4>, <State.Abort: 0>]
[INFO] 2025-11-23 20:36:56,825 - verifier.verifier - Final global state: [<State.Abort: 0>, <State.Abort: 0>, <State.Lost: 4>, <State.Abort: 0>]
[INFO] 2025-11-23 20:36:56,825 - verifier.verifier - Final global state: [<State.Abort: 0>, <State.Abort: 0>, <State.Lost: 4>, <State.Abort: 0>]
[INFO] 2025-11-23 20:36:56,826 - verifier.verifier - Final global state: [<State.Abort: 0>, <State.Abort: 0>, <State.Lost: 4>, <State.Abort: 0>]
[INFO] 2025-11-23 20:36:56,826 - verifier.verifier - Final global state: [<State.Abort: 0>, <State.Abort: 0>, <State.Lost: 4>, <State.Abort: 0>]
[INFO] 2025-11-23 20:36:56,826 - verifier.verifier - Final global state: [<State.Abort: 0>, <State.Abort: 0>, <State.Lost: 4>, <State.Abort: 0>]
[INFO] 2025-11-23 20:36:56,826 - verifier.verifier - Final global state: [<State.Abort: 0>, <State.Abort: 0>, <State.Lost: 4>, <State.Abort: 0>]
[INFO] 2025-11-23 20:36:56,826 - verifier.verifier - Final global state: [<State.Abort: 0>, <State.Abort: 0>, <State.Abort: 0>, <State.Lost: 4>]
[INFO] 2025-11-23 20:36:56,826 - verifier.verifier - Final global state: [<State.Abort: 0>, <State.Abort: 0>, <State.Abort: 0>, <State.Lost: 4>]
[INFO] 2025-11-23 20:36:56,826 - verifier.verifier - Final global state: [<State.Abort: 0>, <State.Abort: 0>, <State.Abort: 0>, <State.Lost: 4>]
[INFO] 2025-11-23 20:36:56,826 - verifier.verifier - Final global state: [<State.Abort: 0>, <State.Abort: 0>, <State.Abort: 0>, <State.Lost: 4>]
[INFO] 2025-11-23 20:36:56,826 - verifier.verifier - Final global state: [<State.Abort: 0>, <State.Abort: 0>, <State.Abort: 0>, <State.Lost: 4>]
[INFO] 2025-11-23 20:36:56,826 - verifier.verifier - Final global state: [<State.Abort: 0>, <State.Abort: 0>, <State.Abort: 0>, <State.Lost: 4>]
[INFO] 2025-11-23 20:36:56,826 - verifier.verifier - Final global state: [<State.Abort: 0>, <State.Abort: 0>, <State.Abort: 0>, <State.Lost: 4>]
[INFO] 2025-11-23 20:36:56,826 - verifier.verifier - Final global state: [<State.Abort: 0>, <State.Abort: 0>, <State.Abort: 0>, <State.Lost: 4>]
[INFO] 2025-11-23 20:36:56,826 - verifier.verifier - Final global state: [<State.Abort: 0>, <State.Abort: 0>, <State.Abort: 0>, <State.Abort: 0>]
[INFO] 2025-11-23 20:36:56,826 - verifier.verifier - Final global state: [<State.Abort: 0>, <State.Abort: 0>, <State.Abort: 0>, <State.Abort: 0>]
[INFO] 2025-11-23 20:36:56,826 - verifier.verifier - Final global state: [<State.Abort: 0>, <State.Abort: 0>, <State.Abort: 0>, <State.Abort: 0>]
[INFO] 2025-11-23 20:36:56,826 - verifier.verifier - Final global state: [<State.Abort: 0>, <State.Abort: 0>, <State.Abort: 0>, <State.Abort: 0>]
[INFO] 2025-11-23 20:36:56,826 - verifier.verifier - Final global state: [<State.Abort: 0>, <State.Abort: 0>, <State.Abort: 0>, <State.Abort: 0>]
[INFO] 2025-11-23 20:36:56,826 - verifier.verifier - Final global state: [<State.Abort: 0>, <State.Abort: 0>, <State.Abort: 0>, <State.Abort: 0>]
[INFO] 2025-11-23 20:36:56,826 - verifier.verifier - Final global state: [<State.Abort: 0>, <State.Abort: 0>, <State.Abort: 0>, <State.Abort: 0>]
[INFO] 2025-11-23 20:36:56,827 - verifier.verifier - Final global state: [<State.Abort: 0>, <State.Abort: 0>, <State.Abort: 0>, <State.Abort: 0>]
[INFO] 2025-11-23 20:36:56,827 - verifier.verifier - Final global state: [<State.Abort: 0>, <State.Abort: 0>, <State.Abort: 0>, <State.Abort: 0>]
[INFO] 2025-11-23 20:36:56,827 - verifier.verifier - Final global state: [<State.Abort: 0>, <State.Abort: 0>, <State.Abort: 0>, <State.Abort: 0>]
[INFO] 2025-11-23 20:36:56,827 - verifier.verifier - Final global state: [<State.Abort: 0>, <State.Abort: 0>, <State.Abort: 0>, <State.Abort: 0>]
[INFO] 2025-11-23 20:36:56,827 - verifier.verifier - Final global state: [<State.Abort: 0>, <State.Abort: 0>, <State.Abort: 0>, <State.Abort: 0>]
[INFO] 2025-11-23 20:36:56,827 - verifier.verifier - Final global state: [<State.Abort: 0>, <State.Abort: 0>, <State.Abort: 0>, <State.Abort: 0>]
[INFO] 2025-11-23 20:36:56,827 - verifier.verifier - Final global state: [<State.Abort: 0>, <State.Abort: 0>, <State.Abort: 0>, <State.Abort: 0>]
[INFO] 2025-11-23 20:36:56,827 - verifier.verifier - Final global state: [<State.Abort: 0>, <State.Abort: 0>, <State.Abort: 0>, <State.Abort: 0>]
[INFO] 2025-11-23 20:36:56,827 - verifier.verifier - Final global state: [<State.Abort: 0>, <State.Abort: 0>, <State.Abort: 0>, <State.Abort: 0>]
[INFO] 2025-11-23 20:36:56,827 - verifier.verifier - Final global state: [<State.Abort: 0>, <State.Abort: 0>, <State.Abort: 0>, <State.Abort: 0>]
[INFO] 2025-11-23 20:36:56,827 - verifier.verifier - Final global state: [<State.Abort: 0>, <State.Abort: 0>, <State.Abort: 0>, <State.Abort: 0>]
[INFO] 2025-11-23 20:36:56,827 - verifier.verifier - Final global state: [<State.Abort: 0>, <State.Abort: 0>, <State.Abort: 0>, <State.Abort: 0>]
[INFO] 2025-11-23 20:36:56,827 - verifier.verifier - Final global state: [<State.Abort: 0>, <State.Abort: 0>, <State.Abort: 0>, <State.Abort: 0>]
[INFO] 2025-11-23 20:36:56,827 - verifier.verifier - Final global state: [<State.Abort: 0>, <State.Abort: 0>, <State.Abort: 0>, <State.Abort: 0>]
[INFO] 2025-11-23 20:36:56,827 - verifier.verifier - Final global state: [<State.Abort: 0>, <State.Abort: 0>, <State.Abort: 0>, <State.Abort: 0>]
[INFO] 2025-11-23 20:36:56,827 - verifier.verifier - Final global state: [<State.Abort: 0>, <State.Abort: 0>, <State.Abort: 0>, <State.Abort: 0>]
[INFO] 2025-11-23 20:36:56,827 - verifier.verifier - Final global state: [<State.Abort: 0>, <State.Abort: 0>, <State.Abort: 0>, <State.Abort: 0>]
[INFO] 2025-11-23 20:36:56,827 - verifier.verifier - Final global state: [<State.Abort: 0>, <State.Abort: 0>, <State.Abort: 0>, <State.Abort: 0>]
[INFO] 2025-11-23 20:36:56,828 - verifier.verifier - Final global state: [<State.Abort: 0>, <State.Abort: 0>, <State.Abort: 0>, <State.Abort: 0>]
[INFO] 2025-11-23 20:36:56,828 - verifier.verifier - Final global state: [<State.Abort: 0>, <State.Abort: 0>, <State.Abort: 0>, <State.Abort: 0>]
[INFO] 2025-11-23 20:36:56,828 - verifier.verifier - Final global state: [<State.Abort: 0>, <State.Abort: 0>, <State.Abort: 0>, <State.Abort: 0>]
[INFO] 2025-11-23 20:36:56,828 - verifier.verifier - Final global state: [<State.Abort: 0>, <State.Abort: 0>, <State.Abort: 0>, <State.Abort: 0>]
[INFO] 2025-11-23 20:36:56,828 - verifier.verifier - Final global state: [<State.Abort: 0>, <State.Abort: 0>, <State.Abort: 0>, <State.Abort: 0>]
[INFO] 2025-11-23 20:36:56,828 - verifier.verifier - Final global state: [<State.Abort: 0>, <State.Abort: 0>, <State.Abort: 0>, <State.Abort: 0>]
[INFO] 2025-11-23 20:36:56,828 - verifier.verifier - Final global state: [<State.Abort: 0>, <State.Abort: 0>, <State.Abort: 0>, <State.Abort: 0>]
[INFO] 2025-11-23 20:36:56,828 - verifier.verifier - Final global state: [<State.Abort: 0>, <State.Abort: 0>, <State.Abort: 0>, <State.Abort: 0>]
[INFO] 2025-11-23 20:36:56,828 - verifier.verifier - Final global state: [<State.Lost: 4>, <State.Abort: 0>, <State.Abort: 0>, <State.Abort: 0>]
[INFO] 2025-11-23 20:36:56,828 - verifier.verifier - Final global state: [<State.Lost: 4>, <State.Abort: 0>, <State.Abort: 0>, <State.Abort: 0>]
[INFO] 2025-11-23 20:36:56,828 - verifier.verifier - Final global state: [<State.Lost: 4>, <State.Abort: 0>, <State.Abort: 0>, <State.Abort: 0>]
[INFO] 2025-11-23 20:36:56,828 - verifier.verifier - Final global state: [<State.Lost: 4>, <State.Abort: 0>, <State.Abort: 0>, <State.Abort: 0>]
[INFO] 2025-11-23 20:36:56,828 - verifier.verifier - Final global state: [<State.Lost: 4>, <State.Abort: 0>, <State.Abort: 0>, <State.Abort: 0>]
[INFO] 2025-11-23 20:36:56,828 - verifier.verifier - Final global state: [<State.Lost: 4>, <State.Abort: 0>, <State.Abort: 0>, <State.Abort: 0>]
[INFO] 2025-11-23 20:36:56,828 - verifier.verifier - Final global state: [<State.Lost: 4>, <State.Abort: 0>, <State.Abort: 0>, <State.Abort: 0>]
[INFO] 2025-11-23 20:36:56,828 - verifier.verifier - Final global state: [<State.Lost: 4>, <State.Abort: 0>, <State.Abort: 0>, <State.Abort: 0>]
[INFO] 2025-11-23 20:36:56,828 - verifier.verifier - Final global state: [<State.Abort: 0>, <State.Lost: 4>, <State.Abort: 0>, <State.Abort: 0>]
[INFO] 2025-11-23 20:36:56,828 - verifier.verifier - Final global state: [<State.Abort: 0>, <State.Lost: 4>, <State.Abort: 0>, <State.Abort: 0>]
[INFO] 2025-11-23 20:36:56,828 - verifier.verifier - Final global state: [<State.Abort: 0>, <State.Lost: 4>, <State.Abort: 0>, <State.Abort: 0>]
[INFO] 2025-11-23 20:36:56,829 - verifier.verifier - Final global state: [<State.Abort: 0>, <State.Lost: 4>, <State.Abort: 0>, <State.Abort: 0>]
[INFO] 2025-11-23 20:36:56,829 - verifier.verifier - Final global state: [<State.Abort: 0>, <State.Lost: 4>, <State.Abort: 0>, <State.Abort: 0>]
[INFO] 2025-11-23 20:36:56,829 - verifier.verifier - Final global state: [<State.Abort: 0>, <State.Lost: 4>, <State.Abort: 0>, <State.Abort: 0>]
[INFO] 2025-11-23 20:36:56,829 - verifier.verifier - Final global state: [<State.Abort: 0>, <State.Lost: 4>, <State.Abort: 0>, <State.Abort: 0>]
[INFO] 2025-11-23 20:36:56,829 - verifier.verifier - Final global state: [<State.Abort: 0>, <State.Lost: 4>, <State.Abort: 0>, <State.Abort: 0>]
[INFO] 2025-11-23 20:36:56,829 - verifier.verifier - Final global state: [<State.Abort: 0>, <State.Abort: 0>, <State.Lost: 4>, <State.Abort: 0>]
[INFO] 2025-11-23 20:36:56,829 - verifier.verifier - Final global state: [<State.Abort: 0>, <State.Abort: 0>, <State.Lost: 4>, <State.Abort: 0>]
[INFO] 2025-11-23 20:36:56,829 - verifier.verifier - Final global state: [<State.Abort: 0>, <State.Abort: 0>, <State.Lost: 4>, <State.Abort: 0>]
[INFO] 2025-11-23 20:36:56,829 - verifier.verifier - Final global state: [<State.Abort: 0>, <State.Abort: 0>, <State.Lost: 4>, <State.Abort: 0>]
[INFO] 2025-11-23 20:36:56,829 - verifier.verifier - Final global state: [<State.Abort: 0>, <State.Abort: 0>, <State.Lost: 4>, <State.Abort: 0>]
[INFO] 2025-11-23 20:36:56,829 - verifier.verifier - Final global state: [<State.Abort: 0>, <State.Abort: 0>, <State.Lost: 4>, <State.Abort: 0>]
[INFO] 2025-11-23 20:36:56,829 - verifier.verifier - Final global state: [<State.Abort: 0>, <State.Abort: 0>, <State.Lost: 4>, <State.Abort: 0>]
[INFO] 2025-11-23 20:36:56,829 - verifier.verifier - Final global state: [<State.Abort: 0>, <State.Abort: 0>, <State.Lost: 4>, <State.Abort: 0>]
[INFO] 2025-11-23 20:36:56,829 - verifier.verifier - Final global state: [<State.Abort: 0>, <State.Abort: 0>, <State.Abort: 0>, <State.Lost: 4>]
[INFO] 2025-11-23 20:36:56,829 - verifier.verifier - Final global state: [<State.Abort: 0>, <State.Abort: 0>, <State.Abort: 0>, <State.Lost: 4>]
[INFO] 2025-11-23 20:36:56,829 - verifier.verifier - Final global state: [<State.Abort: 0>, <State.Abort: 0>, <State.Abort: 0>, <State.Lost: 4>]
[INFO] 2025-11-23 20:36:56,829 - verifier.verifier - Final global state: [<State.Abort: 0>, <State.Abort: 0>, <State.Abort: 0>, <State.Lost: 4>]
[INFO] 2025-11-23 20:36:56,829 - verifier.verifier - Final global state: [<State.Abort: 0>, <State.Abort: 0>, <State.Abort: 0>, <State.Lost: 4>]
[INFO] 2025-11-23 20:36:56,829 - verifier.verifier - Final global state: [<State.Abort: 0>, <State.Abort: 0>, <State.Abort: 0>, <State.Lost: 4>]
[INFO] 2025-11-23 20:36:56,829 - verifier.verifier - Final global state: [<State.Abort: 0>, <State.Abort: 0>, <State.Abort: 0>, <State.Lost: 4>]
[INFO] 2025-11-23 20:36:56,830 - verifier.verifier - Final global state: [<State.Abort: 0>, <State.Abort: 0>, <State.Abort: 0>, <State.Lost: 4>]
[INFO] 2025-11-23 20:36:56,830 - verifier.verifier - Final global state: [<State.Abort: 0>, <State.Abort: 0>, <State.Abort: 0>, <State.Abort: 0>]
[INFO] 2025-11-23 20:36:56,830 - verifier.verifier - Final global state: [<State.Abort: 0>, <State.Abort: 0>, <State.Abort: 0>, <State.Abort: 0>]
[INFO] 2025-11-23 20:36:56,830 - verifier.verifier - Final global state: [<State.Abort: 0>, <State.Abort: 0>, <State.Abort: 0>, <State.Abort: 0>]
[INFO] 2025-11-23 20:36:56,830 - verifier.verifier - Final global state: [<State.Abort: 0>, <State.Abort: 0>, <State.Abort: 0>, <State.Abort: 0>]
[INFO] 2025-11-23 20:36:56,830 - verifier.verifier - Final global state: [<State.Abort: 0>, <State.Abort: 0>, <State.Abort: 0>, <State.Abort: 0>]
[INFO] 2025-11-23 20:36:56,830 - verifier.verifier - Final global state: [<State.Abort: 0>, <State.Abort: 0>, <State.Abort: 0>, <State.Abort: 0>]
[INFO] 2025-11-23 20:36:56,830 - verifier.verifier - Final global state: [<State.Abort: 0>, <State.Abort: 0>, <State.Abort: 0>, <State.Abort: 0>]
[INFO] 2025-11-23 20:36:56,830 - verifier.verifier - Final global state: [<State.Abort: 0>, <State.Abort: 0>, <State.Abort: 0>, <State.Abort: 0>]
[INFO] 2025-11-23 20:36:56,830 - verifier.verifier - Final global state: [<State.Abort: 0>, <State.Abort: 0>, <State.Abort: 0>, <State.Abort: 0>]
[INFO] 2025-11-23 20:36:56,830 - verifier.verifier - Final global state: [<State.Abort: 0>, <State.Abort: 0>, <State.Abort: 0>, <State.Abort: 0>]
[INFO] 2025-11-23 20:36:56,830 - verifier.verifier - Final global state: [<State.Abort: 0>, <State.Abort: 0>, <State.Abort: 0>, <State.Abort: 0>]
[INFO] 2025-11-23 20:36:56,830 - verifier.verifier - Final global state: [<State.Abort: 0>, <State.Abort: 0>, <State.Abort: 0>, <State.Abort: 0>]
[INFO] 2025-11-23 20:36:56,830 - verifier.verifier - Final global state: [<State.Abort: 0>, <State.Abort: 0>, <State.Abort: 0>, <State.Abort: 0>]
[INFO] 2025-11-23 20:36:56,830 - verifier.verifier - Final global state: [<State.Abort: 0>, <State.Abort: 0>, <State.Abort: 0>, <State.Abort: 0>]
[INFO] 2025-11-23 20:36:56,830 - verifier.verifier - Final global state: [<State.Abort: 0>, <State.Abort: 0>, <State.Abort: 0>, <State.Abort: 0>]
[INFO] 2025-11-23 20:36:56,830 - verifier.verifier - Final global state: [<State.Abort: 0>, <State.Abort: 0>, <State.Abort: 0>, <State.Abort: 0>]
[INFO] 2025-11-23 20:36:56,831 - verifier.verifier - Final global state: [<State.Abort: 0>, <State.Abort: 0>, <State.Abort: 0>, <State.Abort: 0>]
[INFO] 2025-11-23 20:36:56,831 - verifier.verifier - Final global state: [<State.Abort: 0>, <State.Abort: 0>, <State.Abort: 0>, <State.Abort: 0>]
[INFO] 2025-11-23 20:36:56,831 - verifier.verifier - Final global state: [<State.Abort: 0>, <State.Abort: 0>, <State.Abort: 0>, <State.Abort: 0>]
[INFO] 2025-11-23 20:36:56,831 - verifier.verifier - Final global state: [<State.Abort: 0>, <State.Abort: 0>, <State.Abort: 0>, <State.Abort: 0>]
[INFO] 2025-11-23 20:36:56,831 - verifier.verifier - Final global state: [<State.Abort: 0>, <State.Abort: 0>, <State.Abort: 0>, <State.Abort: 0>]
[INFO] 2025-11-23 20:36:56,831 - verifier.verifier - Final global state: [<State.Abort: 0>, <State.Abort: 0>, <State.Abort: 0>, <State.Abort: 0>]
[INFO] 2025-11-23 20:36:56,831 - verifier.verifier - Final global state: [<State.Abort: 0>, <State.Abort: 0>, <State.Abort: 0>, <State.Abort: 0>]
[INFO] 2025-11-23 20:36:56,831 - verifier.verifier - Final global state: [<State.Abort: 0>, <State.Abort: 0>, <State.Abort: 0>, <State.Abort: 0>]
[INFO] 2025-11-23 20:36:56,831 - verifier.verifier - Final global state: [<State.Abort: 0>, <State.Abort: 0>, <State.Abort: 0>, <State.Abort: 0>]
[INFO] 2025-11-23 20:36:56,831 - verifier.verifier - Final global state: [<State.Abort: 0>, <State.Abort: 0>, <State.Abort: 0>, <State.Abort: 0>]
[INFO] 2025-11-23 20:36:56,831 - verifier.verifier - Final global state: [<State.Abort: 0>, <State.Abort: 0>, <State.Abort: 0>, <State.Abort: 0>]
[INFO] 2025-11-23 20:36:56,831 - verifier.verifier - Final global state: [<State.Abort: 0>, <State.Abort: 0>, <State.Abort: 0>, <State.Abort: 0>]
[INFO] 2025-11-23 20:36:56,831 - verifier.verifier - Final global state: [<State.Abort: 0>, <State.Abort: 0>, <State.Abort: 0>, <State.Abort: 0>]
[INFO] 2025-11-23 20:36:56,831 - verifier.verifier - Final global state: [<State.Abort: 0>, <State.Abort: 0>, <State.Abort: 0>, <State.Abort: 0>]
[INFO] 2025-11-23 20:36:56,831 - verifier.verifier - Final global state: [<State.Abort: 0>, <State.Abort: 0>, <State.Abort: 0>, <State.Abort: 0>]
[INFO] 2025-11-23 20:36:56,831 - verifier.verifier - Final global state: [<State.Abort: 0>, <State.Abort: 0>, <State.Abort: 0>, <State.Abort: 0>]
[INFO] 2025-11-23 20:36:56,831 - verifier.verifier - Final global state: [<State.Abort: 0>, <State.Abort: 0>, <State.Abort: 0>, <State.Abort: 0>]
[INFO] 2025-11-23 20:36:56,831 - verifier.verifier - Final global state: [<State.Lost: 4>, <State.Abort: 0>, <State.Abort: 0>, <State.Abort: 0>]
[INFO] 2025-11-23 20:36:56,832 - verifier.verifier - Final global state: [<State.Lost: 4>, <State.Abort: 0>, <State.Abort: 0>, <State.Abort: 0>]
[INFO] 2025-11-23 20:36:56,832 - verifier.verifier - Final global state: [<State.Lost: 4>, <State.Abort: 0>, <State.Abort: 0>, <State.Abort: 0>]
[INFO] 2025-11-23 20:36:56,832 - verifier.verifier - Final global state: [<State.Lost: 4>, <State.Abort: 0>, <State.Abort: 0>, <State.Abort: 0>]
[INFO] 2025-11-23 20:36:56,832 - verifier.verifier - Final global state: [<State.Lost: 4>, <State.Abort: 0>, <State.Abort: 0>, <State.Abort: 0>]
[INFO] 2025-11-23 20:36:56,832 - verifier.verifier - Final global state: [<State.Lost: 4>, <State.Abort: 0>, <State.Abort: 0>, <State.Abort: 0>]
[INFO] 2025-11-23 20:36:56,832 - verifier.verifier - Final global state: [<State.Lost: 4>, <State.Abort: 0>, <State.Abort: 0>, <State.Abort: 0>]
[INFO] 2025-11-23 20:36:56,832 - verifier.verifier - Final global state: [<State.Lost: 4>, <State.Abort: 0>, <State.Abort: 0>, <State.Abort: 0>]
[INFO] 2025-11-23 20:36:56,832 - verifier.verifier - Final global state: [<State.Abort: 0>, <State.Lost: 4>, <State.Abort: 0>, <State.Abort: 0>]
[INFO] 2025-11-23 20:36:56,832 - verifier.verifier - Final global state: [<State.Abort: 0>, <State.Lost: 4>, <State.Abort: 0>, <State.Abort: 0>]
[INFO] 2025-11-23 20:36:56,832 - verifier.verifier - Final global state: [<State.Abort: 0>, <State.Lost: 4>, <State.Abort: 0>, <State.Abort: 0>]
[INFO] 2025-11-23 20:36:56,832 - verifier.verifier - Final global state: [<State.Abort: 0>, <State.Lost: 4>, <State.Abort: 0>, <State.Abort: 0>]
[INFO] 2025-11-23 20:36:56,832 - verifier.verifier - Final global state: [<State.Abort: 0>, <State.Lost: 4>, <State.Abort: 0>, <State.Abort: 0>]
[INFO] 2025-11-23 20:36:56,832 - verifier.verifier - Final global state: [<State.Abort: 0>, <State.Lost: 4>, <State.Abort: 0>, <State.Abort: 0>]
[INFO] 2025-11-23 20:36:56,832 - verifier.verifier - Final global state: [<State.Abort: 0>, <State.Lost: 4>, <State.Abort: 0>, <State.Abort: 0>]
[INFO] 2025-11-23 20:36:56,832 - verifier.verifier - Final global state: [<State.Abort: 0>, <State.Lost: 4>, <State.Abort: 0>, <State.Abort: 0>]
[INFO] 2025-11-23 20:36:56,832 - verifier.verifier - Final global state: [<State.Abort: 0>, <State.Abort: 0>, <State.Lost: 4>, <State.Abort: 0>]
[INFO] 2025-11-23 20:36:56,832 - verifier.verifier - Final global state: [<State.Abort: 0>, <State.Abort: 0>, <State.Lost: 4>, <State.Abort: 0>]
[INFO] 2025-11-23 20:36:56,832 - verifier.verifier - Final global state: [<State.Abort: 0>, <State.Abort: 0>, <State.Lost: 4>, <State.Abort: 0>]
[INFO] 2025-11-23 20:36:56,832 - verifier.verifier - Final global state: [<State.Abort: 0>, <State.Abort: 0>, <State.Lost: 4>, <State.Abort: 0>]
[INFO] 2025-11-23 20:36:56,832 - verifier.verifier - Final global state: [<State.Abort: 0>, <State.Abort: 0>, <State.Lost: 4>, <State.Abort: 0>]
[INFO] 2025-11-23 20:36:56,832 - verifier.verifier - Final global state: [<State.Abort: 0>, <State.Abort: 0>, <State.Lost: 4>, <State.Abort: 0>]
[INFO] 2025-11-23 20:36:56,833 - verifier.verifier - Final global state: [<State.Abort: 0>, <State.Abort: 0>, <State.Lost: 4>, <State.Abort: 0>]
[INFO] 2025-11-23 20:36:56,833 - verifier.verifier - Final global state: [<State.Abort: 0>, <State.Abort: 0>, <State.Lost: 4>, <State.Abort: 0>]
[INFO] 2025-11-23 20:36:56,833 - verifier.verifier - Final global state: [<State.Abort: 0>, <State.Abort: 0>, <State.Abort: 0>, <State.Lost: 4>]
[INFO] 2025-11-23 20:36:56,833 - verifier.verifier - Final global state: [<State.Abort: 0>, <State.Abort: 0>, <State.Abort: 0>, <State.Lost: 4>]
[INFO] 2025-11-23 20:36:56,833 - verifier.verifier - Final global state: [<State.Abort: 0>, <State.Abort: 0>, <State.Abort: 0>, <State.Lost: 4>]
[INFO] 2025-11-23 20:36:56,833 - verifier.verifier - Final global state: [<State.Abort: 0>, <State.Abort: 0>, <State.Abort: 0>, <State.Lost: 4>]
[INFO] 2025-11-23 20:36:56,833 - verifier.verifier - Final global state: [<State.Abort: 0>, <State.Abort: 0>, <State.Abort: 0>, <State.Lost: 4>]
[INFO] 2025-11-23 20:36:56,833 - verifier.verifier - Final global state: [<State.Abort: 0>, <State.Abort: 0>, <State.Abort: 0>, <State.Lost: 4>]
[INFO] 2025-11-23 20:36:56,833 - verifier.verifier - Final global state: [<State.Abort: 0>, <State.Abort: 0>, <State.Abort: 0>, <State.Lost: 4>]
[INFO] 2025-11-23 20:36:56,833 - verifier.verifier - Final global state: [<State.Abort: 0>, <State.Abort: 0>, <State.Abort: 0>, <State.Lost: 4>]
[INFO] 2025-11-23 20:36:56,833 - verifier.verifier - Final global state: [<State.Abort: 0>, <State.Abort: 0>, <State.Abort: 0>, <State.Abort: 0>]
[INFO] 2025-11-23 20:36:56,833 - verifier.verifier - Final global state: [<State.Abort: 0>, <State.Abort: 0>, <State.Abort: 0>, <State.Abort: 0>]
[INFO] 2025-11-23 20:36:56,833 - verifier.verifier - Final global state: [<State.Abort: 0>, <State.Abort: 0>, <State.Abort: 0>, <State.Abort: 0>]
[INFO] 2025-11-23 20:36:56,833 - verifier.verifier - Final global state: [<State.Abort: 0>, <State.Abort: 0>, <State.Abort: 0>, <State.Abort: 0>]
[INFO] 2025-11-23 20:36:56,833 - verifier.verifier - Final global state: [<State.Abort: 0>, <State.Abort: 0>, <State.Abort: 0>, <State.Abort: 0>]
[INFO] 2025-11-23 20:36:56,833 - verifier.verifier - Final global state: [<State.Abort: 0>, <State.Abort: 0>, <State.Abort: 0>, <State.Abort: 0>]
[INFO] 2025-11-23 20:36:56,833 - verifier.verifier - Final global state: [<State.Abort: 0>, <State.Abort: 0>, <State.Abort: 0>, <State.Abort: 0>]
[INFO] 2025-11-23 20:36:56,833 - verifier.verifier - Final global state: [<State.Abort: 0>, <State.Abort: 0>, <State.Abort: 0>, <State.Abort: 0>]
[INFO] 2025-11-23 20:36:56,833 - verifier.verifier - Final global state: [<State.Abort: 0>, <State.Abort: 0>, <State.Abort: 0>, <State.Abort: 0>]
[INFO] 2025-11-23 20:36:56,834 - verifier.verifier - Final global state: [<State.Abort: 0>, <State.Abort: 0>, <State.Abort: 0>, <State.Abort: 0>]
[INFO] 2025-11-23 20:36:56,834 - verifier.verifier - Final global state: [<State.Abort: 0>, <State.Abort: 0>, <State.Abort: 0>, <State.Abort: 0>]
[INFO] 2025-11-23 20:36:56,834 - verifier.verifier - Final global state: [<State.Abort: 0>, <State.Abort: 0>, <State.Abort: 0>, <State.Abort: 0>]
[INFO] 2025-11-23 20:36:56,834 - verifier.verifier - Final global state: [<State.Abort: 0>, <State.Abort: 0>, <State.Abort: 0>, <State.Abort: 0>]
[INFO] 2025-11-23 20:36:56,834 - verifier.verifier - Final global state: [<State.Abort: 0>, <State.Abort: 0>, <State.Abort: 0>, <State.Abort: 0>]
[INFO] 2025-11-23 20:36:56,834 - verifier.verifier - Final global state: [<State.Abort: 0>, <State.Abort: 0>, <State.Abort: 0>, <State.Abort: 0>]
[INFO] 2025-11-23 20:36:56,834 - verifier.verifier - Final global state: [<State.Abort: 0>, <State.Abort: 0>, <State.Abort: 0>, <State.Abort: 0>]
[INFO] 2025-11-23 20:36:56,834 - verifier.verifier - Final global state: [<State.Abort: 0>, <State.Abort: 0>, <State.Abort: 0>, <State.Abort: 0>]
[INFO] 2025-11-23 20:36:56,834 - verifier.verifier - Final global state: [<State.Abort: 0>, <State.Abort: 0>, <State.Abort: 0>, <State.Abort: 0>]
[INFO] 2025-11-23 20:36:56,834 - verifier.verifier - Final global state: [<State.Abort: 0>, <State.Abort: 0>, <State.Abort: 0>, <State.Abort: 0>]
[INFO] 2025-11-23 20:36:56,834 - verifier.verifier - Final global state: [<State.Abort: 0>, <State.Abort: 0>, <State.Abort: 0>, <State.Abort: 0>]
[INFO] 2025-11-23 20:36:56,834 - verifier.verifier - Final global state: [<State.Abort: 0>, <State.Abort: 0>, <State.Abort: 0>, <State.Abort: 0>]
[INFO] 2025-11-23 20:36:56,834 - verifier.verifier - Final global state: [<State.Abort: 0>, <State.Abort: 0>, <State.Abort: 0>, <State.Abort: 0>]
[INFO] 2025-11-23 20:36:56,834 - verifier.verifier - Final global state: [<State.Abort: 0>, <State.Abort: 0>, <State.Abort: 0>, <State.Abort: 0>]
[INFO] 2025-11-23 20:36:56,834 - verifier.verifier - Final global state: [<State.Abort: 0>, <State.Abort: 0>, <State.Abort: 0>, <State.Abort: 0>]
[INFO] 2025-11-23 20:36:56,834 - verifier.verifier - Final global state: [<State.Abort: 0>, <State.Abort: 0>, <State.Abort: 0>, <State.Abort: 0>]
[INFO] 2025-11-23 20:36:56,834 - verifier.verifier - Final global state: [<State.Abort: 0>, <State.Abort: 0>, <State.Abort: 0>, <State.Abort: 0>]
[INFO] 2025-11-23 20:36:56,835 - verifier.verifier - Final global state: [<State.Abort: 0>, <State.Abort: 0>, <State.Abort: 0>, <State.Abort: 0>]
[INFO] 2025-11-23 20:36:56,835 - verifier.verifier - Final global state: [<State.Abort: 0>, <State.Abort: 0>, <State.Abort: 0>, <State.Abort: 0>]
[INFO] 2025-11-23 20:36:56,835 - verifier.verifier - Final global state: [<State.Abort: 0>, <State.Abort: 0>, <State.Abort: 0>, <State.Abort: 0>]
[INFO] 2025-11-23 20:36:56,835 - verifier.verifier - Final global state: [<State.Abort: 0>, <State.Abort: 0>, <State.Abort: 0>, <State.Abort: 0>]
[INFO] 2025-11-23 20:36:56,835 - verifier.verifier - Final global state: [<State.Abort: 0>, <State.Abort: 0>, <State.Abort: 0>, <State.Abort: 0>]
[INFO] 2025-11-23 20:36:56,835 - verifier.verifier - Final global state: [<State.Abort: 0>, <State.Abort: 0>, <State.Abort: 0>, <State.Abort: 0>]
[INFO] 2025-11-23 20:36:56,835 - verifier.verifier - Final global state: [<State.Abort: 0>, <State.Abort: 0>, <State.Abort: 0>, <State.Abort: 0>]
[INFO] 2025-11-23 20:36:56,835 - verifier.verifier - Final global state: [<State.Lost: 4>, <State.Abort: 0>, <State.Abort: 0>, <State.Abort: 0>]
[INFO] 2025-11-23 20:36:56,835 - verifier.verifier - Final global state: [<State.Lost: 4>, <State.Abort: 0>, <State.Abort: 0>, <State.Abort: 0>]
[INFO] 2025-11-23 20:36:56,835 - verifier.verifier - Final global state: [<State.Lost: 4>, <State.Abort: 0>, <State.Abort: 0>, <State.Abort: 0>]
[INFO] 2025-11-23 20:36:56,835 - verifier.verifier - Final global state: [<State.Lost: 4>, <State.Abort: 0>, <State.Abort: 0>, <State.Abort: 0>]
[INFO] 2025-11-23 20:36:56,835 - verifier.verifier - Final global state: [<State.Lost: 4>, <State.Abort: 0>, <State.Abort: 0>, <State.Abort: 0>]
[INFO] 2025-11-23 20:36:56,835 - verifier.verifier - Final global state: [<State.Lost: 4>, <State.Abort: 0>, <State.Abort: 0>, <State.Abort: 0>]
[INFO] 2025-11-23 20:36:56,835 - verifier.verifier - Final global state: [<State.Lost: 4>, <State.Abort: 0>, <State.Abort: 0>, <State.Abort: 0>]
[INFO] 2025-11-23 20:36:56,835 - verifier.verifier - Final global state: [<State.Lost: 4>, <State.Abort: 0>, <State.Abort: 0>, <State.Abort: 0>]
[INFO] 2025-11-23 20:36:56,835 - verifier.verifier - Final global state: [<State.Abort: 0>, <State.Lost: 4>, <State.Abort: 0>, <State.Abort: 0>]
[INFO] 2025-11-23 20:36:56,835 - verifier.verifier - Final global state: [<State.Abort: 0>, <State.Lost: 4>, <State.Abort: 0>, <State.Abort: 0>]
[INFO] 2025-11-23 20:36:56,835 - verifier.verifier - Final global state: [<State.Abort: 0>, <State.Lost: 4>, <State.Abort: 0>, <State.Abort: 0>]
[INFO] 2025-11-23 20:36:56,836 - verifier.verifier - Final global state: [<State.Abort: 0>, <State.Lost: 4>, <State.Abort: 0>, <State.Abort: 0>]
[INFO] 2025-11-23 20:36:56,836 - verifier.verifier - Final global state: [<State.Abort: 0>, <State.Lost: 4>, <State.Abort: 0>, <State.Abort: 0>]
[INFO] 2025-11-23 20:36:56,836 - verifier.verifier - Final global state: [<State.Abort: 0>, <State.Lost: 4>, <State.Abort: 0>, <State.Abort: 0>]
[INFO] 2025-11-23 20:36:56,836 - verifier.verifier - Final global state: [<State.Abort: 0>, <State.Lost: 4>, <State.Abort: 0>, <State.Abort: 0>]
[INFO] 2025-11-23 20:36:56,836 - verifier.verifier - Final global state: [<State.Abort: 0>, <State.Lost: 4>, <State.Abort: 0>, <State.Abort: 0>]
[INFO] 2025-11-23 20:36:56,836 - verifier.verifier - Final global state: [<State.Abort: 0>, <State.Abort: 0>, <State.Lost: 4>, <State.Abort: 0>]
[INFO] 2025-11-23 20:36:56,836 - verifier.verifier - Final global state: [<State.Abort: 0>, <State.Abort: 0>, <State.Lost: 4>, <State.Abort: 0>]
[INFO] 2025-11-23 20:36:56,836 - verifier.verifier - Final global state: [<State.Abort: 0>, <State.Abort: 0>, <State.Lost: 4>, <State.Abort: 0>]
[INFO] 2025-11-23 20:36:56,836 - verifier.verifier - Final global state: [<State.Abort: 0>, <State.Abort: 0>, <State.Lost: 4>, <State.Abort: 0>]
[INFO] 2025-11-23 20:36:56,836 - verifier.verifier - Final global state: [<State.Abort: 0>, <State.Abort: 0>, <State.Lost: 4>, <State.Abort: 0>]
[INFO] 2025-11-23 20:36:56,836 - verifier.verifier - Final global state: [<State.Abort: 0>, <State.Abort: 0>, <State.Lost: 4>, <State.Abort: 0>]
[INFO] 2025-11-23 20:36:56,836 - verifier.verifier - Final global state: [<State.Abort: 0>, <State.Abort: 0>, <State.Lost: 4>, <State.Abort: 0>]
[INFO] 2025-11-23 20:36:56,836 - verifier.verifier - Final global state: [<State.Abort: 0>, <State.Abort: 0>, <State.Lost: 4>, <State.Abort: 0>]
[INFO] 2025-11-23 20:36:56,836 - verifier.verifier - Final global state: [<State.Abort: 0>, <State.Abort: 0>, <State.Abort: 0>, <State.Lost: 4>]
[INFO] 2025-11-23 20:36:56,836 - verifier.verifier - Final global state: [<State.Abort: 0>, <State.Abort: 0>, <State.Abort: 0>, <State.Lost: 4>]
[INFO] 2025-11-23 20:36:56,836 - verifier.verifier - Final global state: [<State.Abort: 0>, <State.Abort: 0>, <State.Abort: 0>, <State.Lost: 4>]
[INFO] 2025-11-23 20:36:56,836 - verifier.verifier - Final global state: [<State.Abort: 0>, <State.Abort: 0>, <State.Abort: 0>, <State.Lost: 4>]
[INFO] 2025-11-23 20:36:56,836 - verifier.verifier - Final global state: [<State.Abort: 0>, <State.Abort: 0>, <State.Abort: 0>, <State.Lost: 4>]
[INFO] 2025-11-23 20:36:56,836 - verifier.verifier - Final global state: [<State.Abort: 0>, <State.Abort: 0>, <State.Abort: 0>, <State.Lost: 4>]
[INFO] 2025-11-23 20:36:56,836 - verifier.verifier - Final global state: [<State.Abort: 0>, <State.Abort: 0>, <State.Abort: 0>, <State.Lost: 4>]
[INFO] 2025-11-23 20:36:56,836 - verifier.verifier - Final global state: [<State.Abort: 0>, <State.Abort: 0>, <State.Abort: 0>, <State.Lost: 4>]
[INFO] 2025-11-23 20:36:56,837 - verifier.verifier - Final global state: [<State.Commit: 1>, <State.Commit: 1>, <State.Commit: 1>, <State.Commit: 1>]
[INFO] 2025-11-23 20:36:56,837 - verifier.verifier - Final global state: [<State.Commit: 1>, <State.Commit: 1>, <State.Commit: 1>, <State.Commit: 1>]
[INFO] 2025-11-23 20:36:56,837 - verifier.verifier - Final global state: [<State.Commit: 1>, <State.Commit: 1>, <State.Commit: 1>, <State.Commit: 1>]
[INFO] 2025-11-23 20:36:56,837 - verifier.verifier - Final global state: [<State.Commit: 1>, <State.Commit: 1>, <State.Commit: 1>, <State.Commit: 1>]
[INFO] 2025-11-23 20:36:56,837 - verifier.verifier - Final global state: [<State.Commit: 1>, <State.Commit: 1>, <State.Commit: 1>, <State.Commit: 1>]
[INFO] 2025-11-23 20:36:56,837 - verifier.verifier - Final global state: [<State.Commit: 1>, <State.Commit: 1>, <State.Commit: 1>, <State.Commit: 1>]
[INFO] 2025-11-23 20:36:56,837 - verifier.verifier - Final global state: [<State.Commit: 1>, <State.Commit: 1>, <State.Commit: 1>, <State.Commit: 1>]
[INFO] 2025-11-23 20:36:56,837 - verifier.verifier - Final global state: [<State.Commit: 1>, <State.Commit: 1>, <State.Commit: 1>, <State.Commit: 1>]
[INFO] 2025-11-23 20:36:56,837 - verifier.verifier - Final global state: [<State.Commit: 1>, <State.Commit: 1>, <State.Commit: 1>, <State.Commit: 1>]
[INFO] 2025-11-23 20:36:56,837 - verifier.verifier - Final global state: [<State.Commit: 1>, <State.Commit: 1>, <State.Commit: 1>, <State.Commit: 1>]
[INFO] 2025-11-23 20:36:56,837 - verifier.verifier - Final global state: [<State.Commit: 1>, <State.Commit: 1>, <State.Commit: 1>, <State.Commit: 1>]
[INFO] 2025-11-23 20:36:56,837 - verifier.verifier - Final global state: [<State.Commit: 1>, <State.Commit: 1>, <State.Commit: 1>, <State.Commit: 1>]
[INFO] 2025-11-23 20:36:56,837 - verifier.verifier - Final global state: [<State.Commit: 1>, <State.Commit: 1>, <State.Commit: 1>, <State.Commit: 1>]
[INFO] 2025-11-23 20:36:56,837 - verifier.verifier - Final global state: [<State.Commit: 1>, <State.Commit: 1>, <State.Commit: 1>, <State.Commit: 1>]
[INFO] 2025-11-23 20:36:56,837 - verifier.verifier - Final global state: [<State.Commit: 1>, <State.Commit: 1>, <State.Commit: 1>, <State.Commit: 1>]
[INFO] 2025-11-23 20:36:56,837 - verifier.verifier - Final global state: [<State.Commit: 1>, <State.Commit: 1>, <State.Commit: 1>, <State.Commit: 1>]
[INFO] 2025-11-23 20:36:56,837 - verifier.verifier - Final global state: [<State.Commit: 1>, <State.Commit: 1>, <State.Commit: 1>, <State.Commit: 1>]
[INFO] 2025-11-23 20:36:56,838 - verifier.verifier - Final global state: [<State.Commit: 1>, <State.Commit: 1>, <State.Commit: 1>, <State.Commit: 1>]
[INFO] 2025-11-23 20:36:56,838 - verifier.verifier - Final global state: [<State.Commit: 1>, <State.Commit: 1>, <State.Commit: 1>, <State.Commit: 1>]
[INFO] 2025-11-23 20:36:56,838 - verifier.verifier - Final global state: [<State.Commit: 1>, <State.Commit: 1>, <State.Commit: 1>, <State.Commit: 1>]
[INFO] 2025-11-23 20:36:56,838 - verifier.verifier - Final global state: [<State.Commit: 1>, <State.Commit: 1>, <State.Commit: 1>, <State.Commit: 1>]
[INFO] 2025-11-23 20:36:56,838 - verifier.verifier - Final global state: [<State.Commit: 1>, <State.Commit: 1>, <State.Commit: 1>, <State.Commit: 1>]
[INFO] 2025-11-23 20:36:56,838 - verifier.verifier - Final global state: [<State.Commit: 1>, <State.Commit: 1>, <State.Commit: 1>, <State.Commit: 1>]
[INFO] 2025-11-23 20:36:56,838 - verifier.verifier - Final global state: [<State.Commit: 1>, <State.Commit: 1>, <State.Commit: 1>, <State.Commit: 1>]
[INFO] 2025-11-23 20:36:56,838 - verifier.verifier - Final global state: [<State.Commit: 1>, <State.Commit: 1>, <State.Commit: 1>, <State.Commit: 1>]
[INFO] 2025-11-23 20:36:56,838 - verifier.verifier - Final global state: [<State.Commit: 1>, <State.Commit: 1>, <State.Commit: 1>, <State.Commit: 1>]
[INFO] 2025-11-23 20:36:56,838 - verifier.verifier - Final global state: [<State.Commit: 1>, <State.Commit: 1>, <State.Commit: 1>, <State.Commit: 1>]
[INFO] 2025-11-23 20:36:56,838 - verifier.verifier - Final global state: [<State.Commit: 1>, <State.Commit: 1>, <State.Commit: 1>, <State.Commit: 1>]
[INFO] 2025-11-23 20:36:56,838 - verifier.verifier - Final global state: [<State.Commit: 1>, <State.Commit: 1>, <State.Commit: 1>, <State.Commit: 1>]
[INFO] 2025-11-23 20:36:56,838 - verifier.verifier - Final global state: [<State.Commit: 1>, <State.Commit: 1>, <State.Commit: 1>, <State.Commit: 1>]
[INFO] 2025-11-23 20:36:56,838 - verifier.verifier - Final global state: [<State.Commit: 1>, <State.Commit: 1>, <State.Commit: 1>, <State.Commit: 1>]
[INFO] 2025-11-23 20:36:56,838 - verifier.verifier - Final global state: [<State.Commit: 1>, <State.Commit: 1>, <State.Commit: 1>, <State.Commit: 1>]
[INFO] 2025-11-23 20:36:56,838 - verifier.verifier - Final global state: [<State.Commit: 1>, <State.Commit: 1>, <State.Commit: 1>, <State.Commit: 1>]
[INFO] 2025-11-23 20:36:56,838 - verifier.verifier - Final global state: [<State.Lost: 4>, <State.Abort: 0>, <State.Abort: 0>, <State.Abort: 0>]
[INFO] 2025-11-23 20:36:56,838 - verifier.verifier - Final global state: [<State.Lost: 4>, <State.Abort: 0>, <State.Abort: 0>, <State.Abort: 0>]
[INFO] 2025-11-23 20:36:56,839 - verifier.verifier - Final global state: [<State.Lost: 4>, <State.Abort: 0>, <State.Abort: 0>, <State.Abort: 0>]
[INFO] 2025-11-23 20:36:56,839 - verifier.verifier - Final global state: [<State.Lost: 4>, <State.Abort: 0>, <State.Abort: 0>, <State.Abort: 0>]
[INFO] 2025-11-23 20:36:56,839 - verifier.verifier - Final global state: [<State.Lost: 4>, <State.Abort: 0>, <State.Abort: 0>, <State.Abort: 0>]
[INFO] 2025-11-23 20:36:56,839 - verifier.verifier - Final global state: [<State.Lost: 4>, <State.Abort: 0>, <State.Abort: 0>, <State.Abort: 0>]
[INFO] 2025-11-23 20:36:56,839 - verifier.verifier - Final global state: [<State.Lost: 4>, <State.Abort: 0>, <State.Abort: 0>, <State.Abort: 0>]
[INFO] 2025-11-23 20:36:56,839 - verifier.verifier - Final global state: [<State.Lost: 4>, <State.Commit: 1>, <State.Commit: 1>, <State.Commit: 1>]
[INFO] 2025-11-23 20:36:56,839 - verifier.verifier - Final global state: [<State.Abort: 0>, <State.Lost: 4>, <State.Abort: 0>, <State.Abort: 0>]
[INFO] 2025-11-23 20:36:56,839 - verifier.verifier - Final global state: [<State.Abort: 0>, <State.Lost: 4>, <State.Abort: 0>, <State.Abort: 0>]
[INFO] 2025-11-23 20:36:56,839 - verifier.verifier - Final global state: [<State.Abort: 0>, <State.Lost: 4>, <State.Abort: 0>, <State.Abort: 0>]
[INFO] 2025-11-23 20:36:56,839 - verifier.verifier - Final global state: [<State.Abort: 0>, <State.Lost: 4>, <State.Abort: 0>, <State.Abort: 0>]
[INFO] 2025-11-23 20:36:56,839 - verifier.verifier - Final global state: [<State.Abort: 0>, <State.Lost: 4>, <State.Abort: 0>, <State.Abort: 0>]
[INFO] 2025-11-23 20:36:56,839 - verifier.verifier - Final global state: [<State.Abort: 0>, <State.Lost: 4>, <State.Abort: 0>, <State.Abort: 0>]
[INFO] 2025-11-23 20:36:56,839 - verifier.verifier - Final global state: [<State.Abort: 0>, <State.Lost: 4>, <State.Abort: 0>, <State.Abort: 0>]
[INFO] 2025-11-23 20:36:56,839 - verifier.verifier - Final global state: [<State.Commit: 1>, <State.Lost: 4>, <State.Commit: 1>, <State.Commit: 1>]
[INFO] 2025-11-23 20:36:56,839 - verifier.verifier - Final global state: [<State.Abort: 0>, <State.Abort: 0>, <State.Lost: 4>, <State.Abort: 0>]
[INFO] 2025-11-23 20:36:56,839 - verifier.verifier - Final global state: [<State.Abort: 0>, <State.Abort: 0>, <State.Lost: 4>, <State.Abort: 0>]
[INFO] 2025-11-23 20:36:56,839 - verifier.verifier - Final global state: [<State.Abort: 0>, <State.Abort: 0>, <State.Lost: 4>, <State.Abort: 0>]
[INFO] 2025-11-23 20:36:56,839 - verifier.verifier - Final global state: [<State.Abort: 0>, <State.Abort: 0>, <State.Lost: 4>, <State.Abort: 0>]
[INFO] 2025-11-23 20:36:56,839 - verifier.verifier - Final global state: [<State.Abort: 0>, <State.Abort: 0>, <State.Lost: 4>, <State.Abort: 0>]
[INFO] 2025-11-23 20:36:56,839 - verifier.verifier - Final global state: [<State.Abort: 0>, <State.Abort: 0>, <State.Lost: 4>, <State.Abort: 0>]
[INFO] 2025-11-23 20:36:56,839 - verifier.verifier - Final global state: [<State.Abort: 0>, <State.Abort: 0>, <State.Lost: 4>, <State.Abort: 0>]
[INFO] 2025-11-23 20:36:56,840 - verifier.verifier - Final global state: [<State.Commit: 1>, <State.Commit: 1>, <State.Lost: 4>, <State.Commit: 1>]
[INFO] 2025-11-23 20:36:56,840 - verifier.verifier - Final global state: [<State.Abort: 0>, <State.Abort: 0>, <State.Abort: 0>, <State.Lost: 4>]
[INFO] 2025-11-23 20:36:56,840 - verifier.verifier - Final global state: [<State.Abort: 0>, <State.Abort: 0>, <State.Abort: 0>, <State.Lost: 4>]
[INFO] 2025-11-23 20:36:56,840 - verifier.verifier - Final global state: [<State.Abort: 0>, <State.Abort: 0>, <State.Abort: 0>, <State.Lost: 4>]
[INFO] 2025-11-23 20:36:56,840 - verifier.verifier - Final global state: [<State.Abort: 0>, <State.Abort: 0>, <State.Abort: 0>, <State.Lost: 4>]
[INFO] 2025-11-23 20:36:56,840 - verifier.verifier - Final global state: [<State.Abort: 0>, <State.Abort: 0>, <State.Abort: 0>, <State.Lost: 4>]
[INFO] 2025-11-23 20:36:56,840 - verifier.verifier - Final global state: [<State.Abort: 0>, <State.Abort: 0>, <State.Abort: 0>, <State.Lost: 4>]
[INFO] 2025-11-23 20:36:56,840 - verifier.verifier - Final global state: [<State.Abort: 0>, <State.Abort: 0>, <State.Abort: 0>, <State.Lost: 4>]
[INFO] 2025-11-23 20:36:56,840 - verifier.verifier - Final global state: [<State.Commit: 1>, <State.Commit: 1>, <State.Commit: 1>, <State.Lost: 4>]
[INFO] 2025-11-23 20:36:56,840 - verifier.verifier - Evaluation for protocol <atomic_commit> completed.
[INFO] 2025-11-23 20:36:56,840 - verifier.verifier - Setting: players=4, rounds=2
[INFO] 2025-11-23 20:36:56,840 - verifier.verifier - Result: 0 failed cases out of 1040 total cases.
[INFO] 2025-11-23 20:36:56,840 - verifier.verifier - Accumulated reward: 1077
[INFO] 2025-11-23 20:36:56,840 - main - Evaluation completed successfully.
